{
  "type": "FeatureCollection",
  "name": "sql_statement",
  "crs": {
    "type": "name",
    "properties": {
      "name": "urn:ogc:def:crs:OGC:1.3:CRS84"
    }
  },
  "features": [
    {
      "type": "Feature",
      "properties": {
        "DataHora": "2015/01/01 17:05:00",
        "Satelite": "AQUA_M-T",
        "Pais": "Brasil",
        "Estado": "TOCANTINS",
        "Municipio": "CASEARA",
        "Bioma": "Cerrado",
        "DiaSemChuva": 0,
        "Precipitacao": 0.0,
        "RiscoFogo": 0.0,
        "FRP": 4.9,
        "Latitude": -9.248,
        "Longitude": -49.795
      },
      "geometry": {
        "type": "Point",
        "coordinates": [
          -49.795,
          -9.248
        ]
      }
    },
    {
      "type": "Feature",
      "properties": {
        "DataHora": "2015/01/03 16:52:00",
        "Satelite": "AQUA_M-T",
        "Pais": "Brasil",
        "Estado": "TOCANTINS",
        "Municipio": "CASEARA",
        "Bioma": "Cerrado",
        "DiaSemChuva": 2,
        "Precipitacao": 0.3,
        "RiscoFogo": 0.4,
        "FRP": 10.5,
        "Latitude": -9.616,
        "Longitude": -49.973
      },
      "geometry": {
        "type": "Point",
        "coordinates": [
          -49.973,
          -9.616
        ]
      }
    },
    {
      "type": "Feature",
      "properties": {
        "DataHora": "2015/01/10 16:59:00",
        "Satelite": "AQUA_M-T",
        "Pais": "Brasil",
        "Estado": "TOCANTINS",
        "Municipio": "CASEARA",
        "Bioma": "Cerrado",
        "DiaSemChuva": 0,
        "Precipitacao": 16.0,
        "RiscoFogo": 0.0,
        "FRP": 9.6,
        "Latitude": -9.38,
        "Longitude": -49.819
      },
      "geometry": {
        "type": "Point",
        "coordinates": [
          -49.819,
          -9.38
        ]
      }
    },
    {
      "type": "Feature",
      "properties": {
        "DataHora": "2015/01/28 16:47:00",
        "Satelite": "AQUA_M-T",
        "Pais": "Brasil",
        "Estado": "TOCANTINS",
        "Municipio": "CASEARA",
        "Bioma": "Cerrado",
        "DiaSemChuva": 0,
        "Precipitacao": 0.0,
        "RiscoFogo": 0.0,
        "FRP": 17.4,
        "Latitude": -9.196,
        "Longitude": -49.762
      },
      "geometry": {
        "type": "Point",
        "coordinates": [
          -49.762,
          -9.196
        ]
      }
    },
    {
      "type": "Feature",
      "properties": {
        "DataHora": "2015/02/15 16:34:00",
        "Satelite": "AQUA_M-T",
        "Pais": "Brasil",
        "Estado": "TOCANTINS",
        "Municipio": "CASEARA",
        "Bioma": "Cerrado",
        "DiaSemChuva": 2,
        "Precipitacao": 0.0,
        "RiscoFogo": 0.0,
        "FRP": 19.3,
        "Latitude": -9.571,
        "Longitude": -49.733
      },
      "geometry": {
        "type": "Point",
        "coordinates": [
          -49.733,
          -9.571
        ]
      }
    },
    {
      "type": "Feature",
      "properties": {
        "DataHora": "2015/03/03 16:34:00",
        "Satelite": "AQUA_M-T",
        "Pais": "Brasil",
        "Estado": "TOCANTINS",
        "Municipio": "CASEARA",
        "Bioma": "Cerrado",
        "DiaSemChuva": 0,
        "Precipitacao": 0.5,
        "RiscoFogo": 0.0,
        "FRP": 25.4,
        "Latitude": -9.483,
        "Longitude": -49.904
      },
      "geometry": {
        "type": "Point",
        "coordinates": [
          -49.904,
          -9.483
        ]
      }
    },
    {
      "type": "Feature",
      "properties": {
        "DataHora": "2015/03/24 16:53:00",
        "Satelite": "AQUA_M-T",
        "Pais": "Brasil",
        "Estado": "TOCANTINS",
        "Municipio": "CASEARA",
        "Bioma": "Cerrado",
        "DiaSemChuva": 0,
        "Precipitacao": 2.6,
        "RiscoFogo": 0.0,
        "FRP": 9.6,
        "Latitude": -9.393,
        "Longitude": -49.861
      },
      "geometry": {
        "type": "Point",
        "coordinates": [
          -49.861,
          -9.393
        ]
      }
    },
    {
      "type": "Feature",
      "properties": {
        "DataHora": "2015/03/28 16:28:00",
        "Satelite": "AQUA_M-T",
        "Pais": "Brasil",
        "Estado": "TOCANTINS",
        "Municipio": "CASEARA",
        "Bioma": "Cerrado",
        "DiaSemChuva": 2,
        "Precipitacao": 0.1,
        "RiscoFogo": 0.0,
        "FRP": 35.2,
        "Latitude": -9.535,
        "Longitude": -49.739
      },
      "geometry": {
        "type": "Point",
        "coordinates": [
          -49.739,
          -9.535
        ]
      }
    },
    {
      "type": "Feature",
      "properties": {
        "DataHora": "2015/04/25 16:53:00",
        "Satelite": "AQUA_M-T",
        "Pais": "Brasil",
        "Estado": "TOCANTINS",
        "Municipio": "CASEARA",
        "Bioma": "Cerrado",
        "DiaSemChuva": 0,
        "Precipitacao": 0.0,
        "RiscoFogo": 0.2,
        "FRP": 3.5,
        "Latitude": -9.614,
        "Longitude": -49.976
      },
      "geometry": {
        "type": "Point",
        "coordinates": [
          -49.976,
          -9.614
        ]
      }
    },
    {
      "type": "Feature",
      "properties": {
        "DataHora": "2015/05/14 17:24:00",
        "Satelite": "AQUA_M-T",
        "Pais": "Brasil",
        "Estado": "TOCANTINS",
        "Municipio": "CASEARA",
        "Bioma": "Cerrado",
        "DiaSemChuva": 2,
        "Precipitacao": 0.0,
        "RiscoFogo": 0.1,
        "FRP": 15.7,
        "Latitude": -9.564,
        "Longitude": -49.876
      },
      "geometry": {
        "type": "Point",
        "coordinates": [
          -49.876,
          -9.564
        ]
      }
    },
    {
      "type": "Feature",
      "properties": {
        "DataHora": "2015/05/16 17:11:00",
        "Satelite": "AQUA_M-T",
        "Pais": "Brasil",
        "Estado": "TOCANTINS",
        "Municipio": "CASEARA",
        "Bioma": "Cerrado",
        "DiaSemChuva": 4,
        "Precipitacao": 0.0,
        "RiscoFogo": 0.4,
        "FRP": 33.3,
        "Latitude": -9.288,
        "Longitude": -49.872
      },
      "geometry": {
        "type": "Point",
        "coordinates": [
          -49.872,
          -9.288
        ]
      }
    },
    {
      "type": "Feature",
      "properties": {
        "DataHora": "2015/05/16 17:11:00",
        "Satelite": "AQUA_M-T",
        "Pais": "Brasil",
        "Estado": "TOCANTINS",
        "Municipio": "CASEARA",
        "Bioma": "Cerrado",
        "DiaSemChuva": 4,
        "Precipitacao": 0.0,
        "RiscoFogo": 0.5,
        "FRP": 8.5,
        "Latitude": -9.289,
        "Longitude": -49.883
      },
      "geometry": {
        "type": "Point",
        "coordinates": [
          -49.883,
          -9.289
        ]
      }
    },
    {
      "type": "Feature",
      "properties": {
        "DataHora": "2015/05/18 16:59:00",
        "Satelite": "AQUA_M-T",
        "Pais": "Brasil",
        "Estado": "TOCANTINS",
        "Municipio": "CASEARA",
        "Bioma": "Cerrado",
        "DiaSemChuva": 6,
        "Precipitacao": 0.0,
        "RiscoFogo": 0.6,
        "FRP": 5.7,
        "Latitude": -9.285,
        "Longitude": -49.873
      },
      "geometry": {
        "type": "Point",
        "coordinates": [
          -49.873,
          -9.285
        ]
      }
    },
    {
      "type": "Feature",
      "properties": {
        "DataHora": "2015/05/23 17:17:00",
        "Satelite": "AQUA_M-T",
        "Pais": "Brasil",
        "Estado": "TOCANTINS",
        "Municipio": "CASEARA",
        "Bioma": "Cerrado",
        "DiaSemChuva": 11,
        "Precipitacao": 0.0,
        "RiscoFogo": 0.8,
        "FRP": 14.9,
        "Latitude": -9.44,
        "Longitude": -49.902
      },
      "geometry": {
        "type": "Point",
        "coordinates": [
          -49.902,
          -9.44
        ]
      }
    },
    {
      "type": "Feature",
      "properties": {
        "DataHora": "2015/05/28 17:36:00",
        "Satelite": "AQUA_M-T",
        "Pais": "Brasil",
        "Estado": "TOCANTINS",
        "Municipio": "CASEARA",
        "Bioma": "Cerrado",
        "DiaSemChuva": 15,
        "Precipitacao": 1.1,
        "RiscoFogo": 0.7,
        "FRP": 55.7,
        "Latitude": -9.59,
        "Longitude": -49.765
      },
      "geometry": {
        "type": "Point",
        "coordinates": [
          -49.765,
          -9.59
        ]
      }
    },
    {
      "type": "Feature",
      "properties": {
        "DataHora": "2015/06/03 16:59:00",
        "Satelite": "AQUA_M-T",
        "Pais": "Brasil",
        "Estado": "TOCANTINS",
        "Municipio": "CASEARA",
        "Bioma": "Cerrado",
        "DiaSemChuva": 6,
        "Precipitacao": 0.0,
        "RiscoFogo": 0.8,
        "FRP": 17.2,
        "Latitude": -9.566,
        "Longitude": -49.871
      },
      "geometry": {
        "type": "Point",
        "coordinates": [
          -49.871,
          -9.566
        ]
      }
    },
    {
      "type": "Feature",
      "properties": {
        "DataHora": "2015/06/17 17:11:00",
        "Satelite": "AQUA_M-T",
        "Pais": "Brasil",
        "Estado": "TOCANTINS",
        "Municipio": "CASEARA",
        "Bioma": "Cerrado",
        "DiaSemChuva": 13,
        "Precipitacao": 0.0,
        "RiscoFogo": 1.0,
        "FRP": 29.5,
        "Latitude": -9.515,
        "Longitude": -49.718
      },
      "geometry": {
        "type": "Point",
        "coordinates": [
          -49.718,
          -9.515
        ]
      }
    },
    {
      "type": "Feature",
      "properties": {
        "DataHora": "2015/06/17 17:11:00",
        "Satelite": "AQUA_M-T",
        "Pais": "Brasil",
        "Estado": "TOCANTINS",
        "Municipio": "CASEARA",
        "Bioma": "Cerrado",
        "DiaSemChuva": 7,
        "Precipitacao": 0.0,
        "RiscoFogo": 0.9,
        "FRP": 15.2,
        "Latitude": -9.42,
        "Longitude": -49.896
      },
      "geometry": {
        "type": "Point",
        "coordinates": [
          -49.896,
          -9.42
        ]
      }
    },
    {
      "type": "Feature",
      "properties": {
        "DataHora": "2015/06/17 17:11:00",
        "Satelite": "AQUA_M-T",
        "Pais": "Brasil",
        "Estado": "TOCANTINS",
        "Municipio": "CASEARA",
        "Bioma": "Cerrado",
        "DiaSemChuva": 12,
        "Precipitacao": 0.0,
        "RiscoFogo": 1.0,
        "FRP": 72.0,
        "Latitude": -9.515,
        "Longitude": -49.711
      },
      "geometry": {
        "type": "Point",
        "coordinates": [
          -49.711,
          -9.515
        ]
      }
    },
    {
      "type": "Feature",
      "properties": {
        "DataHora": "2015/06/17 17:11:00",
        "Satelite": "AQUA_M-T",
        "Pais": "Brasil",
        "Estado": "TOCANTINS",
        "Municipio": "CASEARA",
        "Bioma": "Cerrado",
        "DiaSemChuva": 13,
        "Precipitacao": 0.0,
        "RiscoFogo": 1.0,
        "FRP": 21.4,
        "Latitude": -9.517,
        "Longitude": -49.723
      },
      "geometry": {
        "type": "Point",
        "coordinates": [
          -49.723,
          -9.517
        ]
      }
    },
    {
      "type": "Feature",
      "properties": {
        "DataHora": "2015/06/17 17:11:00",
        "Satelite": "AQUA_M-T",
        "Pais": "Brasil",
        "Estado": "TOCANTINS",
        "Municipio": "CASEARA",
        "Bioma": "Cerrado",
        "DiaSemChuva": 7,
        "Precipitacao": 0.0,
        "RiscoFogo": 0.9,
        "FRP": 9.8,
        "Latitude": -9.429,
        "Longitude": -49.894
      },
      "geometry": {
        "type": "Point",
        "coordinates": [
          -49.894,
          -9.429
        ]
      }
    },
    {
      "type": "Feature",
      "properties": {
        "DataHora": "2015/06/17 17:11:00",
        "Satelite": "AQUA_M-T",
        "Pais": "Brasil",
        "Estado": "TOCANTINS",
        "Municipio": "CASEARA",
        "Bioma": "Cerrado",
        "DiaSemChuva": 12,
        "Precipitacao": 0.0,
        "RiscoFogo": 0.9,
        "FRP": 23.7,
        "Latitude": -9.513,
        "Longitude": -49.707
      },
      "geometry": {
        "type": "Point",
        "coordinates": [
          -49.707,
          -9.513
        ]
      }
    },
    {
      "type": "Feature",
      "properties": {
        "DataHora": "2015/06/19 16:59:00",
        "Satelite": "AQUA_M-T",
        "Pais": "Brasil",
        "Estado": "TOCANTINS",
        "Municipio": "CASEARA",
        "Bioma": "Cerrado",
        "DiaSemChuva": 30,
        "Precipitacao": 0.0,
        "RiscoFogo": 1.0,
        "FRP": 54.3,
        "Latitude": -9.245,
        "Longitude": -49.896
      },
      "geometry": {
        "type": "Point",
        "coordinates": [
          -49.896,
          -9.245
        ]
      }
    },
    {
      "type": "Feature",
      "properties": {
        "DataHora": "2015/06/19 16:59:00",
        "Satelite": "AQUA_M-T",
        "Pais": "Brasil",
        "Estado": "TOCANTINS",
        "Municipio": "CASEARA",
        "Bioma": "Cerrado",
        "DiaSemChuva": 9,
        "Precipitacao": 0.0,
        "RiscoFogo": 0.9,
        "FRP": 11.3,
        "Latitude": -9.42,
        "Longitude": -49.895
      },
      "geometry": {
        "type": "Point",
        "coordinates": [
          -49.895,
          -9.42
        ]
      }
    },
    {
      "type": "Feature",
      "properties": {
        "DataHora": "2015/06/26 17:05:00",
        "Satelite": "AQUA_M-T",
        "Pais": "Brasil",
        "Estado": "TOCANTINS",
        "Municipio": "CASEARA",
        "Bioma": "Cerrado",
        "DiaSemChuva": 36,
        "Precipitacao": 0.0,
        "RiscoFogo": 0.8,
        "FRP": 10.0,
        "Latitude": -9.305,
        "Longitude": -49.742
      },
      "geometry": {
        "type": "Point",
        "coordinates": [
          -49.742,
          -9.305
        ]
      }
    },
    {
      "type": "Feature",
      "properties": {
        "DataHora": "2015/06/26 17:05:00",
        "Satelite": "AQUA_M-T",
        "Pais": "Brasil",
        "Estado": "TOCANTINS",
        "Municipio": "CASEARA",
        "Bioma": "Cerrado",
        "DiaSemChuva": 28,
        "Precipitacao": 0.0,
        "RiscoFogo": 1.0,
        "FRP": 18.5,
        "Latitude": -9.544,
        "Longitude": -49.813
      },
      "geometry": {
        "type": "Point",
        "coordinates": [
          -49.813,
          -9.544
        ]
      }
    },
    {
      "type": "Feature",
      "properties": {
        "DataHora": "2015/06/26 17:05:00",
        "Satelite": "AQUA_M-T",
        "Pais": "Brasil",
        "Estado": "TOCANTINS",
        "Municipio": "CASEARA",
        "Bioma": "Cerrado",
        "DiaSemChuva": 28,
        "Precipitacao": 0.0,
        "RiscoFogo": 0.9,
        "FRP": 16.4,
        "Latitude": -9.543,
        "Longitude": -49.804
      },
      "geometry": {
        "type": "Point",
        "coordinates": [
          -49.804,
          -9.543
        ]
      }
    },
    {
      "type": "Feature",
      "properties": {
        "DataHora": "2015/06/26 17:05:00",
        "Satelite": "AQUA_M-T",
        "Pais": "Brasil",
        "Estado": "TOCANTINS",
        "Municipio": "CASEARA",
        "Bioma": "Cerrado",
        "DiaSemChuva": 37,
        "Precipitacao": 0.0,
        "RiscoFogo": 0.9,
        "FRP": 17.9,
        "Latitude": -9.296,
        "Longitude": -49.744
      },
      "geometry": {
        "type": "Point",
        "coordinates": [
          -49.744,
          -9.296
        ]
      }
    },
    {
      "type": "Feature",
      "properties": {
        "DataHora": "2015/07/01 17:23:00",
        "Satelite": "AQUA_M-T",
        "Pais": "Brasil",
        "Estado": "TOCANTINS",
        "Municipio": "CASEARA",
        "Bioma": "Cerrado",
        "DiaSemChuva": 27,
        "Precipitacao": 0.0,
        "RiscoFogo": 1.0,
        "FRP": 25.4,
        "Latitude": -9.517,
        "Longitude": -49.724
      },
      "geometry": {
        "type": "Point",
        "coordinates": [
          -49.724,
          -9.517
        ]
      }
    },
    {
      "type": "Feature",
      "properties": {
        "DataHora": "2015/07/03 17:11:00",
        "Satelite": "AQUA_M-T",
        "Pais": "Brasil",
        "Estado": "TOCANTINS",
        "Municipio": "CASEARA",
        "Bioma": "Cerrado",
        "DiaSemChuva": 33,
        "Precipitacao": 0.0,
        "RiscoFogo": 1.0,
        "FRP": 17.1,
        "Latitude": -9.542,
        "Longitude": -49.812
      },
      "geometry": {
        "type": "Point",
        "coordinates": [
          -49.812,
          -9.542
        ]
      }
    },
    {
      "type": "Feature",
      "properties": {
        "DataHora": "2015/07/05 16:59:00",
        "Satelite": "AQUA_M-T",
        "Pais": "Brasil",
        "Estado": "TOCANTINS",
        "Municipio": "CASEARA",
        "Bioma": "Cerrado",
        "DiaSemChuva": 35,
        "Precipitacao": 0.0,
        "RiscoFogo": 1.0,
        "FRP": 10.4,
        "Latitude": -9.532,
        "Longitude": -49.752
      },
      "geometry": {
        "type": "Point",
        "coordinates": [
          -49.752,
          -9.532
        ]
      }
    },
    {
      "type": "Feature",
      "properties": {
        "DataHora": "2015/07/05 16:59:00",
        "Satelite": "AQUA_M-T",
        "Pais": "Brasil",
        "Estado": "TOCANTINS",
        "Municipio": "CASEARA",
        "Bioma": "Cerrado",
        "DiaSemChuva": 34,
        "Precipitacao": 0.0,
        "RiscoFogo": 1.0,
        "FRP": 12.8,
        "Latitude": -9.53,
        "Longitude": -49.743
      },
      "geometry": {
        "type": "Point",
        "coordinates": [
          -49.743,
          -9.53
        ]
      }
    },
    {
      "type": "Feature",
      "properties": {
        "DataHora": "2015/07/08 17:29:00",
        "Satelite": "AQUA_M-T",
        "Pais": "Brasil",
        "Estado": "TOCANTINS",
        "Municipio": "CASEARA",
        "Bioma": "Cerrado",
        "DiaSemChuva": 3,
        "Precipitacao": 0.3,
        "RiscoFogo": 0.0,
        "FRP": 62.5,
        "Latitude": -9.466,
        "Longitude": -49.795
      },
      "geometry": {
        "type": "Point",
        "coordinates": [
          -49.795,
          -9.466
        ]
      }
    },
    {
      "type": "Feature",
      "properties": {
        "DataHora": "2015/07/10 17:17:00",
        "Satelite": "AQUA_M-T",
        "Pais": "Brasil",
        "Estado": "TOCANTINS",
        "Municipio": "CASEARA",
        "Bioma": "Cerrado",
        "DiaSemChuva": 2,
        "Precipitacao": 0.0,
        "RiscoFogo": 0.1,
        "FRP": 65.3,
        "Latitude": -9.47,
        "Longitude": -49.802
      },
      "geometry": {
        "type": "Point",
        "coordinates": [
          -49.802,
          -9.47
        ]
      }
    },
    {
      "type": "Feature",
      "properties": {
        "DataHora": "2015/07/10 17:17:00",
        "Satelite": "AQUA_M-T",
        "Pais": "Brasil",
        "Estado": "TOCANTINS",
        "Municipio": "CASEARA",
        "Bioma": "Cerrado",
        "DiaSemChuva": 3,
        "Precipitacao": 0.0,
        "RiscoFogo": 0.1,
        "FRP": 27.5,
        "Latitude": -9.443,
        "Longitude": -49.784
      },
      "geometry": {
        "type": "Point",
        "coordinates": [
          -49.784,
          -9.443
        ]
      }
    },
    {
      "type": "Feature",
      "properties": {
        "DataHora": "2015/07/10 17:17:00",
        "Satelite": "AQUA_M-T",
        "Pais": "Brasil",
        "Estado": "TOCANTINS",
        "Municipio": "CASEARA",
        "Bioma": "Cerrado",
        "DiaSemChuva": 3,
        "Precipitacao": 0.0,
        "RiscoFogo": 0.1,
        "FRP": 31.2,
        "Latitude": -9.446,
        "Longitude": -49.792
      },
      "geometry": {
        "type": "Point",
        "coordinates": [
          -49.792,
          -9.446
        ]
      }
    },
    {
      "type": "Feature",
      "properties": {
        "DataHora": "2015/07/10 17:17:00",
        "Satelite": "AQUA_M-T",
        "Pais": "Brasil",
        "Estado": "TOCANTINS",
        "Municipio": "CASEARA",
        "Bioma": "Cerrado",
        "DiaSemChuva": 2,
        "Precipitacao": 0.0,
        "RiscoFogo": 0.1,
        "FRP": 96.3,
        "Latitude": -9.468,
        "Longitude": -49.788
      },
      "geometry": {
        "type": "Point",
        "coordinates": [
          -49.788,
          -9.468
        ]
      }
    },
    {
      "type": "Feature",
      "properties": {
        "DataHora": "2015/07/10 17:17:00",
        "Satelite": "AQUA_M-T",
        "Pais": "Brasil",
        "Estado": "TOCANTINS",
        "Municipio": "CASEARA",
        "Bioma": "Cerrado",
        "DiaSemChuva": 2,
        "Precipitacao": 0.0,
        "RiscoFogo": 0.2,
        "FRP": 23.7,
        "Latitude": -9.457,
        "Longitude": -49.79
      },
      "geometry": {
        "type": "Point",
        "coordinates": [
          -49.79,
          -9.457
        ]
      }
    },
    {
      "type": "Feature",
      "properties": {
        "DataHora": "2015/07/16 16:40:00",
        "Satelite": "AQUA_M-T",
        "Pais": "Brasil",
        "Estado": "TOCANTINS",
        "Municipio": "CASEARA",
        "Bioma": "Cerrado",
        "DiaSemChuva": 8,
        "Precipitacao": 0.0,
        "RiscoFogo": 0.9,
        "FRP": 59.2,
        "Latitude": -9.391,
        "Longitude": -49.885
      },
      "geometry": {
        "type": "Point",
        "coordinates": [
          -49.885,
          -9.391
        ]
      }
    },
    {
      "type": "Feature",
      "properties": {
        "DataHora": "2015/07/17 17:23:00",
        "Satelite": "AQUA_M-T",
        "Pais": "Brasil",
        "Estado": "TOCANTINS",
        "Municipio": "CASEARA",
        "Bioma": "Cerrado",
        "DiaSemChuva": 9,
        "Precipitacao": 0.0,
        "RiscoFogo": 0.8,
        "FRP": 24.2,
        "Latitude": -9.304,
        "Longitude": -49.742
      },
      "geometry": {
        "type": "Point",
        "coordinates": [
          -49.742,
          -9.304
        ]
      }
    },
    {
      "type": "Feature",
      "properties": {
        "DataHora": "2015/07/18 16:28:00",
        "Satelite": "AQUA_M-T",
        "Pais": "Brasil",
        "Estado": "TOCANTINS",
        "Municipio": "CASEARA",
        "Bioma": "Cerrado",
        "DiaSemChuva": 10,
        "Precipitacao": 0.0,
        "RiscoFogo": 0.7,
        "FRP": 54.6,
        "Latitude": -9.465,
        "Longitude": -49.79
      },
      "geometry": {
        "type": "Point",
        "coordinates": [
          -49.79,
          -9.465
        ]
      }
    },
    {
      "type": "Feature",
      "properties": {
        "DataHora": "2015/07/18 16:28:00",
        "Satelite": "AQUA_M-T",
        "Pais": "Brasil",
        "Estado": "TOCANTINS",
        "Municipio": "CASEARA",
        "Bioma": "Cerrado",
        "DiaSemChuva": 10,
        "Precipitacao": 0.0,
        "RiscoFogo": 0.4,
        "FRP": 34.3,
        "Latitude": -9.466,
        "Longitude": -49.782
      },
      "geometry": {
        "type": "Point",
        "coordinates": [
          -49.782,
          -9.466
        ]
      }
    },
    {
      "type": "Feature",
      "properties": {
        "DataHora": "2015/07/21 16:59:00",
        "Satelite": "AQUA_M-T",
        "Pais": "Brasil",
        "Estado": "TOCANTINS",
        "Municipio": "CASEARA",
        "Bioma": "Cerrado",
        "DiaSemChuva": 13,
        "Precipitacao": 0.0,
        "RiscoFogo": 1.0,
        "FRP": 23.5,
        "Latitude": -9.57,
        "Longitude": -49.901
      },
      "geometry": {
        "type": "Point",
        "coordinates": [
          -49.901,
          -9.57
        ]
      }
    },
    {
      "type": "Feature",
      "properties": {
        "DataHora": "2015/07/23 16:46:00",
        "Satelite": "AQUA_M-T",
        "Pais": "Brasil",
        "Estado": "TOCANTINS",
        "Municipio": "CASEARA",
        "Bioma": "Cerrado",
        "DiaSemChuva": 7,
        "Precipitacao": 0.0,
        "RiscoFogo": 1.0,
        "FRP": 24.3,
        "Latitude": -9.274,
        "Longitude": -49.909
      },
      "geometry": {
        "type": "Point",
        "coordinates": [
          -49.909,
          -9.274
        ]
      }
    },
    {
      "type": "Feature",
      "properties": {
        "DataHora": "2015/07/24 17:29:00",
        "Satelite": "AQUA_M-T",
        "Pais": "Brasil",
        "Estado": "TOCANTINS",
        "Municipio": "CASEARA",
        "Bioma": "Cerrado",
        "DiaSemChuva": 16,
        "Precipitacao": 0.0,
        "RiscoFogo": 0.8,
        "FRP": 40.6,
        "Latitude": -9.493,
        "Longitude": -49.848
      },
      "geometry": {
        "type": "Point",
        "coordinates": [
          -49.848,
          -9.493
        ]
      }
    },
    {
      "type": "Feature",
      "properties": {
        "DataHora": "2015/07/27 16:22:00",
        "Satelite": "AQUA_M-T",
        "Pais": "Brasil",
        "Estado": "TOCANTINS",
        "Municipio": "CASEARA",
        "Bioma": "Cerrado",
        "DiaSemChuva": 18,
        "Precipitacao": 0.0,
        "RiscoFogo": 1.0,
        "FRP": 76.9,
        "Latitude": -9.641,
        "Longitude": -49.856
      },
      "geometry": {
        "type": "Point",
        "coordinates": [
          -49.856,
          -9.641
        ]
      }
    },
    {
      "type": "Feature",
      "properties": {
        "DataHora": "2015/07/27 16:22:00",
        "Satelite": "AQUA_M-T",
        "Pais": "Brasil",
        "Estado": "TOCANTINS",
        "Municipio": "CASEARA",
        "Bioma": "Cerrado",
        "DiaSemChuva": 19,
        "Precipitacao": 0.0,
        "RiscoFogo": 1.0,
        "FRP": 69.2,
        "Latitude": -9.647,
        "Longitude": -49.848
      },
      "geometry": {
        "type": "Point",
        "coordinates": [
          -49.848,
          -9.647
        ]
      }
    },
    {
      "type": "Feature",
      "properties": {
        "DataHora": "2015/07/27 16:22:00",
        "Satelite": "AQUA_M-T",
        "Pais": "Brasil",
        "Estado": "TOCANTINS",
        "Municipio": "CASEARA",
        "Bioma": "Cerrado",
        "DiaSemChuva": 14,
        "Precipitacao": 0.0,
        "RiscoFogo": 1.0,
        "FRP": 79.7,
        "Latitude": -9.651,
        "Longitude": -49.884
      },
      "geometry": {
        "type": "Point",
        "coordinates": [
          -49.884,
          -9.651
        ]
      }
    },
    {
      "type": "Feature",
      "properties": {
        "DataHora": "2015/07/28 17:04:00",
        "Satelite": "AQUA_M-T",
        "Pais": "Brasil",
        "Estado": "TOCANTINS",
        "Municipio": "CASEARA",
        "Bioma": "Cerrado",
        "DiaSemChuva": 20,
        "Precipitacao": 0.0,
        "RiscoFogo": 0.9,
        "FRP": 15.9,
        "Latitude": -9.481,
        "Longitude": -49.849
      },
      "geometry": {
        "type": "Point",
        "coordinates": [
          -49.849,
          -9.481
        ]
      }
    },
    {
      "type": "Feature",
      "properties": {
        "DataHora": "2015/07/28 17:05:00",
        "Satelite": "AQUA_M-T",
        "Pais": "Brasil",
        "Estado": "TOCANTINS",
        "Municipio": "CASEARA",
        "Bioma": "Cerrado",
        "DiaSemChuva": 10,
        "Precipitacao": 0.0,
        "RiscoFogo": 0.7,
        "FRP": 46.4,
        "Latitude": -9.307,
        "Longitude": -49.738
      },
      "geometry": {
        "type": "Point",
        "coordinates": [
          -49.738,
          -9.307
        ]
      }
    },
    {
      "type": "Feature",
      "properties": {
        "DataHora": "2015/07/30 16:52:00",
        "Satelite": "AQUA_M-T",
        "Pais": "Brasil",
        "Estado": "TOCANTINS",
        "Municipio": "CASEARA",
        "Bioma": "Cerrado",
        "DiaSemChuva": 20,
        "Precipitacao": 0.0,
        "RiscoFogo": 1.0,
        "FRP": 60.5,
        "Latitude": -9.425,
        "Longitude": -49.895
      },
      "geometry": {
        "type": "Point",
        "coordinates": [
          -49.895,
          -9.425
        ]
      }
    },
    {
      "type": "Feature",
      "properties": {
        "DataHora": "2015/07/30 16:52:00",
        "Satelite": "AQUA_M-T",
        "Pais": "Brasil",
        "Estado": "TOCANTINS",
        "Municipio": "CASEARA",
        "Bioma": "Cerrado",
        "DiaSemChuva": 13,
        "Precipitacao": 0.0,
        "RiscoFogo": 1.0,
        "FRP": 16.9,
        "Latitude": -9.522,
        "Longitude": -49.712
      },
      "geometry": {
        "type": "Point",
        "coordinates": [
          -49.712,
          -9.522
        ]
      }
    },
    {
      "type": "Feature",
      "properties": {
        "DataHora": "2015/07/30 16:52:00",
        "Satelite": "AQUA_M-T",
        "Pais": "Brasil",
        "Estado": "TOCANTINS",
        "Municipio": "CASEARA",
        "Bioma": "Cerrado",
        "DiaSemChuva": 14,
        "Precipitacao": 0.0,
        "RiscoFogo": 0.9,
        "FRP": 27.6,
        "Latitude": -9.52,
        "Longitude": -49.702
      },
      "geometry": {
        "type": "Point",
        "coordinates": [
          -49.702,
          -9.52
        ]
      }
    },
    {
      "type": "Feature",
      "properties": {
        "DataHora": "2015/07/31 17:35:00",
        "Satelite": "AQUA_M-T",
        "Pais": "Brasil",
        "Estado": "TOCANTINS",
        "Municipio": "CASEARA",
        "Bioma": "Cerrado",
        "DiaSemChuva": 20,
        "Precipitacao": 0.0,
        "RiscoFogo": 1.0,
        "FRP": 61.6,
        "Latitude": -9.586,
        "Longitude": -49.911
      },
      "geometry": {
        "type": "Point",
        "coordinates": [
          -49.911,
          -9.586
        ]
      }
    },
    {
      "type": "Feature",
      "properties": {
        "DataHora": "2015/07/31 17:35:00",
        "Satelite": "AQUA_M-T",
        "Pais": "Brasil",
        "Estado": "TOCANTINS",
        "Municipio": "CASEARA",
        "Bioma": "Cerrado",
        "DiaSemChuva": 19,
        "Precipitacao": 0.0,
        "RiscoFogo": 1.0,
        "FRP": 57.5,
        "Latitude": -9.591,
        "Longitude": -49.916
      },
      "geometry": {
        "type": "Point",
        "coordinates": [
          -49.916,
          -9.591
        ]
      }
    },
    {
      "type": "Feature",
      "properties": {
        "DataHora": "2015/08/08 16:46:00",
        "Satelite": "AQUA_M-T",
        "Pais": "Brasil",
        "Estado": "TOCANTINS",
        "Municipio": "CASEARA",
        "Bioma": "Cerrado",
        "DiaSemChuva": 27,
        "Precipitacao": 0.0,
        "RiscoFogo": 1.0,
        "FRP": 52.3,
        "Latitude": -9.597,
        "Longitude": -49.799
      },
      "geometry": {
        "type": "Point",
        "coordinates": [
          -49.799,
          -9.597
        ]
      }
    },
    {
      "type": "Feature",
      "properties": {
        "DataHora": "2015/08/10 16:34:00",
        "Satelite": "AQUA_M-T",
        "Pais": "Brasil",
        "Estado": "TOCANTINS",
        "Municipio": "CASEARA",
        "Bioma": "Cerrado",
        "DiaSemChuva": 33,
        "Precipitacao": 0.5,
        "RiscoFogo": 1.0,
        "FRP": 15.1,
        "Latitude": -9.108,
        "Longitude": -49.855
      },
      "geometry": {
        "type": "Point",
        "coordinates": [
          -49.855,
          -9.108
        ]
      }
    },
    {
      "type": "Feature",
      "properties": {
        "DataHora": "2015/08/13 17:05:00",
        "Satelite": "AQUA_M-T",
        "Pais": "Brasil",
        "Estado": "TOCANTINS",
        "Municipio": "CASEARA",
        "Bioma": "Cerrado",
        "DiaSemChuva": 33,
        "Precipitacao": 0.0,
        "RiscoFogo": 1.0,
        "FRP": 18.1,
        "Latitude": -9.327,
        "Longitude": -49.777
      },
      "geometry": {
        "type": "Point",
        "coordinates": [
          -49.777,
          -9.327
        ]
      }
    },
    {
      "type": "Feature",
      "properties": {
        "DataHora": "2015/08/13 17:05:00",
        "Satelite": "AQUA_M-T",
        "Pais": "Brasil",
        "Estado": "TOCANTINS",
        "Municipio": "CASEARA",
        "Bioma": "Cerrado",
        "DiaSemChuva": 37,
        "Precipitacao": 0.1,
        "RiscoFogo": 1.0,
        "FRP": 14.2,
        "Latitude": -9.109,
        "Longitude": -49.847
      },
      "geometry": {
        "type": "Point",
        "coordinates": [
          -49.847,
          -9.109
        ]
      }
    },
    {
      "type": "Feature",
      "properties": {
        "DataHora": "2015/08/13 17:05:00",
        "Satelite": "AQUA_M-T",
        "Pais": "Brasil",
        "Estado": "TOCANTINS",
        "Municipio": "CASEARA",
        "Bioma": "Cerrado",
        "DiaSemChuva": 34,
        "Precipitacao": 0.1,
        "RiscoFogo": 1.0,
        "FRP": 43.1,
        "Latitude": -9.11,
        "Longitude": -49.857
      },
      "geometry": {
        "type": "Point",
        "coordinates": [
          -49.857,
          -9.11
        ]
      }
    },
    {
      "type": "Feature",
      "properties": {
        "DataHora": "2015/08/20 17:11:00",
        "Satelite": "AQUA_M-T",
        "Pais": "Brasil",
        "Estado": "TOCANTINS",
        "Municipio": "CASEARA",
        "Bioma": "Cerrado",
        "DiaSemChuva": 38,
        "Precipitacao": 0.8,
        "RiscoFogo": 1.0,
        "FRP": 26.5,
        "Latitude": -9.603,
        "Longitude": -49.791
      },
      "geometry": {
        "type": "Point",
        "coordinates": [
          -49.791,
          -9.603
        ]
      }
    },
    {
      "type": "Feature",
      "properties": {
        "DataHora": "2015/08/24 16:46:00",
        "Satelite": "AQUA_M-T",
        "Pais": "Brasil",
        "Estado": "TOCANTINS",
        "Municipio": "CASEARA",
        "Bioma": "Cerrado",
        "DiaSemChuva": 19,
        "Precipitacao": 0.2,
        "RiscoFogo": 1.0,
        "FRP": 27.7,
        "Latitude": -9.481,
        "Longitude": -49.808
      },
      "geometry": {
        "type": "Point",
        "coordinates": [
          -49.808,
          -9.481
        ]
      }
    },
    {
      "type": "Feature",
      "properties": {
        "DataHora": "2015/08/26 16:34:00",
        "Satelite": "AQUA_M-T",
        "Pais": "Brasil",
        "Estado": "TOCANTINS",
        "Municipio": "CASEARA",
        "Bioma": "Cerrado",
        "DiaSemChuva": 32,
        "Precipitacao": 0.0,
        "RiscoFogo": 1.0,
        "FRP": 32.2,
        "Latitude": -9.309,
        "Longitude": -49.76
      },
      "geometry": {
        "type": "Point",
        "coordinates": [
          -49.76,
          -9.309
        ]
      }
    },
    {
      "type": "Feature",
      "properties": {
        "DataHora": "2015/08/28 16:22:00",
        "Satelite": "AQUA_M-T",
        "Pais": "Brasil",
        "Estado": "TOCANTINS",
        "Municipio": "CASEARA",
        "Bioma": "Cerrado",
        "DiaSemChuva": 38,
        "Precipitacao": 0.0,
        "RiscoFogo": 1.0,
        "FRP": 111.2,
        "Latitude": -9.257,
        "Longitude": -49.879
      },
      "geometry": {
        "type": "Point",
        "coordinates": [
          -49.879,
          -9.257
        ]
      }
    },
    {
      "type": "Feature",
      "properties": {
        "DataHora": "2015/08/28 16:22:00",
        "Satelite": "AQUA_M-T",
        "Pais": "Brasil",
        "Estado": "TOCANTINS",
        "Municipio": "CASEARA",
        "Bioma": "Cerrado",
        "DiaSemChuva": 42,
        "Precipitacao": 0.0,
        "RiscoFogo": 1.0,
        "FRP": 135.7,
        "Latitude": -9.263,
        "Longitude": -49.871
      },
      "geometry": {
        "type": "Point",
        "coordinates": [
          -49.871,
          -9.263
        ]
      }
    },
    {
      "type": "Feature",
      "properties": {
        "DataHora": "2015/08/28 16:22:00",
        "Satelite": "AQUA_M-T",
        "Pais": "Brasil",
        "Estado": "TOCANTINS",
        "Municipio": "CASEARA",
        "Bioma": "Cerrado",
        "DiaSemChuva": 39,
        "Precipitacao": 0.0,
        "RiscoFogo": 1.0,
        "FRP": 52.2,
        "Latitude": -9.274,
        "Longitude": -49.877
      },
      "geometry": {
        "type": "Point",
        "coordinates": [
          -49.877,
          -9.274
        ]
      }
    },
    {
      "type": "Feature",
      "properties": {
        "DataHora": "2015/09/11 16:34:00",
        "Satelite": "AQUA_M-T",
        "Pais": "Brasil",
        "Estado": "TOCANTINS",
        "Municipio": "CASEARA",
        "Bioma": "Cerrado",
        "DiaSemChuva": 9,
        "Precipitacao": 0.0,
        "RiscoFogo": -999.0,
        "FRP": 78.2,
        "Latitude": -9.454,
        "Longitude": -49.869
      },
      "geometry": {
        "type": "Point",
        "coordinates": [
          -49.869,
          -9.454
        ]
      }
    },
    {
      "type": "Feature",
      "properties": {
        "DataHora": "2015/09/12 17:17:00",
        "Satelite": "AQUA_M-T",
        "Pais": "Brasil",
        "Estado": "TOCANTINS",
        "Municipio": "CASEARA",
        "Bioma": "Cerrado",
        "DiaSemChuva": 8,
        "Precipitacao": 1.8,
        "RiscoFogo": 1.0,
        "FRP": 70.7,
        "Latitude": -9.469,
        "Longitude": -49.894
      },
      "geometry": {
        "type": "Point",
        "coordinates": [
          -49.894,
          -9.469
        ]
      }
    },
    {
      "type": "Feature",
      "properties": {
        "DataHora": "2015/09/12 17:17:00",
        "Satelite": "AQUA_M-T",
        "Pais": "Brasil",
        "Estado": "TOCANTINS",
        "Municipio": "CASEARA",
        "Bioma": "Cerrado",
        "DiaSemChuva": 9,
        "Precipitacao": 1.9,
        "RiscoFogo": 1.0,
        "FRP": 70.6,
        "Latitude": -9.467,
        "Longitude": -49.881
      },
      "geometry": {
        "type": "Point",
        "coordinates": [
          -49.881,
          -9.467
        ]
      }
    },
    {
      "type": "Feature",
      "properties": {
        "DataHora": "2015/09/12 17:17:00",
        "Satelite": "AQUA_M-T",
        "Pais": "Brasil",
        "Estado": "TOCANTINS",
        "Municipio": "CASEARA",
        "Bioma": "Cerrado",
        "DiaSemChuva": 8,
        "Precipitacao": 2.0,
        "RiscoFogo": 1.0,
        "FRP": 141.1,
        "Latitude": -9.456,
        "Longitude": -49.883
      },
      "geometry": {
        "type": "Point",
        "coordinates": [
          -49.883,
          -9.456
        ]
      }
    },
    {
      "type": "Feature",
      "properties": {
        "DataHora": "2015/09/12 17:17:00",
        "Satelite": "AQUA_M-T",
        "Pais": "Brasil",
        "Estado": "TOCANTINS",
        "Municipio": "CASEARA",
        "Bioma": "Cerrado",
        "DiaSemChuva": 8,
        "Precipitacao": 2.0,
        "RiscoFogo": 1.0,
        "FRP": 74.8,
        "Latitude": -9.458,
        "Longitude": -49.896
      },
      "geometry": {
        "type": "Point",
        "coordinates": [
          -49.896,
          -9.458
        ]
      }
    },
    {
      "type": "Feature",
      "properties": {
        "DataHora": "2015/09/16 16:52:00",
        "Satelite": "AQUA_M-T",
        "Pais": "Brasil",
        "Estado": "TOCANTINS",
        "Municipio": "CASEARA",
        "Bioma": "Cerrado",
        "DiaSemChuva": 2,
        "Precipitacao": 0.0,
        "RiscoFogo": 1.0,
        "FRP": 209.0,
        "Latitude": -9.365,
        "Longitude": -49.799
      },
      "geometry": {
        "type": "Point",
        "coordinates": [
          -49.799,
          -9.365
        ]
      }
    },
    {
      "type": "Feature",
      "properties": {
        "DataHora": "2015/09/16 16:52:00",
        "Satelite": "AQUA_M-T",
        "Pais": "Brasil",
        "Estado": "TOCANTINS",
        "Municipio": "CASEARA",
        "Bioma": "Cerrado",
        "DiaSemChuva": 2,
        "Precipitacao": 0.0,
        "RiscoFogo": 1.0,
        "FRP": 66.9,
        "Latitude": -9.359,
        "Longitude": -49.795
      },
      "geometry": {
        "type": "Point",
        "coordinates": [
          -49.795,
          -9.359
        ]
      }
    },
    {
      "type": "Feature",
      "properties": {
        "DataHora": "2015/09/16 16:52:00",
        "Satelite": "AQUA_M-T",
        "Pais": "Brasil",
        "Estado": "TOCANTINS",
        "Municipio": "CASEARA",
        "Bioma": "Cerrado",
        "DiaSemChuva": 2,
        "Precipitacao": 0.0,
        "RiscoFogo": 1.0,
        "FRP": 25.5,
        "Latitude": -9.366,
        "Longitude": -49.808
      },
      "geometry": {
        "type": "Point",
        "coordinates": [
          -49.808,
          -9.366
        ]
      }
    },
    {
      "type": "Feature",
      "properties": {
        "DataHora": "2015/09/16 16:52:00",
        "Satelite": "AQUA_M-T",
        "Pais": "Brasil",
        "Estado": "TOCANTINS",
        "Municipio": "CASEARA",
        "Bioma": "Cerrado",
        "DiaSemChuva": 2,
        "Precipitacao": 0.0,
        "RiscoFogo": 1.0,
        "FRP": 17.5,
        "Latitude": -9.457,
        "Longitude": -49.728
      },
      "geometry": {
        "type": "Point",
        "coordinates": [
          -49.728,
          -9.457
        ]
      }
    },
    {
      "type": "Feature",
      "properties": {
        "DataHora": "2015/09/16 16:52:00",
        "Satelite": "AQUA_M-T",
        "Pais": "Brasil",
        "Estado": "TOCANTINS",
        "Municipio": "CASEARA",
        "Bioma": "Cerrado",
        "DiaSemChuva": 2,
        "Precipitacao": 0.0,
        "RiscoFogo": 1.0,
        "FRP": 60.8,
        "Latitude": -9.36,
        "Longitude": -49.805
      },
      "geometry": {
        "type": "Point",
        "coordinates": [
          -49.805,
          -9.36
        ]
      }
    },
    {
      "type": "Feature",
      "properties": {
        "DataHora": "2015/09/16 16:52:00",
        "Satelite": "AQUA_M-T",
        "Pais": "Brasil",
        "Estado": "TOCANTINS",
        "Municipio": "CASEARA",
        "Bioma": "Cerrado",
        "DiaSemChuva": 2,
        "Precipitacao": 0.0,
        "RiscoFogo": 1.0,
        "FRP": 25.7,
        "Latitude": -9.456,
        "Longitude": -49.718
      },
      "geometry": {
        "type": "Point",
        "coordinates": [
          -49.718,
          -9.456
        ]
      }
    },
    {
      "type": "Feature",
      "properties": {
        "DataHora": "2015/09/18 16:40:00",
        "Satelite": "AQUA_M-T",
        "Pais": "Brasil",
        "Estado": "TOCANTINS",
        "Municipio": "CASEARA",
        "Bioma": "Cerrado",
        "DiaSemChuva": 4,
        "Precipitacao": 0.0,
        "RiscoFogo": 1.0,
        "FRP": 52.5,
        "Latitude": -9.491,
        "Longitude": -49.786
      },
      "geometry": {
        "type": "Point",
        "coordinates": [
          -49.786,
          -9.491
        ]
      }
    },
    {
      "type": "Feature",
      "properties": {
        "DataHora": "2015/09/18 16:40:00",
        "Satelite": "AQUA_M-T",
        "Pais": "Brasil",
        "Estado": "TOCANTINS",
        "Municipio": "CASEARA",
        "Bioma": "Cerrado",
        "DiaSemChuva": 4,
        "Precipitacao": 0.0,
        "RiscoFogo": 1.0,
        "FRP": 106.2,
        "Latitude": -9.508,
        "Longitude": -49.831
      },
      "geometry": {
        "type": "Point",
        "coordinates": [
          -49.831,
          -9.508
        ]
      }
    },
    {
      "type": "Feature",
      "properties": {
        "DataHora": "2015/09/18 16:40:00",
        "Satelite": "AQUA_M-T",
        "Pais": "Brasil",
        "Estado": "TOCANTINS",
        "Municipio": "CASEARA",
        "Bioma": "Cerrado",
        "DiaSemChuva": 4,
        "Precipitacao": 0.0,
        "RiscoFogo": 1.0,
        "FRP": 50.5,
        "Latitude": -9.506,
        "Longitude": -49.815
      },
      "geometry": {
        "type": "Point",
        "coordinates": [
          -49.815,
          -9.506
        ]
      }
    },
    {
      "type": "Feature",
      "properties": {
        "DataHora": "2015/09/18 16:40:00",
        "Satelite": "AQUA_M-T",
        "Pais": "Brasil",
        "Estado": "TOCANTINS",
        "Municipio": "CASEARA",
        "Bioma": "Cerrado",
        "DiaSemChuva": 4,
        "Precipitacao": 0.0,
        "RiscoFogo": 1.0,
        "FRP": 36.2,
        "Latitude": -9.518,
        "Longitude": -49.814
      },
      "geometry": {
        "type": "Point",
        "coordinates": [
          -49.814,
          -9.518
        ]
      }
    },
    {
      "type": "Feature",
      "properties": {
        "DataHora": "2015/09/18 16:40:00",
        "Satelite": "AQUA_M-T",
        "Pais": "Brasil",
        "Estado": "TOCANTINS",
        "Municipio": "CASEARA",
        "Bioma": "Cerrado",
        "DiaSemChuva": 4,
        "Precipitacao": 0.0,
        "RiscoFogo": 1.0,
        "FRP": 182.0,
        "Latitude": -9.502,
        "Longitude": -49.784
      },
      "geometry": {
        "type": "Point",
        "coordinates": [
          -49.784,
          -9.502
        ]
      }
    },
    {
      "type": "Feature",
      "properties": {
        "DataHora": "2015/09/18 16:40:00",
        "Satelite": "AQUA_M-T",
        "Pais": "Brasil",
        "Estado": "TOCANTINS",
        "Municipio": "CASEARA",
        "Bioma": "Cerrado",
        "DiaSemChuva": 4,
        "Precipitacao": 0.0,
        "RiscoFogo": 1.0,
        "FRP": 222.4,
        "Latitude": -9.504,
        "Longitude": -49.799
      },
      "geometry": {
        "type": "Point",
        "coordinates": [
          -49.799,
          -9.504
        ]
      }
    },
    {
      "type": "Feature",
      "properties": {
        "DataHora": "2015/09/18 16:40:00",
        "Satelite": "AQUA_M-T",
        "Pais": "Brasil",
        "Estado": "TOCANTINS",
        "Municipio": "CASEARA",
        "Bioma": "Cerrado",
        "DiaSemChuva": 4,
        "Precipitacao": 0.0,
        "RiscoFogo": 1.0,
        "FRP": 76.9,
        "Latitude": -9.52,
        "Longitude": -49.829
      },
      "geometry": {
        "type": "Point",
        "coordinates": [
          -49.829,
          -9.52
        ]
      }
    },
    {
      "type": "Feature",
      "properties": {
        "DataHora": "2015/09/18 16:40:00",
        "Satelite": "AQUA_M-T",
        "Pais": "Brasil",
        "Estado": "TOCANTINS",
        "Municipio": "CASEARA",
        "Bioma": "Cerrado",
        "DiaSemChuva": 4,
        "Precipitacao": 0.0,
        "RiscoFogo": 1.0,
        "FRP": 253.6,
        "Latitude": -9.493,
        "Longitude": -49.801
      },
      "geometry": {
        "type": "Point",
        "coordinates": [
          -49.801,
          -9.493
        ]
      }
    },
    {
      "type": "Feature",
      "properties": {
        "DataHora": "2015/09/19 17:23:00",
        "Satelite": "AQUA_M-T",
        "Pais": "Brasil",
        "Estado": "TOCANTINS",
        "Municipio": "CASEARA",
        "Bioma": "Cerrado",
        "DiaSemChuva": 5,
        "Precipitacao": 0.0,
        "RiscoFogo": 1.0,
        "FRP": 59.4,
        "Latitude": -9.503,
        "Longitude": -49.811
      },
      "geometry": {
        "type": "Point",
        "coordinates": [
          -49.811,
          -9.503
        ]
      }
    },
    {
      "type": "Feature",
      "properties": {
        "DataHora": "2015/09/19 17:23:00",
        "Satelite": "AQUA_M-T",
        "Pais": "Brasil",
        "Estado": "TOCANTINS",
        "Municipio": "CASEARA",
        "Bioma": "Cerrado",
        "DiaSemChuva": 5,
        "Precipitacao": 0.0,
        "RiscoFogo": 1.0,
        "FRP": 51.5,
        "Latitude": -9.505,
        "Longitude": -49.805
      },
      "geometry": {
        "type": "Point",
        "coordinates": [
          -49.805,
          -9.505
        ]
      }
    },
    {
      "type": "Feature",
      "properties": {
        "DataHora": "2015/09/20 16:27:00",
        "Satelite": "AQUA_M-T",
        "Pais": "Brasil",
        "Estado": "TOCANTINS",
        "Municipio": "CASEARA",
        "Bioma": "Cerrado",
        "DiaSemChuva": 6,
        "Precipitacao": 0.0,
        "RiscoFogo": 1.0,
        "FRP": 70.5,
        "Latitude": -9.515,
        "Longitude": -49.817
      },
      "geometry": {
        "type": "Point",
        "coordinates": [
          -49.817,
          -9.515
        ]
      }
    },
    {
      "type": "Feature",
      "properties": {
        "DataHora": "2015/09/20 16:27:00",
        "Satelite": "AQUA_M-T",
        "Pais": "Brasil",
        "Estado": "TOCANTINS",
        "Municipio": "CASEARA",
        "Bioma": "Cerrado",
        "DiaSemChuva": 6,
        "Precipitacao": 0.0,
        "RiscoFogo": 1.0,
        "FRP": 58.8,
        "Latitude": -9.515,
        "Longitude": -49.812
      },
      "geometry": {
        "type": "Point",
        "coordinates": [
          -49.812,
          -9.515
        ]
      }
    },
    {
      "type": "Feature",
      "properties": {
        "DataHora": "2015/09/23 16:58:00",
        "Satelite": "AQUA_M-T",
        "Pais": "Brasil",
        "Estado": "TOCANTINS",
        "Municipio": "CASEARA",
        "Bioma": "Cerrado",
        "DiaSemChuva": 0,
        "Precipitacao": 0.0,
        "RiscoFogo": 1.0,
        "FRP": 46.3,
        "Latitude": -9.496,
        "Longitude": -49.787
      },
      "geometry": {
        "type": "Point",
        "coordinates": [
          -49.787,
          -9.496
        ]
      }
    },
    {
      "type": "Feature",
      "properties": {
        "DataHora": "2015/09/23 16:58:00",
        "Satelite": "AQUA_M-T",
        "Pais": "Brasil",
        "Estado": "TOCANTINS",
        "Municipio": "CASEARA",
        "Bioma": "Cerrado",
        "DiaSemChuva": 0,
        "Precipitacao": 0.0,
        "RiscoFogo": 1.0,
        "FRP": 23.0,
        "Latitude": -9.487,
        "Longitude": -49.789
      },
      "geometry": {
        "type": "Point",
        "coordinates": [
          -49.789,
          -9.487
        ]
      }
    },
    {
      "type": "Feature",
      "properties": {
        "DataHora": "2015/09/23 16:58:00",
        "Satelite": "AQUA_M-T",
        "Pais": "Brasil",
        "Estado": "TOCANTINS",
        "Municipio": "CASEARA",
        "Bioma": "Cerrado",
        "DiaSemChuva": 8,
        "Precipitacao": 0.0,
        "RiscoFogo": 1.0,
        "FRP": 86.0,
        "Latitude": -9.128,
        "Longitude": -49.792
      },
      "geometry": {
        "type": "Point",
        "coordinates": [
          -49.792,
          -9.128
        ]
      }
    },
    {
      "type": "Feature",
      "properties": {
        "DataHora": "2015/09/23 16:58:00",
        "Satelite": "AQUA_M-T",
        "Pais": "Brasil",
        "Estado": "TOCANTINS",
        "Municipio": "CASEARA",
        "Bioma": "Cerrado",
        "DiaSemChuva": 7,
        "Precipitacao": 0.0,
        "RiscoFogo": 1.0,
        "FRP": 17.0,
        "Latitude": -9.11,
        "Longitude": -49.794
      },
      "geometry": {
        "type": "Point",
        "coordinates": [
          -49.794,
          -9.11
        ]
      }
    },
    {
      "type": "Feature",
      "properties": {
        "DataHora": "2015/09/23 16:58:00",
        "Satelite": "AQUA_M-T",
        "Pais": "Brasil",
        "Estado": "TOCANTINS",
        "Municipio": "CASEARA",
        "Bioma": "Cerrado",
        "DiaSemChuva": 0,
        "Precipitacao": 0.0,
        "RiscoFogo": 1.0,
        "FRP": 7.9,
        "Latitude": -9.347,
        "Longitude": -49.833
      },
      "geometry": {
        "type": "Point",
        "coordinates": [
          -49.833,
          -9.347
        ]
      }
    },
    {
      "type": "Feature",
      "properties": {
        "DataHora": "2015/09/23 16:58:00",
        "Satelite": "AQUA_M-T",
        "Pais": "Brasil",
        "Estado": "TOCANTINS",
        "Municipio": "CASEARA",
        "Bioma": "Cerrado",
        "DiaSemChuva": 7,
        "Precipitacao": 0.0,
        "RiscoFogo": 1.0,
        "FRP": 48.0,
        "Latitude": -9.127,
        "Longitude": -49.782
      },
      "geometry": {
        "type": "Point",
        "coordinates": [
          -49.782,
          -9.127
        ]
      }
    },
    {
      "type": "Feature",
      "properties": {
        "DataHora": "2015/09/23 16:58:00",
        "Satelite": "AQUA_M-T",
        "Pais": "Brasil",
        "Estado": "TOCANTINS",
        "Municipio": "CASEARA",
        "Bioma": "Cerrado",
        "DiaSemChuva": 7,
        "Precipitacao": 0.0,
        "RiscoFogo": 1.0,
        "FRP": 47.3,
        "Latitude": -9.119,
        "Longitude": -49.793
      },
      "geometry": {
        "type": "Point",
        "coordinates": [
          -49.793,
          -9.119
        ]
      }
    },
    {
      "type": "Feature",
      "properties": {
        "DataHora": "2015/09/23 16:58:00",
        "Satelite": "AQUA_M-T",
        "Pais": "Brasil",
        "Estado": "TOCANTINS",
        "Municipio": "CASEARA",
        "Bioma": "Cerrado",
        "DiaSemChuva": 7,
        "Precipitacao": 0.0,
        "RiscoFogo": 1.0,
        "FRP": 36.7,
        "Latitude": -9.118,
        "Longitude": -49.784
      },
      "geometry": {
        "type": "Point",
        "coordinates": [
          -49.784,
          -9.118
        ]
      }
    },
    {
      "type": "Feature",
      "properties": {
        "DataHora": "2015/09/23 16:58:00",
        "Satelite": "AQUA_M-T",
        "Pais": "Brasil",
        "Estado": "TOCANTINS",
        "Municipio": "CASEARA",
        "Bioma": "Cerrado",
        "DiaSemChuva": 0,
        "Precipitacao": 0.0,
        "RiscoFogo": 1.0,
        "FRP": 40.1,
        "Latitude": -9.299,
        "Longitude": -49.828
      },
      "geometry": {
        "type": "Point",
        "coordinates": [
          -49.828,
          -9.299
        ]
      }
    },
    {
      "type": "Feature",
      "properties": {
        "DataHora": "2015/09/23 16:58:00",
        "Satelite": "AQUA_M-T",
        "Pais": "Brasil",
        "Estado": "TOCANTINS",
        "Municipio": "CASEARA",
        "Bioma": "Cerrado",
        "DiaSemChuva": 0,
        "Precipitacao": 0.0,
        "RiscoFogo": 1.0,
        "FRP": 53.6,
        "Latitude": -9.301,
        "Longitude": -49.837
      },
      "geometry": {
        "type": "Point",
        "coordinates": [
          -49.837,
          -9.301
        ]
      }
    },
    {
      "type": "Feature",
      "properties": {
        "DataHora": "2015/09/23 16:58:00",
        "Satelite": "AQUA_M-T",
        "Pais": "Brasil",
        "Estado": "TOCANTINS",
        "Municipio": "CASEARA",
        "Bioma": "Cerrado",
        "DiaSemChuva": 8,
        "Precipitacao": 0.0,
        "RiscoFogo": 1.0,
        "FRP": 116.1,
        "Latitude": -9.121,
        "Longitude": -49.802
      },
      "geometry": {
        "type": "Point",
        "coordinates": [
          -49.802,
          -9.121
        ]
      }
    },
    {
      "type": "Feature",
      "properties": {
        "DataHora": "2015/10/05 17:23:00",
        "Satelite": "AQUA_M-T",
        "Pais": "Brasil",
        "Estado": "TOCANTINS",
        "Municipio": "CASEARA",
        "Bioma": "Cerrado",
        "DiaSemChuva": 6,
        "Precipitacao": 0.0,
        "RiscoFogo": 1.0,
        "FRP": 39.7,
        "Latitude": -9.385,
        "Longitude": -49.801
      },
      "geometry": {
        "type": "Point",
        "coordinates": [
          -49.801,
          -9.385
        ]
      }
    },
    {
      "type": "Feature",
      "properties": {
        "DataHora": "2015/10/16 17:04:00",
        "Satelite": "AQUA_M-T",
        "Pais": "Brasil",
        "Estado": "TOCANTINS",
        "Municipio": "CASEARA",
        "Bioma": "Cerrado",
        "DiaSemChuva": 9,
        "Precipitacao": 0.1,
        "RiscoFogo": 0.9,
        "FRP": 15.4,
        "Latitude": -9.491,
        "Longitude": -49.744
      },
      "geometry": {
        "type": "Point",
        "coordinates": [
          -49.744,
          -9.491
        ]
      }
    },
    {
      "type": "Feature",
      "properties": {
        "DataHora": "2015/10/16 17:04:00",
        "Satelite": "AQUA_M-T",
        "Pais": "Brasil",
        "Estado": "TOCANTINS",
        "Municipio": "CASEARA",
        "Bioma": "Cerrado",
        "DiaSemChuva": 9,
        "Precipitacao": 0.1,
        "RiscoFogo": 0.9,
        "FRP": 27.8,
        "Latitude": -9.497,
        "Longitude": -49.723
      },
      "geometry": {
        "type": "Point",
        "coordinates": [
          -49.723,
          -9.497
        ]
      }
    },
    {
      "type": "Feature",
      "properties": {
        "DataHora": "2015/10/16 17:04:00",
        "Satelite": "AQUA_M-T",
        "Pais": "Brasil",
        "Estado": "TOCANTINS",
        "Municipio": "CASEARA",
        "Bioma": "Cerrado",
        "DiaSemChuva": 9,
        "Precipitacao": 0.1,
        "RiscoFogo": 1.0,
        "FRP": 329.3,
        "Latitude": -9.498,
        "Longitude": -49.733
      },
      "geometry": {
        "type": "Point",
        "coordinates": [
          -49.733,
          -9.498
        ]
      }
    },
    {
      "type": "Feature",
      "properties": {
        "DataHora": "2015/10/16 17:04:00",
        "Satelite": "AQUA_M-T",
        "Pais": "Brasil",
        "Estado": "TOCANTINS",
        "Municipio": "CASEARA",
        "Bioma": "Cerrado",
        "DiaSemChuva": 9,
        "Precipitacao": 0.1,
        "RiscoFogo": 0.7,
        "FRP": 363.6,
        "Latitude": -9.489,
        "Longitude": -49.734
      },
      "geometry": {
        "type": "Point",
        "coordinates": [
          -49.734,
          -9.489
        ]
      }
    },
    {
      "type": "Feature",
      "properties": {
        "DataHora": "2015/10/16 17:04:00",
        "Satelite": "AQUA_M-T",
        "Pais": "Brasil",
        "Estado": "TOCANTINS",
        "Municipio": "CASEARA",
        "Bioma": "Cerrado",
        "DiaSemChuva": 9,
        "Precipitacao": 0.1,
        "RiscoFogo": 1.0,
        "FRP": 42.9,
        "Latitude": -9.488,
        "Longitude": -49.725
      },
      "geometry": {
        "type": "Point",
        "coordinates": [
          -49.725,
          -9.488
        ]
      }
    },
    {
      "type": "Feature",
      "properties": {
        "DataHora": "2015/10/21 17:23:00",
        "Satelite": "AQUA_M-T",
        "Pais": "Brasil",
        "Estado": "TOCANTINS",
        "Municipio": "CASEARA",
        "Bioma": "Cerrado",
        "DiaSemChuva": 9,
        "Precipitacao": 0.0,
        "RiscoFogo": 1.0,
        "FRP": 46.2,
        "Latitude": -9.496,
        "Longitude": -49.733
      },
      "geometry": {
        "type": "Point",
        "coordinates": [
          -49.733,
          -9.496
        ]
      }
    },
    {
      "type": "Feature",
      "properties": {
        "DataHora": "2015/10/21 17:23:00",
        "Satelite": "AQUA_M-T",
        "Pais": "Brasil",
        "Estado": "TOCANTINS",
        "Municipio": "CASEARA",
        "Bioma": "Cerrado",
        "DiaSemChuva": 14,
        "Precipitacao": 0.0,
        "RiscoFogo": 1.0,
        "FRP": 88.5,
        "Latitude": -9.243,
        "Longitude": -49.819
      },
      "geometry": {
        "type": "Point",
        "coordinates": [
          -49.819,
          -9.243
        ]
      }
    },
    {
      "type": "Feature",
      "properties": {
        "DataHora": "2015/10/21 17:23:00",
        "Satelite": "AQUA_M-T",
        "Pais": "Brasil",
        "Estado": "TOCANTINS",
        "Municipio": "CASEARA",
        "Bioma": "Cerrado",
        "DiaSemChuva": 14,
        "Precipitacao": 0.0,
        "RiscoFogo": 1.0,
        "FRP": 81.7,
        "Latitude": -9.245,
        "Longitude": -49.813
      },
      "geometry": {
        "type": "Point",
        "coordinates": [
          -49.813,
          -9.245
        ]
      }
    },
    {
      "type": "Feature",
      "properties": {
        "DataHora": "2015/10/21 17:23:00",
        "Satelite": "AQUA_M-T",
        "Pais": "Brasil",
        "Estado": "TOCANTINS",
        "Municipio": "CASEARA",
        "Bioma": "Cerrado",
        "DiaSemChuva": 14,
        "Precipitacao": 0.0,
        "RiscoFogo": 1.0,
        "FRP": 114.3,
        "Latitude": -9.248,
        "Longitude": -49.831
      },
      "geometry": {
        "type": "Point",
        "coordinates": [
          -49.831,
          -9.248
        ]
      }
    },
    {
      "type": "Feature",
      "properties": {
        "DataHora": "2015/10/21 17:23:00",
        "Satelite": "AQUA_M-T",
        "Pais": "Brasil",
        "Estado": "TOCANTINS",
        "Municipio": "CASEARA",
        "Bioma": "Cerrado",
        "DiaSemChuva": 7,
        "Precipitacao": 0.0,
        "RiscoFogo": 0.9,
        "FRP": 38.3,
        "Latitude": -9.499,
        "Longitude": -49.751
      },
      "geometry": {
        "type": "Point",
        "coordinates": [
          -49.751,
          -9.499
        ]
      }
    },
    {
      "type": "Feature",
      "properties": {
        "DataHora": "2015/10/21 17:23:00",
        "Satelite": "AQUA_M-T",
        "Pais": "Brasil",
        "Estado": "TOCANTINS",
        "Municipio": "CASEARA",
        "Bioma": "Cerrado",
        "DiaSemChuva": 7,
        "Precipitacao": 0.0,
        "RiscoFogo": 0.7,
        "FRP": 35.7,
        "Latitude": -9.505,
        "Longitude": -49.739
      },
      "geometry": {
        "type": "Point",
        "coordinates": [
          -49.739,
          -9.505
        ]
      }
    },
    {
      "type": "Feature",
      "properties": {
        "DataHora": "2015/10/21 17:23:00",
        "Satelite": "AQUA_M-T",
        "Pais": "Brasil",
        "Estado": "TOCANTINS",
        "Municipio": "CASEARA",
        "Bioma": "Cerrado",
        "DiaSemChuva": 9,
        "Precipitacao": 0.0,
        "RiscoFogo": 0.9,
        "FRP": 49.0,
        "Latitude": -9.493,
        "Longitude": -49.741
      },
      "geometry": {
        "type": "Point",
        "coordinates": [
          -49.741,
          -9.493
        ]
      }
    },
    {
      "type": "Feature",
      "properties": {
        "DataHora": "2015/10/29 16:34:00",
        "Satelite": "AQUA_M-T",
        "Pais": "Brasil",
        "Estado": "TOCANTINS",
        "Municipio": "CASEARA",
        "Bioma": "Cerrado",
        "DiaSemChuva": 0,
        "Precipitacao": 0.0,
        "RiscoFogo": 0.5,
        "FRP": 28.1,
        "Latitude": -9.3,
        "Longitude": -49.831
      },
      "geometry": {
        "type": "Point",
        "coordinates": [
          -49.831,
          -9.3
        ]
      }
    },
    {
      "type": "Feature",
      "properties": {
        "DataHora": "2015/11/26 16:58:00",
        "Satelite": "AQUA_M-T",
        "Pais": "Brasil",
        "Estado": "TOCANTINS",
        "Municipio": "CASEARA",
        "Bioma": "Cerrado",
        "DiaSemChuva": 0,
        "Precipitacao": 0.5,
        "RiscoFogo": 0.0,
        "FRP": 17.0,
        "Latitude": -9.377,
        "Longitude": -49.909
      },
      "geometry": {
        "type": "Point",
        "coordinates": [
          -49.909,
          -9.377
        ]
      }
    },
    {
      "type": "Feature",
      "properties": {
        "DataHora": "2015/11/26 16:58:00",
        "Satelite": "AQUA_M-T",
        "Pais": "Brasil",
        "Estado": "TOCANTINS",
        "Municipio": "CASEARA",
        "Bioma": "Cerrado",
        "DiaSemChuva": 0,
        "Precipitacao": 0.5,
        "RiscoFogo": 0.0,
        "FRP": 9.5,
        "Latitude": -9.368,
        "Longitude": -49.911
      },
      "geometry": {
        "type": "Point",
        "coordinates": [
          -49.911,
          -9.368
        ]
      }
    },
    {
      "type": "Feature",
      "properties": {
        "DataHora": "2015/12/03 17:04:00",
        "Satelite": "AQUA_M-T",
        "Pais": "Brasil",
        "Estado": "TOCANTINS",
        "Municipio": "CASEARA",
        "Bioma": "Cerrado",
        "DiaSemChuva": 3,
        "Precipitacao": 0.7,
        "RiscoFogo": 0.1,
        "FRP": 24.1,
        "Latitude": -9.306,
        "Longitude": -49.84
      },
      "geometry": {
        "type": "Point",
        "coordinates": [
          -49.84,
          -9.306
        ]
      }
    },
    {
      "type": "Feature",
      "properties": {
        "DataHora": "2015/12/03 17:04:00",
        "Satelite": "AQUA_M-T",
        "Pais": "Brasil",
        "Estado": "TOCANTINS",
        "Municipio": "CASEARA",
        "Bioma": "Cerrado",
        "DiaSemChuva": 2,
        "Precipitacao": 3.6,
        "RiscoFogo": 0.0,
        "FRP": 8.1,
        "Latitude": -9.501,
        "Longitude": -49.788
      },
      "geometry": {
        "type": "Point",
        "coordinates": [
          -49.788,
          -9.501
        ]
      }
    },
    {
      "type": "Feature",
      "properties": {
        "DataHora": "2015/12/10 17:10:00",
        "Satelite": "AQUA_M-T",
        "Pais": "Brasil",
        "Estado": "TOCANTINS",
        "Municipio": "CASEARA",
        "Bioma": "Cerrado",
        "DiaSemChuva": 0,
        "Precipitacao": 0.0,
        "RiscoFogo": 0.0,
        "FRP": 11.0,
        "Latitude": -9.237,
        "Longitude": -49.958
      },
      "geometry": {
        "type": "Point",
        "coordinates": [
          -49.958,
          -9.237
        ]
      }
    },
    {
      "type": "Feature",
      "properties": {
        "DataHora": "2015/12/14 16:46:00",
        "Satelite": "AQUA_M-T",
        "Pais": "Brasil",
        "Estado": "TOCANTINS",
        "Municipio": "CASEARA",
        "Bioma": "Cerrado",
        "DiaSemChuva": 1,
        "Precipitacao": 1.9,
        "RiscoFogo": 0.0,
        "FRP": 26.5,
        "Latitude": -9.376,
        "Longitude": -49.914
      },
      "geometry": {
        "type": "Point",
        "coordinates": [
          -49.914,
          -9.376
        ]
      }
    },
    {
      "type": "Feature",
      "properties": {
        "DataHora": "2015/12/14 16:46:00",
        "Satelite": "AQUA_M-T",
        "Pais": "Brasil",
        "Estado": "TOCANTINS",
        "Municipio": "CASEARA",
        "Bioma": "Cerrado",
        "DiaSemChuva": 1,
        "Precipitacao": 2.1,
        "RiscoFogo": 0.0,
        "FRP": 20.8,
        "Latitude": -9.37,
        "Longitude": -49.92
      },
      "geometry": {
        "type": "Point",
        "coordinates": [
          -49.92,
          -9.37
        ]
      }
    },
    {
      "type": "Feature",
      "properties": {
        "DataHora": "2015/12/14 16:46:00",
        "Satelite": "AQUA_M-T",
        "Pais": "Brasil",
        "Estado": "TOCANTINS",
        "Municipio": "CASEARA",
        "Bioma": "Cerrado",
        "DiaSemChuva": 1,
        "Precipitacao": 1.9,
        "RiscoFogo": 0.0,
        "FRP": 22.4,
        "Latitude": -9.368,
        "Longitude": -49.908
      },
      "geometry": {
        "type": "Point",
        "coordinates": [
          -49.908,
          -9.368
        ]
      }
    },
    {
      "type": "Feature",
      "properties": {
        "DataHora": "2015/12/18 16:21:00",
        "Satelite": "AQUA_M-T",
        "Pais": "Brasil",
        "Estado": "TOCANTINS",
        "Municipio": "CASEARA",
        "Bioma": "Cerrado",
        "DiaSemChuva": 0,
        "Precipitacao": 0.0,
        "RiscoFogo": 0.0,
        "FRP": 45.2,
        "Latitude": -9.614,
        "Longitude": -49.791
      },
      "geometry": {
        "type": "Point",
        "coordinates": [
          -49.791,
          -9.614
        ]
      }
    },
    {
      "type": "Feature",
      "properties": {
        "DataHora": "2015/12/22 17:35:00",
        "Satelite": "AQUA_M-T",
        "Pais": "Brasil",
        "Estado": "TOCANTINS",
        "Municipio": "CASEARA",
        "Bioma": "Cerrado",
        "DiaSemChuva": 3,
        "Precipitacao": 0.2,
        "RiscoFogo": 0.1,
        "FRP": 41.9,
        "Latitude": -9.607,
        "Longitude": -49.777
      },
      "geometry": {
        "type": "Point",
        "coordinates": [
          -49.777,
          -9.607
        ]
      }
    },
    {
      "type": "Feature",
      "properties": {
        "DataHora": "2016/02/07 16:52:00",
        "Satelite": "AQUA_M-T",
        "Pais": "Brasil",
        "Estado": "TOCANTINS",
        "Municipio": "CASEARA",
        "Bioma": "Cerrado",
        "DiaSemChuva": 9,
        "Precipitacao": 0.0,
        "RiscoFogo": 0.2,
        "FRP": 14.7,
        "Latitude": -9.372,
        "Longitude": -49.909
      },
      "geometry": {
        "type": "Point",
        "coordinates": [
          -49.909,
          -9.372
        ]
      }
    },
    {
      "type": "Feature",
      "properties": {
        "DataHora": "2016/02/07 16:52:00",
        "Satelite": "AQUA_M-T",
        "Pais": "Brasil",
        "Estado": "TOCANTINS",
        "Municipio": "CASEARA",
        "Bioma": "Cerrado",
        "DiaSemChuva": 8,
        "Precipitacao": 0.0,
        "RiscoFogo": 0.2,
        "FRP": 13.1,
        "Latitude": -9.463,
        "Longitude": -49.9
      },
      "geometry": {
        "type": "Point",
        "coordinates": [
          -49.9,
          -9.463
        ]
      }
    },
    {
      "type": "Feature",
      "properties": {
        "DataHora": "2016/02/11 16:28:00",
        "Satelite": "AQUA_M-T",
        "Pais": "Brasil",
        "Estado": "TOCANTINS",
        "Municipio": "CASEARA",
        "Bioma": "Cerrado",
        "DiaSemChuva": 8,
        "Precipitacao": 0.0,
        "RiscoFogo": 0.4,
        "FRP": 32.0,
        "Latitude": -9.518,
        "Longitude": -49.902
      },
      "geometry": {
        "type": "Point",
        "coordinates": [
          -49.902,
          -9.518
        ]
      }
    },
    {
      "type": "Feature",
      "properties": {
        "DataHora": "2016/03/01 16:59:00",
        "Satelite": "AQUA_M-T",
        "Pais": "Brasil",
        "Estado": "TOCANTINS",
        "Municipio": "CASEARA",
        "Bioma": "Cerrado",
        "DiaSemChuva": 4,
        "Precipitacao": 0.1,
        "RiscoFogo": 0.3,
        "FRP": 15.4,
        "Latitude": -9.363,
        "Longitude": -49.878
      },
      "geometry": {
        "type": "Point",
        "coordinates": [
          -49.878,
          -9.363
        ]
      }
    },
    {
      "type": "Feature",
      "properties": {
        "DataHora": "2016/03/08 17:05:00",
        "Satelite": "AQUA_M-T",
        "Pais": "Brasil",
        "Estado": "TOCANTINS",
        "Municipio": "CASEARA",
        "Bioma": "Cerrado",
        "DiaSemChuva": 1,
        "Precipitacao": 0.6,
        "RiscoFogo": 0.3,
        "FRP": 13.4,
        "Latitude": -9.571,
        "Longitude": -49.896
      },
      "geometry": {
        "type": "Point",
        "coordinates": [
          -49.896,
          -9.571
        ]
      }
    },
    {
      "type": "Feature",
      "properties": {
        "DataHora": "2016/03/08 17:05:00",
        "Satelite": "AQUA_M-T",
        "Pais": "Brasil",
        "Estado": "TOCANTINS",
        "Municipio": "CASEARA",
        "Bioma": "Cerrado",
        "DiaSemChuva": 3,
        "Precipitacao": 2.1,
        "RiscoFogo": 0.1,
        "FRP": 10.3,
        "Latitude": -9.366,
        "Longitude": -49.811
      },
      "geometry": {
        "type": "Point",
        "coordinates": [
          -49.811,
          -9.366
        ]
      }
    },
    {
      "type": "Feature",
      "properties": {
        "DataHora": "2016/03/24 17:05:00",
        "Satelite": "AQUA_M-T",
        "Pais": "Brasil",
        "Estado": "TOCANTINS",
        "Municipio": "CASEARA",
        "Bioma": "Cerrado",
        "DiaSemChuva": 0,
        "Precipitacao": 0.0,
        "RiscoFogo": 0.1,
        "FRP": 9.2,
        "Latitude": -9.203,
        "Longitude": -49.797
      },
      "geometry": {
        "type": "Point",
        "coordinates": [
          -49.797,
          -9.203
        ]
      }
    },
    {
      "type": "Feature",
      "properties": {
        "DataHora": "2016/03/24 17:05:00",
        "Satelite": "AQUA_M-T",
        "Pais": "Brasil",
        "Estado": "TOCANTINS",
        "Municipio": "CASEARA",
        "Bioma": "Cerrado",
        "DiaSemChuva": 0,
        "Precipitacao": 0.1,
        "RiscoFogo": 0.1,
        "FRP": 11.7,
        "Latitude": -9.258,
        "Longitude": -49.788
      },
      "geometry": {
        "type": "Point",
        "coordinates": [
          -49.788,
          -9.258
        ]
      }
    },
    {
      "type": "Feature",
      "properties": {
        "DataHora": "2016/03/31 17:11:00",
        "Satelite": "AQUA_M-T",
        "Pais": "Brasil",
        "Estado": "TOCANTINS",
        "Municipio": "CASEARA",
        "Bioma": "Cerrado",
        "DiaSemChuva": 2,
        "Precipitacao": 11.4,
        "RiscoFogo": 0.0,
        "FRP": 7.7,
        "Latitude": -9.484,
        "Longitude": -49.847
      },
      "geometry": {
        "type": "Point",
        "coordinates": [
          -49.847,
          -9.484
        ]
      }
    },
    {
      "type": "Feature",
      "properties": {
        "DataHora": "2016/04/04 16:47:00",
        "Satelite": "AQUA_M-T",
        "Pais": "Brasil",
        "Estado": "TOCANTINS",
        "Municipio": "CASEARA",
        "Bioma": "Cerrado",
        "DiaSemChuva": 0,
        "Precipitacao": 4.3,
        "RiscoFogo": 0.1,
        "FRP": 8.7,
        "Latitude": -9.241,
        "Longitude": -49.901
      },
      "geometry": {
        "type": "Point",
        "coordinates": [
          -49.901,
          -9.241
        ]
      }
    },
    {
      "type": "Feature",
      "properties": {
        "DataHora": "2016/04/04 16:47:00",
        "Satelite": "AQUA_M-T",
        "Pais": "Brasil",
        "Estado": "TOCANTINS",
        "Municipio": "CASEARA",
        "Bioma": "Cerrado",
        "DiaSemChuva": 2,
        "Precipitacao": 2.0,
        "RiscoFogo": 0.1,
        "FRP": 16.9,
        "Latitude": -9.512,
        "Longitude": -49.869
      },
      "geometry": {
        "type": "Point",
        "coordinates": [
          -49.869,
          -9.512
        ]
      }
    },
    {
      "type": "Feature",
      "properties": {
        "DataHora": "2016/04/04 16:47:00",
        "Satelite": "AQUA_M-T",
        "Pais": "Brasil",
        "Estado": "TOCANTINS",
        "Municipio": "CASEARA",
        "Bioma": "Cerrado",
        "DiaSemChuva": 2,
        "Precipitacao": 1.9,
        "RiscoFogo": 0.1,
        "FRP": 20.6,
        "Latitude": -9.536,
        "Longitude": -49.818
      },
      "geometry": {
        "type": "Point",
        "coordinates": [
          -49.818,
          -9.536
        ]
      }
    },
    {
      "type": "Feature",
      "properties": {
        "DataHora": "2016/04/07 17:18:00",
        "Satelite": "AQUA_M-T",
        "Pais": "Brasil",
        "Estado": "TOCANTINS",
        "Municipio": "CASEARA",
        "Bioma": "Cerrado",
        "DiaSemChuva": 3,
        "Precipitacao": 0.0,
        "RiscoFogo": 0.4,
        "FRP": 11.7,
        "Latitude": -9.246,
        "Longitude": -49.901
      },
      "geometry": {
        "type": "Point",
        "coordinates": [
          -49.901,
          -9.246
        ]
      }
    },
    {
      "type": "Feature",
      "properties": {
        "DataHora": "2016/04/20 16:47:00",
        "Satelite": "AQUA_M-T",
        "Pais": "Brasil",
        "Estado": "TOCANTINS",
        "Municipio": "CASEARA",
        "Bioma": "Cerrado",
        "DiaSemChuva": 0,
        "Precipitacao": 0.1,
        "RiscoFogo": 0.6,
        "FRP": 14.6,
        "Latitude": -9.488,
        "Longitude": -49.739
      },
      "geometry": {
        "type": "Point",
        "coordinates": [
          -49.739,
          -9.488
        ]
      }
    },
    {
      "type": "Feature",
      "properties": {
        "DataHora": "2016/04/20 16:47:00",
        "Satelite": "AQUA_M-T",
        "Pais": "Brasil",
        "Estado": "TOCANTINS",
        "Municipio": "CASEARA",
        "Bioma": "Cerrado",
        "DiaSemChuva": 0,
        "Precipitacao": 0.1,
        "RiscoFogo": 0.5,
        "FRP": 17.6,
        "Latitude": -9.498,
        "Longitude": -49.738
      },
      "geometry": {
        "type": "Point",
        "coordinates": [
          -49.738,
          -9.498
        ]
      }
    },
    {
      "type": "Feature",
      "properties": {
        "DataHora": "2016/04/27 16:53:00",
        "Satelite": "AQUA_M-T",
        "Pais": "Brasil",
        "Estado": "TOCANTINS",
        "Municipio": "CASEARA",
        "Bioma": "Cerrado",
        "DiaSemChuva": 8,
        "Precipitacao": 7.9,
        "RiscoFogo": 0.1,
        "FRP": 11.4,
        "Latitude": -9.483,
        "Longitude": -49.912
      },
      "geometry": {
        "type": "Point",
        "coordinates": [
          -49.912,
          -9.483
        ]
      }
    },
    {
      "type": "Feature",
      "properties": {
        "DataHora": "2016/05/06 16:47:00",
        "Satelite": "AQUA_M-T",
        "Pais": "Brasil",
        "Estado": "TOCANTINS",
        "Municipio": "CASEARA",
        "Bioma": "Cerrado",
        "DiaSemChuva": 3,
        "Precipitacao": 0.7,
        "RiscoFogo": 0.3,
        "FRP": 12.4,
        "Latitude": -9.488,
        "Longitude": -49.744
      },
      "geometry": {
        "type": "Point",
        "coordinates": [
          -49.744,
          -9.488
        ]
      }
    },
    {
      "type": "Feature",
      "properties": {
        "DataHora": "2016/05/09 17:17:00",
        "Satelite": "AQUA_M-T",
        "Pais": "Brasil",
        "Estado": "TOCANTINS",
        "Municipio": "CASEARA",
        "Bioma": "Cerrado",
        "DiaSemChuva": 5,
        "Precipitacao": 1.8,
        "RiscoFogo": 0.3,
        "FRP": 22.3,
        "Latitude": -9.44,
        "Longitude": -49.89
      },
      "geometry": {
        "type": "Point",
        "coordinates": [
          -49.89,
          -9.44
        ]
      }
    },
    {
      "type": "Feature",
      "properties": {
        "DataHora": "2016/05/11 17:05:00",
        "Satelite": "AQUA_M-T",
        "Pais": "Brasil",
        "Estado": "TOCANTINS",
        "Municipio": "CASEARA",
        "Bioma": "Cerrado",
        "DiaSemChuva": 7,
        "Precipitacao": 0.0,
        "RiscoFogo": 0.6,
        "FRP": 82.1,
        "Latitude": -9.482,
        "Longitude": -49.727
      },
      "geometry": {
        "type": "Point",
        "coordinates": [
          -49.727,
          -9.482
        ]
      }
    },
    {
      "type": "Feature",
      "properties": {
        "DataHora": "2016/05/11 17:05:00",
        "Satelite": "AQUA_M-T",
        "Pais": "Brasil",
        "Estado": "TOCANTINS",
        "Municipio": "CASEARA",
        "Bioma": "Cerrado",
        "DiaSemChuva": 7,
        "Precipitacao": 0.0,
        "RiscoFogo": 0.5,
        "FRP": 21.9,
        "Latitude": -9.492,
        "Longitude": -49.735
      },
      "geometry": {
        "type": "Point",
        "coordinates": [
          -49.735,
          -9.492
        ]
      }
    },
    {
      "type": "Feature",
      "properties": {
        "DataHora": "2016/05/11 17:05:00",
        "Satelite": "AQUA_M-T",
        "Pais": "Brasil",
        "Estado": "TOCANTINS",
        "Municipio": "CASEARA",
        "Bioma": "Cerrado",
        "DiaSemChuva": 7,
        "Precipitacao": 0.0,
        "RiscoFogo": 0.6,
        "FRP": 13.3,
        "Latitude": -9.5,
        "Longitude": -49.724
      },
      "geometry": {
        "type": "Point",
        "coordinates": [
          -49.724,
          -9.5
        ]
      }
    },
    {
      "type": "Feature",
      "properties": {
        "DataHora": "2016/05/11 17:05:00",
        "Satelite": "AQUA_M-T",
        "Pais": "Brasil",
        "Estado": "TOCANTINS",
        "Municipio": "CASEARA",
        "Bioma": "Cerrado",
        "DiaSemChuva": 7,
        "Precipitacao": 0.0,
        "RiscoFogo": 0.6,
        "FRP": 6.3,
        "Latitude": -9.23,
        "Longitude": -49.764
      },
      "geometry": {
        "type": "Point",
        "coordinates": [
          -49.764,
          -9.23
        ]
      }
    },
    {
      "type": "Feature",
      "properties": {
        "DataHora": "2016/05/11 17:05:00",
        "Satelite": "AQUA_M-T",
        "Pais": "Brasil",
        "Estado": "TOCANTINS",
        "Municipio": "CASEARA",
        "Bioma": "Cerrado",
        "DiaSemChuva": 7,
        "Precipitacao": 0.0,
        "RiscoFogo": 0.8,
        "FRP": 218.5,
        "Latitude": -9.491,
        "Longitude": -49.726
      },
      "geometry": {
        "type": "Point",
        "coordinates": [
          -49.726,
          -9.491
        ]
      }
    },
    {
      "type": "Feature",
      "properties": {
        "DataHora": "2016/05/11 17:05:00",
        "Satelite": "AQUA_M-T",
        "Pais": "Brasil",
        "Estado": "TOCANTINS",
        "Municipio": "CASEARA",
        "Bioma": "Cerrado",
        "DiaSemChuva": 6,
        "Precipitacao": 0.0,
        "RiscoFogo": 0.2,
        "FRP": 73.7,
        "Latitude": -9.48,
        "Longitude": -49.718
      },
      "geometry": {
        "type": "Point",
        "coordinates": [
          -49.718,
          -9.48
        ]
      }
    },
    {
      "type": "Feature",
      "properties": {
        "DataHora": "2016/05/13 16:53:00",
        "Satelite": "AQUA_M-T",
        "Pais": "Brasil",
        "Estado": "TOCANTINS",
        "Municipio": "CASEARA",
        "Bioma": "Cerrado",
        "DiaSemChuva": 7,
        "Precipitacao": 0.0,
        "RiscoFogo": 0.3,
        "FRP": 13.2,
        "Latitude": -9.504,
        "Longitude": -49.927
      },
      "geometry": {
        "type": "Point",
        "coordinates": [
          -49.927,
          -9.504
        ]
      }
    },
    {
      "type": "Feature",
      "properties": {
        "DataHora": "2016/05/13 16:53:00",
        "Satelite": "AQUA_M-T",
        "Pais": "Brasil",
        "Estado": "TOCANTINS",
        "Municipio": "CASEARA",
        "Bioma": "Cerrado",
        "DiaSemChuva": 4,
        "Precipitacao": 0.1,
        "RiscoFogo": 0.8,
        "FRP": 18.5,
        "Latitude": -9.445,
        "Longitude": -49.891
      },
      "geometry": {
        "type": "Point",
        "coordinates": [
          -49.891,
          -9.445
        ]
      }
    },
    {
      "type": "Feature",
      "properties": {
        "DataHora": "2016/05/13 16:53:00",
        "Satelite": "AQUA_M-T",
        "Pais": "Brasil",
        "Estado": "TOCANTINS",
        "Municipio": "CASEARA",
        "Bioma": "Cerrado",
        "DiaSemChuva": 9,
        "Precipitacao": 0.0,
        "RiscoFogo": 0.4,
        "FRP": 12.1,
        "Latitude": -9.234,
        "Longitude": -49.762
      },
      "geometry": {
        "type": "Point",
        "coordinates": [
          -49.762,
          -9.234
        ]
      }
    },
    {
      "type": "Feature",
      "properties": {
        "DataHora": "2016/05/13 16:53:00",
        "Satelite": "AQUA_M-T",
        "Pais": "Brasil",
        "Estado": "TOCANTINS",
        "Municipio": "CASEARA",
        "Bioma": "Cerrado",
        "DiaSemChuva": 9,
        "Precipitacao": 0.0,
        "RiscoFogo": 0.9,
        "FRP": 26.5,
        "Latitude": -9.487,
        "Longitude": -49.727
      },
      "geometry": {
        "type": "Point",
        "coordinates": [
          -49.727,
          -9.487
        ]
      }
    },
    {
      "type": "Feature",
      "properties": {
        "DataHora": "2016/05/13 16:53:00",
        "Satelite": "AQUA_M-T",
        "Pais": "Brasil",
        "Estado": "TOCANTINS",
        "Municipio": "CASEARA",
        "Bioma": "Cerrado",
        "DiaSemChuva": 9,
        "Precipitacao": 0.0,
        "RiscoFogo": 0.9,
        "FRP": 12.6,
        "Latitude": -9.496,
        "Longitude": -49.726
      },
      "geometry": {
        "type": "Point",
        "coordinates": [
          -49.726,
          -9.496
        ]
      }
    },
    {
      "type": "Feature",
      "properties": {
        "DataHora": "2016/05/13 16:53:00",
        "Satelite": "AQUA_M-T",
        "Pais": "Brasil",
        "Estado": "TOCANTINS",
        "Municipio": "CASEARA",
        "Bioma": "Cerrado",
        "DiaSemChuva": 9,
        "Precipitacao": 0.0,
        "RiscoFogo": 0.7,
        "FRP": 10.8,
        "Latitude": -9.497,
        "Longitude": -49.736
      },
      "geometry": {
        "type": "Point",
        "coordinates": [
          -49.736,
          -9.497
        ]
      }
    },
    {
      "type": "Feature",
      "properties": {
        "DataHora": "2016/05/13 16:53:00",
        "Satelite": "AQUA_M-T",
        "Pais": "Brasil",
        "Estado": "TOCANTINS",
        "Municipio": "CASEARA",
        "Bioma": "Cerrado",
        "DiaSemChuva": 7,
        "Precipitacao": 0.0,
        "RiscoFogo": 1.0,
        "FRP": 9.6,
        "Latitude": -9.296,
        "Longitude": -49.747
      },
      "geometry": {
        "type": "Point",
        "coordinates": [
          -49.747,
          -9.296
        ]
      }
    },
    {
      "type": "Feature",
      "properties": {
        "DataHora": "2016/05/16 17:23:00",
        "Satelite": "AQUA_M-T",
        "Pais": "Brasil",
        "Estado": "TOCANTINS",
        "Municipio": "CASEARA",
        "Bioma": "Cerrado",
        "DiaSemChuva": 11,
        "Precipitacao": 0.2,
        "RiscoFogo": 0.8,
        "FRP": 21.2,
        "Latitude": -9.49,
        "Longitude": -49.733
      },
      "geometry": {
        "type": "Point",
        "coordinates": [
          -49.733,
          -9.49
        ]
      }
    },
    {
      "type": "Feature",
      "properties": {
        "DataHora": "2016/05/20 16:58:00",
        "Satelite": "AQUA_M-T",
        "Pais": "Brasil",
        "Estado": "TOCANTINS",
        "Municipio": "CASEARA",
        "Bioma": "Cerrado",
        "DiaSemChuva": 14,
        "Precipitacao": 0.0,
        "RiscoFogo": 1.0,
        "FRP": 21.3,
        "Latitude": -9.494,
        "Longitude": -49.725
      },
      "geometry": {
        "type": "Point",
        "coordinates": [
          -49.725,
          -9.494
        ]
      }
    },
    {
      "type": "Feature",
      "properties": {
        "DataHora": "2016/05/25 17:17:00",
        "Satelite": "AQUA_M-T",
        "Pais": "Brasil",
        "Estado": "TOCANTINS",
        "Municipio": "CASEARA",
        "Bioma": "Cerrado",
        "DiaSemChuva": 18,
        "Precipitacao": 0.0,
        "RiscoFogo": 0.9,
        "FRP": 12.8,
        "Latitude": -9.502,
        "Longitude": -49.721
      },
      "geometry": {
        "type": "Point",
        "coordinates": [
          -49.721,
          -9.502
        ]
      }
    },
    {
      "type": "Feature",
      "properties": {
        "DataHora": "2016/05/25 17:17:00",
        "Satelite": "AQUA_M-T",
        "Pais": "Brasil",
        "Estado": "TOCANTINS",
        "Municipio": "CASEARA",
        "Bioma": "Cerrado",
        "DiaSemChuva": 20,
        "Precipitacao": 0.0,
        "RiscoFogo": 1.0,
        "FRP": 15.6,
        "Latitude": -9.505,
        "Longitude": -49.735
      },
      "geometry": {
        "type": "Point",
        "coordinates": [
          -49.735,
          -9.505
        ]
      }
    },
    {
      "type": "Feature",
      "properties": {
        "DataHora": "2016/05/25 17:17:00",
        "Satelite": "AQUA_M-T",
        "Pais": "Brasil",
        "Estado": "TOCANTINS",
        "Municipio": "CASEARA",
        "Bioma": "Cerrado",
        "DiaSemChuva": 20,
        "Precipitacao": 0.0,
        "RiscoFogo": 1.0,
        "FRP": 90.1,
        "Latitude": -9.494,
        "Longitude": -49.737
      },
      "geometry": {
        "type": "Point",
        "coordinates": [
          -49.737,
          -9.494
        ]
      }
    },
    {
      "type": "Feature",
      "properties": {
        "DataHora": "2016/05/25 17:17:00",
        "Satelite": "AQUA_M-T",
        "Pais": "Brasil",
        "Estado": "TOCANTINS",
        "Municipio": "CASEARA",
        "Bioma": "Cerrado",
        "DiaSemChuva": 19,
        "Precipitacao": 0.0,
        "RiscoFogo": 0.9,
        "FRP": 82.9,
        "Latitude": -9.491,
        "Longitude": -49.723
      },
      "geometry": {
        "type": "Point",
        "coordinates": [
          -49.723,
          -9.491
        ]
      }
    },
    {
      "type": "Feature",
      "properties": {
        "DataHora": "2016/05/25 17:17:00",
        "Satelite": "AQUA_M-T",
        "Pais": "Brasil",
        "Estado": "TOCANTINS",
        "Municipio": "CASEARA",
        "Bioma": "Cerrado",
        "DiaSemChuva": 19,
        "Precipitacao": 0.0,
        "RiscoFogo": 1.0,
        "FRP": 81.6,
        "Latitude": -9.489,
        "Longitude": -49.73
      },
      "geometry": {
        "type": "Point",
        "coordinates": [
          -49.73,
          -9.489
        ]
      }
    },
    {
      "type": "Feature",
      "properties": {
        "DataHora": "2016/05/31 16:40:00",
        "Satelite": "AQUA_M-T",
        "Pais": "Brasil",
        "Estado": "TOCANTINS",
        "Municipio": "CASEARA",
        "Bioma": "Cerrado",
        "DiaSemChuva": 4,
        "Precipitacao": 0.0,
        "RiscoFogo": 1.0,
        "FRP": 12.2,
        "Latitude": -9.314,
        "Longitude": -49.854
      },
      "geometry": {
        "type": "Point",
        "coordinates": [
          -49.854,
          -9.314
        ]
      }
    },
    {
      "type": "Feature",
      "properties": {
        "DataHora": "2016/06/16 16:40:00",
        "Satelite": "AQUA_M-T",
        "Pais": "Brasil",
        "Estado": "TOCANTINS",
        "Municipio": "CASEARA",
        "Bioma": "Cerrado",
        "DiaSemChuva": 2,
        "Precipitacao": 0.0,
        "RiscoFogo": 0.9,
        "FRP": 19.6,
        "Latitude": -9.499,
        "Longitude": -49.729
      },
      "geometry": {
        "type": "Point",
        "coordinates": [
          -49.729,
          -9.499
        ]
      }
    },
    {
      "type": "Feature",
      "properties": {
        "DataHora": "2016/06/16 16:40:00",
        "Satelite": "AQUA_M-T",
        "Pais": "Brasil",
        "Estado": "TOCANTINS",
        "Municipio": "CASEARA",
        "Bioma": "Cerrado",
        "DiaSemChuva": 2,
        "Precipitacao": 0.0,
        "RiscoFogo": 0.9,
        "FRP": 24.7,
        "Latitude": -9.49,
        "Longitude": -49.737
      },
      "geometry": {
        "type": "Point",
        "coordinates": [
          -49.737,
          -9.49
        ]
      }
    },
    {
      "type": "Feature",
      "properties": {
        "DataHora": "2016/06/16 16:40:00",
        "Satelite": "AQUA_M-T",
        "Pais": "Brasil",
        "Estado": "TOCANTINS",
        "Municipio": "CASEARA",
        "Bioma": "Cerrado",
        "DiaSemChuva": 2,
        "Precipitacao": 0.0,
        "RiscoFogo": 1.0,
        "FRP": 31.8,
        "Latitude": -9.501,
        "Longitude": -49.735
      },
      "geometry": {
        "type": "Point",
        "coordinates": [
          -49.735,
          -9.501
        ]
      }
    },
    {
      "type": "Feature",
      "properties": {
        "DataHora": "2016/06/16 16:40:00",
        "Satelite": "AQUA_M-T",
        "Pais": "Brasil",
        "Estado": "TOCANTINS",
        "Municipio": "CASEARA",
        "Bioma": "Cerrado",
        "DiaSemChuva": 2,
        "Precipitacao": 0.0,
        "RiscoFogo": 1.0,
        "FRP": 28.1,
        "Latitude": -9.501,
        "Longitude": -49.744
      },
      "geometry": {
        "type": "Point",
        "coordinates": [
          -49.744,
          -9.501
        ]
      }
    },
    {
      "type": "Feature",
      "properties": {
        "DataHora": "2016/06/18 16:28:00",
        "Satelite": "AQUA_M-T",
        "Pais": "Brasil",
        "Estado": "TOCANTINS",
        "Municipio": "CASEARA",
        "Bioma": "Cerrado",
        "DiaSemChuva": 4,
        "Precipitacao": 0.1,
        "RiscoFogo": 0.9,
        "FRP": 21.6,
        "Latitude": -9.397,
        "Longitude": -49.866
      },
      "geometry": {
        "type": "Point",
        "coordinates": [
          -49.866,
          -9.397
        ]
      }
    },
    {
      "type": "Feature",
      "properties": {
        "DataHora": "2016/06/18 16:28:00",
        "Satelite": "AQUA_M-T",
        "Pais": "Brasil",
        "Estado": "TOCANTINS",
        "Municipio": "CASEARA",
        "Bioma": "Cerrado",
        "DiaSemChuva": 4,
        "Precipitacao": 0.6,
        "RiscoFogo": 0.9,
        "FRP": 71.5,
        "Latitude": -9.496,
        "Longitude": -49.937
      },
      "geometry": {
        "type": "Point",
        "coordinates": [
          -49.937,
          -9.496
        ]
      }
    },
    {
      "type": "Feature",
      "properties": {
        "DataHora": "2016/06/18 16:28:00",
        "Satelite": "AQUA_M-T",
        "Pais": "Brasil",
        "Estado": "TOCANTINS",
        "Municipio": "CASEARA",
        "Bioma": "Cerrado",
        "DiaSemChuva": 4,
        "Precipitacao": 0.5,
        "RiscoFogo": 0.9,
        "FRP": 45.4,
        "Latitude": -9.478,
        "Longitude": -49.911
      },
      "geometry": {
        "type": "Point",
        "coordinates": [
          -49.911,
          -9.478
        ]
      }
    },
    {
      "type": "Feature",
      "properties": {
        "DataHora": "2016/06/18 16:28:00",
        "Satelite": "AQUA_M-T",
        "Pais": "Brasil",
        "Estado": "TOCANTINS",
        "Municipio": "CASEARA",
        "Bioma": "Cerrado",
        "DiaSemChuva": 4,
        "Precipitacao": 0.6,
        "RiscoFogo": 0.6,
        "FRP": 212.3,
        "Latitude": -9.481,
        "Longitude": -49.939
      },
      "geometry": {
        "type": "Point",
        "coordinates": [
          -49.939,
          -9.481
        ]
      }
    },
    {
      "type": "Feature",
      "properties": {
        "DataHora": "2016/06/21 16:58:00",
        "Satelite": "AQUA_M-T",
        "Pais": "Brasil",
        "Estado": "TOCANTINS",
        "Municipio": "CASEARA",
        "Bioma": "Cerrado",
        "DiaSemChuva": 7,
        "Precipitacao": 0.0,
        "RiscoFogo": 1.0,
        "FRP": 52.5,
        "Latitude": -9.389,
        "Longitude": -49.857
      },
      "geometry": {
        "type": "Point",
        "coordinates": [
          -49.857,
          -9.389
        ]
      }
    },
    {
      "type": "Feature",
      "properties": {
        "DataHora": "2016/06/21 16:58:00",
        "Satelite": "AQUA_M-T",
        "Pais": "Brasil",
        "Estado": "TOCANTINS",
        "Municipio": "CASEARA",
        "Bioma": "Cerrado",
        "DiaSemChuva": 7,
        "Precipitacao": 0.0,
        "RiscoFogo": 1.0,
        "FRP": 10.5,
        "Latitude": -9.388,
        "Longitude": -49.848
      },
      "geometry": {
        "type": "Point",
        "coordinates": [
          -49.848,
          -9.388
        ]
      }
    },
    {
      "type": "Feature",
      "properties": {
        "DataHora": "2016/06/22 17:41:00",
        "Satelite": "AQUA_M-T",
        "Pais": "Brasil",
        "Estado": "TOCANTINS",
        "Municipio": "CASEARA",
        "Bioma": "Cerrado",
        "DiaSemChuva": 8,
        "Precipitacao": 0.0,
        "RiscoFogo": 1.0,
        "FRP": 119.0,
        "Latitude": -9.386,
        "Longitude": -49.876
      },
      "geometry": {
        "type": "Point",
        "coordinates": [
          -49.876,
          -9.386
        ]
      }
    },
    {
      "type": "Feature",
      "properties": {
        "DataHora": "2016/06/22 17:41:00",
        "Satelite": "AQUA_M-T",
        "Pais": "Brasil",
        "Estado": "TOCANTINS",
        "Municipio": "CASEARA",
        "Bioma": "Cerrado",
        "DiaSemChuva": 8,
        "Precipitacao": 0.0,
        "RiscoFogo": 1.0,
        "FRP": 185.8,
        "Latitude": -9.385,
        "Longitude": -49.871
      },
      "geometry": {
        "type": "Point",
        "coordinates": [
          -49.871,
          -9.385
        ]
      }
    },
    {
      "type": "Feature",
      "properties": {
        "DataHora": "2016/06/22 17:41:00",
        "Satelite": "AQUA_M-T",
        "Pais": "Brasil",
        "Estado": "TOCANTINS",
        "Municipio": "CASEARA",
        "Bioma": "Cerrado",
        "DiaSemChuva": 8,
        "Precipitacao": 0.0,
        "RiscoFogo": 1.0,
        "FRP": 50.3,
        "Latitude": -9.379,
        "Longitude": -49.836
      },
      "geometry": {
        "type": "Point",
        "coordinates": [
          -49.836,
          -9.379
        ]
      }
    },
    {
      "type": "Feature",
      "properties": {
        "DataHora": "2016/06/27 16:21:00",
        "Satelite": "AQUA_M-T",
        "Pais": "Brasil",
        "Estado": "TOCANTINS",
        "Municipio": "CASEARA",
        "Bioma": "Cerrado",
        "DiaSemChuva": 13,
        "Precipitacao": 0.0,
        "RiscoFogo": 1.0,
        "FRP": 41.3,
        "Latitude": -9.499,
        "Longitude": -49.738
      },
      "geometry": {
        "type": "Point",
        "coordinates": [
          -49.738,
          -9.499
        ]
      }
    },
    {
      "type": "Feature",
      "properties": {
        "DataHora": "2016/06/28 17:04:00",
        "Satelite": "AQUA_M-T",
        "Pais": "Brasil",
        "Estado": "TOCANTINS",
        "Municipio": "CASEARA",
        "Bioma": "Cerrado",
        "DiaSemChuva": 14,
        "Precipitacao": 0.0,
        "RiscoFogo": 0.9,
        "FRP": 9.4,
        "Latitude": -9.487,
        "Longitude": -49.722
      },
      "geometry": {
        "type": "Point",
        "coordinates": [
          -49.722,
          -9.487
        ]
      }
    },
    {
      "type": "Feature",
      "properties": {
        "DataHora": "2016/06/28 17:04:00",
        "Satelite": "AQUA_M-T",
        "Pais": "Brasil",
        "Estado": "TOCANTINS",
        "Municipio": "CASEARA",
        "Bioma": "Cerrado",
        "DiaSemChuva": 14,
        "Precipitacao": 0.0,
        "RiscoFogo": 1.0,
        "FRP": 12.2,
        "Latitude": -9.462,
        "Longitude": -49.936
      },
      "geometry": {
        "type": "Point",
        "coordinates": [
          -49.936,
          -9.462
        ]
      }
    },
    {
      "type": "Feature",
      "properties": {
        "DataHora": "2016/06/30 16:52:00",
        "Satelite": "AQUA_M-T",
        "Pais": "Brasil",
        "Estado": "TOCANTINS",
        "Municipio": "CASEARA",
        "Bioma": "Cerrado",
        "DiaSemChuva": 16,
        "Precipitacao": 0.0,
        "RiscoFogo": 1.0,
        "FRP": 20.3,
        "Latitude": -9.493,
        "Longitude": -49.726
      },
      "geometry": {
        "type": "Point",
        "coordinates": [
          -49.726,
          -9.493
        ]
      }
    },
    {
      "type": "Feature",
      "properties": {
        "DataHora": "2016/07/03 17:22:00",
        "Satelite": "AQUA_M-T",
        "Pais": "Brasil",
        "Estado": "TOCANTINS",
        "Municipio": "CASEARA",
        "Bioma": "Cerrado",
        "DiaSemChuva": 19,
        "Precipitacao": 0.0,
        "RiscoFogo": 1.0,
        "FRP": 23.7,
        "Latitude": -9.675,
        "Longitude": -49.867
      },
      "geometry": {
        "type": "Point",
        "coordinates": [
          -49.867,
          -9.675
        ]
      }
    },
    {
      "type": "Feature",
      "properties": {
        "DataHora": "2016/07/03 17:22:00",
        "Satelite": "AQUA_M-T",
        "Pais": "Brasil",
        "Estado": "TOCANTINS",
        "Municipio": "CASEARA",
        "Bioma": "Cerrado",
        "DiaSemChuva": 19,
        "Precipitacao": 0.0,
        "RiscoFogo": 1.0,
        "FRP": 32.2,
        "Latitude": -9.671,
        "Longitude": -49.878
      },
      "geometry": {
        "type": "Point",
        "coordinates": [
          -49.878,
          -9.671
        ]
      }
    },
    {
      "type": "Feature",
      "properties": {
        "DataHora": "2016/07/03 17:22:00",
        "Satelite": "AQUA_M-T",
        "Pais": "Brasil",
        "Estado": "TOCANTINS",
        "Municipio": "CASEARA",
        "Bioma": "Cerrado",
        "DiaSemChuva": 19,
        "Precipitacao": 0.0,
        "RiscoFogo": 1.0,
        "FRP": 28.2,
        "Latitude": -9.668,
        "Longitude": -49.861
      },
      "geometry": {
        "type": "Point",
        "coordinates": [
          -49.861,
          -9.668
        ]
      }
    },
    {
      "type": "Feature",
      "properties": {
        "DataHora": "2016/07/03 17:22:00",
        "Satelite": "AQUA_M-T",
        "Pais": "Brasil",
        "Estado": "TOCANTINS",
        "Municipio": "CASEARA",
        "Bioma": "Cerrado",
        "DiaSemChuva": 19,
        "Precipitacao": 0.0,
        "RiscoFogo": 1.0,
        "FRP": 29.8,
        "Latitude": -9.663,
        "Longitude": -49.869
      },
      "geometry": {
        "type": "Point",
        "coordinates": [
          -49.869,
          -9.663
        ]
      }
    },
    {
      "type": "Feature",
      "properties": {
        "DataHora": "2016/07/05 17:10:00",
        "Satelite": "AQUA_M-T",
        "Pais": "Brasil",
        "Estado": "TOCANTINS",
        "Municipio": "CASEARA",
        "Bioma": "Cerrado",
        "DiaSemChuva": 22,
        "Precipitacao": 0.0,
        "RiscoFogo": 1.0,
        "FRP": 13.7,
        "Latitude": -9.103,
        "Longitude": -49.844
      },
      "geometry": {
        "type": "Point",
        "coordinates": [
          -49.844,
          -9.103
        ]
      }
    },
    {
      "type": "Feature",
      "properties": {
        "DataHora": "2016/07/07 16:58:00",
        "Satelite": "AQUA_M-T",
        "Pais": "Brasil",
        "Estado": "TOCANTINS",
        "Municipio": "CASEARA",
        "Bioma": "Cerrado",
        "DiaSemChuva": 23,
        "Precipitacao": 0.0,
        "RiscoFogo": 0.8,
        "FRP": 24.3,
        "Latitude": -9.485,
        "Longitude": -49.715
      },
      "geometry": {
        "type": "Point",
        "coordinates": [
          -49.715,
          -9.485
        ]
      }
    },
    {
      "type": "Feature",
      "properties": {
        "DataHora": "2016/07/07 16:58:00",
        "Satelite": "AQUA_M-T",
        "Pais": "Brasil",
        "Estado": "TOCANTINS",
        "Municipio": "CASEARA",
        "Bioma": "Cerrado",
        "DiaSemChuva": 23,
        "Precipitacao": 0.0,
        "RiscoFogo": 1.0,
        "FRP": 58.3,
        "Latitude": -9.486,
        "Longitude": -49.724
      },
      "geometry": {
        "type": "Point",
        "coordinates": [
          -49.724,
          -9.486
        ]
      }
    },
    {
      "type": "Feature",
      "properties": {
        "DataHora": "2016/07/07 16:58:00",
        "Satelite": "AQUA_M-T",
        "Pais": "Brasil",
        "Estado": "TOCANTINS",
        "Municipio": "CASEARA",
        "Bioma": "Cerrado",
        "DiaSemChuva": 23,
        "Precipitacao": 0.0,
        "RiscoFogo": 1.0,
        "FRP": 8.2,
        "Latitude": -9.338,
        "Longitude": -49.851
      },
      "geometry": {
        "type": "Point",
        "coordinates": [
          -49.851,
          -9.338
        ]
      }
    },
    {
      "type": "Feature",
      "properties": {
        "DataHora": "2016/07/07 16:58:00",
        "Satelite": "AQUA_M-T",
        "Pais": "Brasil",
        "Estado": "TOCANTINS",
        "Municipio": "CASEARA",
        "Bioma": "Cerrado",
        "DiaSemChuva": 23,
        "Precipitacao": 0.0,
        "RiscoFogo": 1.0,
        "FRP": 17.4,
        "Latitude": -9.495,
        "Longitude": -49.723
      },
      "geometry": {
        "type": "Point",
        "coordinates": [
          -49.723,
          -9.495
        ]
      }
    },
    {
      "type": "Feature",
      "properties": {
        "DataHora": "2016/07/19 17:22:00",
        "Satelite": "AQUA_M-T",
        "Pais": "Brasil",
        "Estado": "TOCANTINS",
        "Municipio": "CASEARA",
        "Bioma": "Cerrado",
        "DiaSemChuva": 36,
        "Precipitacao": 0.0,
        "RiscoFogo": 1.0,
        "FRP": 21.0,
        "Latitude": -9.31,
        "Longitude": -49.925
      },
      "geometry": {
        "type": "Point",
        "coordinates": [
          -49.925,
          -9.31
        ]
      }
    },
    {
      "type": "Feature",
      "properties": {
        "DataHora": "2016/07/28 17:16:00",
        "Satelite": "AQUA_M-T",
        "Pais": "Brasil",
        "Estado": "TOCANTINS",
        "Municipio": "CASEARA",
        "Bioma": "Cerrado",
        "DiaSemChuva": 37,
        "Precipitacao": 0.0,
        "RiscoFogo": 1.0,
        "FRP": 24.0,
        "Latitude": -9.389,
        "Longitude": -49.891
      },
      "geometry": {
        "type": "Point",
        "coordinates": [
          -49.891,
          -9.389
        ]
      }
    },
    {
      "type": "Feature",
      "properties": {
        "DataHora": "2016/07/28 17:16:00",
        "Satelite": "AQUA_M-T",
        "Pais": "Brasil",
        "Estado": "TOCANTINS",
        "Municipio": "CASEARA",
        "Bioma": "Cerrado",
        "DiaSemChuva": 39,
        "Precipitacao": 0.0,
        "RiscoFogo": 1.0,
        "FRP": 45.3,
        "Latitude": -9.378,
        "Longitude": -49.893
      },
      "geometry": {
        "type": "Point",
        "coordinates": [
          -49.893,
          -9.378
        ]
      }
    },
    {
      "type": "Feature",
      "properties": {
        "DataHora": "2016/07/30 17:04:00",
        "Satelite": "AQUA_M-T",
        "Pais": "Brasil",
        "Estado": "TOCANTINS",
        "Municipio": "CASEARA",
        "Bioma": "Cerrado",
        "DiaSemChuva": 47,
        "Precipitacao": 0.0,
        "RiscoFogo": 1.0,
        "FRP": 94.3,
        "Latitude": -9.194,
        "Longitude": -49.859
      },
      "geometry": {
        "type": "Point",
        "coordinates": [
          -49.859,
          -9.194
        ]
      }
    },
    {
      "type": "Feature",
      "properties": {
        "DataHora": "2016/07/30 17:04:00",
        "Satelite": "AQUA_M-T",
        "Pais": "Brasil",
        "Estado": "TOCANTINS",
        "Municipio": "CASEARA",
        "Bioma": "Cerrado",
        "DiaSemChuva": 47,
        "Precipitacao": 0.0,
        "RiscoFogo": 1.0,
        "FRP": 25.3,
        "Latitude": -9.168,
        "Longitude": -49.872
      },
      "geometry": {
        "type": "Point",
        "coordinates": [
          -49.872,
          -9.168
        ]
      }
    },
    {
      "type": "Feature",
      "properties": {
        "DataHora": "2016/07/30 17:04:00",
        "Satelite": "AQUA_M-T",
        "Pais": "Brasil",
        "Estado": "TOCANTINS",
        "Municipio": "CASEARA",
        "Bioma": "Cerrado",
        "DiaSemChuva": 47,
        "Precipitacao": 0.0,
        "RiscoFogo": 1.0,
        "FRP": 23.2,
        "Latitude": -9.159,
        "Longitude": -49.874
      },
      "geometry": {
        "type": "Point",
        "coordinates": [
          -49.874,
          -9.159
        ]
      }
    },
    {
      "type": "Feature",
      "properties": {
        "DataHora": "2016/07/30 17:04:00",
        "Satelite": "AQUA_M-T",
        "Pais": "Brasil",
        "Estado": "TOCANTINS",
        "Municipio": "CASEARA",
        "Bioma": "Cerrado",
        "DiaSemChuva": 47,
        "Precipitacao": 0.0,
        "RiscoFogo": 1.0,
        "FRP": 62.4,
        "Latitude": -9.193,
        "Longitude": -49.85
      },
      "geometry": {
        "type": "Point",
        "coordinates": [
          -49.85,
          -9.193
        ]
      }
    },
    {
      "type": "Feature",
      "properties": {
        "DataHora": "2016/07/30 17:04:00",
        "Satelite": "AQUA_M-T",
        "Pais": "Brasil",
        "Estado": "TOCANTINS",
        "Municipio": "CASEARA",
        "Bioma": "Cerrado",
        "DiaSemChuva": 47,
        "Precipitacao": 0.0,
        "RiscoFogo": 1.0,
        "FRP": 13.6,
        "Latitude": -9.161,
        "Longitude": -49.883
      },
      "geometry": {
        "type": "Point",
        "coordinates": [
          -49.883,
          -9.161
        ]
      }
    },
    {
      "type": "Feature",
      "properties": {
        "DataHora": "2016/07/30 17:04:00",
        "Satelite": "AQUA_M-T",
        "Pais": "Brasil",
        "Estado": "TOCANTINS",
        "Municipio": "CASEARA",
        "Bioma": "Cerrado",
        "DiaSemChuva": 46,
        "Precipitacao": 0.0,
        "RiscoFogo": 1.0,
        "FRP": 26.4,
        "Latitude": -9.201,
        "Longitude": -49.839
      },
      "geometry": {
        "type": "Point",
        "coordinates": [
          -49.839,
          -9.201
        ]
      }
    },
    {
      "type": "Feature",
      "properties": {
        "DataHora": "2016/07/30 17:04:00",
        "Satelite": "AQUA_M-T",
        "Pais": "Brasil",
        "Estado": "TOCANTINS",
        "Municipio": "CASEARA",
        "Bioma": "Cerrado",
        "DiaSemChuva": 47,
        "Precipitacao": 0.0,
        "RiscoFogo": 1.0,
        "FRP": 24.3,
        "Latitude": -9.209,
        "Longitude": -49.831
      },
      "geometry": {
        "type": "Point",
        "coordinates": [
          -49.831,
          -9.209
        ]
      }
    },
    {
      "type": "Feature",
      "properties": {
        "DataHora": "2016/07/30 17:04:00",
        "Satelite": "AQUA_M-T",
        "Pais": "Brasil",
        "Estado": "TOCANTINS",
        "Municipio": "CASEARA",
        "Bioma": "Cerrado",
        "DiaSemChuva": 47,
        "Precipitacao": 0.0,
        "RiscoFogo": 1.0,
        "FRP": 10.7,
        "Latitude": -9.17,
        "Longitude": -49.882
      },
      "geometry": {
        "type": "Point",
        "coordinates": [
          -49.882,
          -9.17
        ]
      }
    },
    {
      "type": "Feature",
      "properties": {
        "DataHora": "2016/08/01 16:52:00",
        "Satelite": "AQUA_M-T",
        "Pais": "Brasil",
        "Estado": "TOCANTINS",
        "Municipio": "CASEARA",
        "Bioma": "Cerrado",
        "DiaSemChuva": 49,
        "Precipitacao": 0.0,
        "RiscoFogo": 1.0,
        "FRP": 17.8,
        "Latitude": -9.167,
        "Longitude": -49.876
      },
      "geometry": {
        "type": "Point",
        "coordinates": [
          -49.876,
          -9.167
        ]
      }
    },
    {
      "type": "Feature",
      "properties": {
        "DataHora": "2016/08/02 17:35:00",
        "Satelite": "AQUA_M-T",
        "Pais": "Brasil",
        "Estado": "TOCANTINS",
        "Municipio": "CASEARA",
        "Bioma": "Cerrado",
        "DiaSemChuva": 49,
        "Precipitacao": 0.0,
        "RiscoFogo": 1.0,
        "FRP": 46.9,
        "Latitude": -9.487,
        "Longitude": -49.726
      },
      "geometry": {
        "type": "Point",
        "coordinates": [
          -49.726,
          -9.487
        ]
      }
    },
    {
      "type": "Feature",
      "properties": {
        "DataHora": "2016/08/02 17:35:00",
        "Satelite": "AQUA_M-T",
        "Pais": "Brasil",
        "Estado": "TOCANTINS",
        "Municipio": "CASEARA",
        "Bioma": "Cerrado",
        "DiaSemChuva": 49,
        "Precipitacao": 0.0,
        "RiscoFogo": 1.0,
        "FRP": 174.7,
        "Latitude": -9.492,
        "Longitude": -49.757
      },
      "geometry": {
        "type": "Point",
        "coordinates": [
          -49.757,
          -9.492
        ]
      }
    },
    {
      "type": "Feature",
      "properties": {
        "DataHora": "2016/08/02 17:35:00",
        "Satelite": "AQUA_M-T",
        "Pais": "Brasil",
        "Estado": "TOCANTINS",
        "Municipio": "CASEARA",
        "Bioma": "Cerrado",
        "DiaSemChuva": 49,
        "Precipitacao": 0.0,
        "RiscoFogo": 1.0,
        "FRP": 124.6,
        "Latitude": -9.487,
        "Longitude": -49.75
      },
      "geometry": {
        "type": "Point",
        "coordinates": [
          -49.75,
          -9.487
        ]
      }
    },
    {
      "type": "Feature",
      "properties": {
        "DataHora": "2016/08/04 17:22:00",
        "Satelite": "AQUA_M-T",
        "Pais": "Brasil",
        "Estado": "TOCANTINS",
        "Municipio": "CASEARA",
        "Bioma": "Cerrado",
        "DiaSemChuva": 51,
        "Precipitacao": 0.0,
        "RiscoFogo": 1.0,
        "FRP": 42.1,
        "Latitude": -9.644,
        "Longitude": -49.822
      },
      "geometry": {
        "type": "Point",
        "coordinates": [
          -49.822,
          -9.644
        ]
      }
    },
    {
      "type": "Feature",
      "properties": {
        "DataHora": "2016/08/04 17:22:00",
        "Satelite": "AQUA_M-T",
        "Pais": "Brasil",
        "Estado": "TOCANTINS",
        "Municipio": "CASEARA",
        "Bioma": "Cerrado",
        "DiaSemChuva": 51,
        "Precipitacao": 0.0,
        "RiscoFogo": 1.0,
        "FRP": 32.4,
        "Latitude": -9.443,
        "Longitude": -49.796
      },
      "geometry": {
        "type": "Point",
        "coordinates": [
          -49.796,
          -9.443
        ]
      }
    },
    {
      "type": "Feature",
      "properties": {
        "DataHora": "2016/08/04 17:22:00",
        "Satelite": "AQUA_M-T",
        "Pais": "Brasil",
        "Estado": "TOCANTINS",
        "Municipio": "CASEARA",
        "Bioma": "Cerrado",
        "DiaSemChuva": 51,
        "Precipitacao": 0.0,
        "RiscoFogo": 1.0,
        "FRP": 43.7,
        "Latitude": -9.641,
        "Longitude": -49.828
      },
      "geometry": {
        "type": "Point",
        "coordinates": [
          -49.828,
          -9.641
        ]
      }
    },
    {
      "type": "Feature",
      "properties": {
        "DataHora": "2016/08/06 17:10:00",
        "Satelite": "AQUA_M-T",
        "Pais": "Brasil",
        "Estado": "TOCANTINS",
        "Municipio": "CASEARA",
        "Bioma": "Cerrado",
        "DiaSemChuva": 51,
        "Precipitacao": 0.0,
        "RiscoFogo": 1.0,
        "FRP": 34.1,
        "Latitude": -9.454,
        "Longitude": -49.853
      },
      "geometry": {
        "type": "Point",
        "coordinates": [
          -49.853,
          -9.454
        ]
      }
    },
    {
      "type": "Feature",
      "properties": {
        "DataHora": "2016/08/06 17:10:00",
        "Satelite": "AQUA_M-T",
        "Pais": "Brasil",
        "Estado": "TOCANTINS",
        "Municipio": "CASEARA",
        "Bioma": "Cerrado",
        "DiaSemChuva": 51,
        "Precipitacao": 0.0,
        "RiscoFogo": 1.0,
        "FRP": 35.0,
        "Latitude": -9.444,
        "Longitude": -49.854
      },
      "geometry": {
        "type": "Point",
        "coordinates": [
          -49.854,
          -9.444
        ]
      }
    },
    {
      "type": "Feature",
      "properties": {
        "DataHora": "2016/08/08 16:58:00",
        "Satelite": "AQUA_M-T",
        "Pais": "Brasil",
        "Estado": "TOCANTINS",
        "Municipio": "CASEARA",
        "Bioma": "Cerrado",
        "DiaSemChuva": 57,
        "Precipitacao": 0.0,
        "RiscoFogo": 1.0,
        "FRP": 158.8,
        "Latitude": -9.292,
        "Longitude": -49.947
      },
      "geometry": {
        "type": "Point",
        "coordinates": [
          -49.947,
          -9.292
        ]
      }
    },
    {
      "type": "Feature",
      "properties": {
        "DataHora": "2016/08/08 16:58:00",
        "Satelite": "AQUA_M-T",
        "Pais": "Brasil",
        "Estado": "TOCANTINS",
        "Municipio": "CASEARA",
        "Bioma": "Cerrado",
        "DiaSemChuva": 57,
        "Precipitacao": 0.0,
        "RiscoFogo": 1.0,
        "FRP": 184.8,
        "Latitude": -9.291,
        "Longitude": -49.938
      },
      "geometry": {
        "type": "Point",
        "coordinates": [
          -49.938,
          -9.291
        ]
      }
    },
    {
      "type": "Feature",
      "properties": {
        "DataHora": "2016/08/12 16:33:00",
        "Satelite": "AQUA_M-T",
        "Pais": "Brasil",
        "Estado": "TOCANTINS",
        "Municipio": "CASEARA",
        "Bioma": "Cerrado",
        "DiaSemChuva": 59,
        "Precipitacao": 0.0,
        "RiscoFogo": 1.0,
        "FRP": 86.9,
        "Latitude": -9.554,
        "Longitude": -49.788
      },
      "geometry": {
        "type": "Point",
        "coordinates": [
          -49.788,
          -9.554
        ]
      }
    },
    {
      "type": "Feature",
      "properties": {
        "DataHora": "2016/08/12 16:33:00",
        "Satelite": "AQUA_M-T",
        "Pais": "Brasil",
        "Estado": "TOCANTINS",
        "Municipio": "CASEARA",
        "Bioma": "Cerrado",
        "DiaSemChuva": 59,
        "Precipitacao": 0.0,
        "RiscoFogo": 1.0,
        "FRP": 52.7,
        "Latitude": -9.567,
        "Longitude": -49.8
      },
      "geometry": {
        "type": "Point",
        "coordinates": [
          -49.8,
          -9.567
        ]
      }
    },
    {
      "type": "Feature",
      "properties": {
        "DataHora": "2016/08/12 16:33:00",
        "Satelite": "AQUA_M-T",
        "Pais": "Brasil",
        "Estado": "TOCANTINS",
        "Municipio": "CASEARA",
        "Bioma": "Cerrado",
        "DiaSemChuva": 59,
        "Precipitacao": 0.0,
        "RiscoFogo": 1.0,
        "FRP": 164.3,
        "Latitude": -9.557,
        "Longitude": -49.808
      },
      "geometry": {
        "type": "Point",
        "coordinates": [
          -49.808,
          -9.557
        ]
      }
    },
    {
      "type": "Feature",
      "properties": {
        "DataHora": "2016/08/12 16:33:00",
        "Satelite": "AQUA_M-T",
        "Pais": "Brasil",
        "Estado": "TOCANTINS",
        "Municipio": "CASEARA",
        "Bioma": "Cerrado",
        "DiaSemChuva": 59,
        "Precipitacao": 0.0,
        "RiscoFogo": 1.0,
        "FRP": 279.4,
        "Latitude": -9.554,
        "Longitude": -49.801
      },
      "geometry": {
        "type": "Point",
        "coordinates": [
          -49.801,
          -9.554
        ]
      }
    },
    {
      "type": "Feature",
      "properties": {
        "DataHora": "2016/08/15 17:04:00",
        "Satelite": "AQUA_M-T",
        "Pais": "Brasil",
        "Estado": "TOCANTINS",
        "Municipio": "CASEARA",
        "Bioma": "Cerrado",
        "DiaSemChuva": 63,
        "Precipitacao": 0.0,
        "RiscoFogo": 1.0,
        "FRP": 19.4,
        "Latitude": -9.184,
        "Longitude": -49.882
      },
      "geometry": {
        "type": "Point",
        "coordinates": [
          -49.882,
          -9.184
        ]
      }
    },
    {
      "type": "Feature",
      "properties": {
        "DataHora": "2016/08/15 17:04:00",
        "Satelite": "AQUA_M-T",
        "Pais": "Brasil",
        "Estado": "TOCANTINS",
        "Municipio": "CASEARA",
        "Bioma": "Cerrado",
        "DiaSemChuva": 63,
        "Precipitacao": 0.0,
        "RiscoFogo": 1.0,
        "FRP": 7.9,
        "Latitude": -9.185,
        "Longitude": -49.891
      },
      "geometry": {
        "type": "Point",
        "coordinates": [
          -49.891,
          -9.185
        ]
      }
    },
    {
      "type": "Feature",
      "properties": {
        "DataHora": "2016/08/15 17:04:00",
        "Satelite": "AQUA_M-T",
        "Pais": "Brasil",
        "Estado": "TOCANTINS",
        "Municipio": "CASEARA",
        "Bioma": "Cerrado",
        "DiaSemChuva": 36,
        "Precipitacao": 0.4,
        "RiscoFogo": 1.0,
        "FRP": 9.5,
        "Latitude": -9.653,
        "Longitude": -49.808
      },
      "geometry": {
        "type": "Point",
        "coordinates": [
          -49.808,
          -9.653
        ]
      }
    },
    {
      "type": "Feature",
      "properties": {
        "DataHora": "2016/08/17 16:52:00",
        "Satelite": "AQUA_M-T",
        "Pais": "Brasil",
        "Estado": "TOCANTINS",
        "Municipio": "CASEARA",
        "Bioma": "Cerrado",
        "DiaSemChuva": 44,
        "Precipitacao": 0.0,
        "RiscoFogo": 1.0,
        "FRP": 14.7,
        "Latitude": -9.421,
        "Longitude": -49.915
      },
      "geometry": {
        "type": "Point",
        "coordinates": [
          -49.915,
          -9.421
        ]
      }
    },
    {
      "type": "Feature",
      "properties": {
        "DataHora": "2016/08/17 16:52:00",
        "Satelite": "AQUA_M-T",
        "Pais": "Brasil",
        "Estado": "TOCANTINS",
        "Municipio": "CASEARA",
        "Bioma": "Cerrado",
        "DiaSemChuva": 47,
        "Precipitacao": 0.0,
        "RiscoFogo": 1.0,
        "FRP": 15.2,
        "Latitude": -9.42,
        "Longitude": -49.905
      },
      "geometry": {
        "type": "Point",
        "coordinates": [
          -49.905,
          -9.42
        ]
      }
    },
    {
      "type": "Feature",
      "properties": {
        "DataHora": "2016/08/19 16:39:00",
        "Satelite": "AQUA_M-T",
        "Pais": "Brasil",
        "Estado": "TOCANTINS",
        "Municipio": "CASEARA",
        "Bioma": "Cerrado",
        "DiaSemChuva": 67,
        "Precipitacao": 0.0,
        "RiscoFogo": 1.0,
        "FRP": 15.7,
        "Latitude": -9.195,
        "Longitude": -49.897
      },
      "geometry": {
        "type": "Point",
        "coordinates": [
          -49.897,
          -9.195
        ]
      }
    },
    {
      "type": "Feature",
      "properties": {
        "DataHora": "2016/08/19 16:39:00",
        "Satelite": "AQUA_M-T",
        "Pais": "Brasil",
        "Estado": "TOCANTINS",
        "Municipio": "CASEARA",
        "Bioma": "Cerrado",
        "DiaSemChuva": 67,
        "Precipitacao": 0.0,
        "RiscoFogo": 1.0,
        "FRP": 59.7,
        "Latitude": -9.183,
        "Longitude": -49.899
      },
      "geometry": {
        "type": "Point",
        "coordinates": [
          -49.899,
          -9.183
        ]
      }
    },
    {
      "type": "Feature",
      "properties": {
        "DataHora": "2016/08/20 17:22:00",
        "Satelite": "AQUA_M-T",
        "Pais": "Brasil",
        "Estado": "TOCANTINS",
        "Municipio": "CASEARA",
        "Bioma": "Cerrado",
        "DiaSemChuva": 67,
        "Precipitacao": 0.0,
        "RiscoFogo": 1.0,
        "FRP": 45.8,
        "Latitude": -9.669,
        "Longitude": -49.978
      },
      "geometry": {
        "type": "Point",
        "coordinates": [
          -49.978,
          -9.669
        ]
      }
    },
    {
      "type": "Feature",
      "properties": {
        "DataHora": "2016/08/20 17:22:00",
        "Satelite": "AQUA_M-T",
        "Pais": "Brasil",
        "Estado": "TOCANTINS",
        "Municipio": "CASEARA",
        "Bioma": "Cerrado",
        "DiaSemChuva": 69,
        "Precipitacao": 0.0,
        "RiscoFogo": 1.0,
        "FRP": 42.3,
        "Latitude": -9.202,
        "Longitude": -49.927
      },
      "geometry": {
        "type": "Point",
        "coordinates": [
          -49.927,
          -9.202
        ]
      }
    },
    {
      "type": "Feature",
      "properties": {
        "DataHora": "2016/08/21 16:27:00",
        "Satelite": "AQUA_M-T",
        "Pais": "Brasil",
        "Estado": "TOCANTINS",
        "Municipio": "CASEARA",
        "Bioma": "Cerrado",
        "DiaSemChuva": 67,
        "Precipitacao": 0.0,
        "RiscoFogo": 1.0,
        "FRP": 139.8,
        "Latitude": -9.649,
        "Longitude": -49.946
      },
      "geometry": {
        "type": "Point",
        "coordinates": [
          -49.946,
          -9.649
        ]
      }
    },
    {
      "type": "Feature",
      "properties": {
        "DataHora": "2016/08/21 16:27:00",
        "Satelite": "AQUA_M-T",
        "Pais": "Brasil",
        "Estado": "TOCANTINS",
        "Municipio": "CASEARA",
        "Bioma": "Cerrado",
        "DiaSemChuva": 68,
        "Precipitacao": 0.0,
        "RiscoFogo": 1.0,
        "FRP": 247.2,
        "Latitude": -9.668,
        "Longitude": -49.973
      },
      "geometry": {
        "type": "Point",
        "coordinates": [
          -49.973,
          -9.668
        ]
      }
    },
    {
      "type": "Feature",
      "properties": {
        "DataHora": "2016/08/21 16:27:00",
        "Satelite": "AQUA_M-T",
        "Pais": "Brasil",
        "Estado": "TOCANTINS",
        "Municipio": "CASEARA",
        "Bioma": "Cerrado",
        "DiaSemChuva": 68,
        "Precipitacao": 0.0,
        "RiscoFogo": 1.0,
        "FRP": 170.0,
        "Latitude": -9.664,
        "Longitude": -49.945
      },
      "geometry": {
        "type": "Point",
        "coordinates": [
          -49.945,
          -9.664
        ]
      }
    },
    {
      "type": "Feature",
      "properties": {
        "DataHora": "2016/08/21 16:27:00",
        "Satelite": "AQUA_M-T",
        "Pais": "Brasil",
        "Estado": "TOCANTINS",
        "Municipio": "CASEARA",
        "Bioma": "Cerrado",
        "DiaSemChuva": 68,
        "Precipitacao": 0.0,
        "RiscoFogo": 1.0,
        "FRP": 84.3,
        "Latitude": -9.653,
        "Longitude": -49.975
      },
      "geometry": {
        "type": "Point",
        "coordinates": [
          -49.975,
          -9.653
        ]
      }
    },
    {
      "type": "Feature",
      "properties": {
        "DataHora": "2016/08/21 16:27:00",
        "Satelite": "AQUA_M-T",
        "Pais": "Brasil",
        "Estado": "TOCANTINS",
        "Municipio": "CASEARA",
        "Bioma": "Cerrado",
        "DiaSemChuva": 68,
        "Precipitacao": 0.0,
        "RiscoFogo": 1.0,
        "FRP": 312.6,
        "Latitude": -9.667,
        "Longitude": -49.966
      },
      "geometry": {
        "type": "Point",
        "coordinates": [
          -49.966,
          -9.667
        ]
      }
    },
    {
      "type": "Feature",
      "properties": {
        "DataHora": "2016/08/22 17:10:00",
        "Satelite": "AQUA_M-T",
        "Pais": "Brasil",
        "Estado": "TOCANTINS",
        "Municipio": "CASEARA",
        "Bioma": "Cerrado",
        "DiaSemChuva": 43,
        "Precipitacao": 0.0,
        "RiscoFogo": 1.0,
        "FRP": 14.0,
        "Latitude": -9.62,
        "Longitude": -49.832
      },
      "geometry": {
        "type": "Point",
        "coordinates": [
          -49.832,
          -9.62
        ]
      }
    },
    {
      "type": "Feature",
      "properties": {
        "DataHora": "2016/08/24 16:58:00",
        "Satelite": "AQUA_M-T",
        "Pais": "Brasil",
        "Estado": "TOCANTINS",
        "Municipio": "CASEARA",
        "Bioma": "Cerrado",
        "DiaSemChuva": 73,
        "Precipitacao": 0.0,
        "RiscoFogo": 1.0,
        "FRP": 38.4,
        "Latitude": -9.214,
        "Longitude": -49.925
      },
      "geometry": {
        "type": "Point",
        "coordinates": [
          -49.925,
          -9.214
        ]
      }
    },
    {
      "type": "Feature",
      "properties": {
        "DataHora": "2016/08/25 17:40:00",
        "Satelite": "AQUA_M-T",
        "Pais": "Brasil",
        "Estado": "TOCANTINS",
        "Municipio": "CASEARA",
        "Bioma": "Cerrado",
        "DiaSemChuva": 51,
        "Precipitacao": 0.0,
        "RiscoFogo": 1.0,
        "FRP": 112.7,
        "Latitude": -9.622,
        "Longitude": -49.843
      },
      "geometry": {
        "type": "Point",
        "coordinates": [
          -49.843,
          -9.622
        ]
      }
    },
    {
      "type": "Feature",
      "properties": {
        "DataHora": "2016/08/25 17:40:00",
        "Satelite": "AQUA_M-T",
        "Pais": "Brasil",
        "Estado": "TOCANTINS",
        "Municipio": "CASEARA",
        "Bioma": "Cerrado",
        "DiaSemChuva": 32,
        "Precipitacao": 0.0,
        "RiscoFogo": 1.0,
        "FRP": 119.2,
        "Latitude": -9.615,
        "Longitude": -49.804
      },
      "geometry": {
        "type": "Point",
        "coordinates": [
          -49.804,
          -9.615
        ]
      }
    },
    {
      "type": "Feature",
      "properties": {
        "DataHora": "2016/08/25 17:40:00",
        "Satelite": "AQUA_M-T",
        "Pais": "Brasil",
        "Estado": "TOCANTINS",
        "Municipio": "CASEARA",
        "Bioma": "Cerrado",
        "DiaSemChuva": 34,
        "Precipitacao": 0.0,
        "RiscoFogo": 1.0,
        "FRP": 126.8,
        "Latitude": -9.613,
        "Longitude": -49.812
      },
      "geometry": {
        "type": "Point",
        "coordinates": [
          -49.812,
          -9.613
        ]
      }
    },
    {
      "type": "Feature",
      "properties": {
        "DataHora": "2016/08/27 17:28:00",
        "Satelite": "AQUA_M-T",
        "Pais": "Brasil",
        "Estado": "TOCANTINS",
        "Municipio": "CASEARA",
        "Bioma": "Cerrado",
        "DiaSemChuva": 62,
        "Precipitacao": 0.0,
        "RiscoFogo": 1.0,
        "FRP": 37.8,
        "Latitude": -9.517,
        "Longitude": -49.965
      },
      "geometry": {
        "type": "Point",
        "coordinates": [
          -49.965,
          -9.517
        ]
      }
    },
    {
      "type": "Feature",
      "properties": {
        "DataHora": "2016/08/27 17:28:00",
        "Satelite": "AQUA_M-T",
        "Pais": "Brasil",
        "Estado": "TOCANTINS",
        "Municipio": "CASEARA",
        "Bioma": "Cerrado",
        "DiaSemChuva": 69,
        "Precipitacao": 0.1,
        "RiscoFogo": 1.0,
        "FRP": 39.3,
        "Latitude": -9.539,
        "Longitude": -49.954
      },
      "geometry": {
        "type": "Point",
        "coordinates": [
          -49.954,
          -9.539
        ]
      }
    },
    {
      "type": "Feature",
      "properties": {
        "DataHora": "2016/08/27 17:28:00",
        "Satelite": "AQUA_M-T",
        "Pais": "Brasil",
        "Estado": "TOCANTINS",
        "Municipio": "CASEARA",
        "Bioma": "Cerrado",
        "DiaSemChuva": 71,
        "Precipitacao": 0.0,
        "RiscoFogo": 1.0,
        "FRP": 71.7,
        "Latitude": -9.542,
        "Longitude": -49.976
      },
      "geometry": {
        "type": "Point",
        "coordinates": [
          -49.976,
          -9.542
        ]
      }
    },
    {
      "type": "Feature",
      "properties": {
        "DataHora": "2016/08/27 17:28:00",
        "Satelite": "AQUA_M-T",
        "Pais": "Brasil",
        "Estado": "TOCANTINS",
        "Municipio": "CASEARA",
        "Bioma": "Cerrado",
        "DiaSemChuva": 73,
        "Precipitacao": 0.0,
        "RiscoFogo": 1.0,
        "FRP": 58.2,
        "Latitude": -9.548,
        "Longitude": -49.983
      },
      "geometry": {
        "type": "Point",
        "coordinates": [
          -49.983,
          -9.548
        ]
      }
    },
    {
      "type": "Feature",
      "properties": {
        "DataHora": "2016/08/30 16:21:00",
        "Satelite": "AQUA_M-T",
        "Pais": "Brasil",
        "Estado": "TOCANTINS",
        "Municipio": "CASEARA",
        "Bioma": "Cerrado",
        "DiaSemChuva": 18,
        "Precipitacao": 0.0,
        "RiscoFogo": 1.0,
        "FRP": 59.4,
        "Latitude": -9.217,
        "Longitude": -49.883
      },
      "geometry": {
        "type": "Point",
        "coordinates": [
          -49.883,
          -9.217
        ]
      }
    },
    {
      "type": "Feature",
      "properties": {
        "DataHora": "2016/08/31 17:04:00",
        "Satelite": "AQUA_M-T",
        "Pais": "Brasil",
        "Estado": "TOCANTINS",
        "Municipio": "CASEARA",
        "Bioma": "Cerrado",
        "DiaSemChuva": 11,
        "Precipitacao": 0.0,
        "RiscoFogo": 1.0,
        "FRP": 19.7,
        "Latitude": -9.232,
        "Longitude": -49.886
      },
      "geometry": {
        "type": "Point",
        "coordinates": [
          -49.886,
          -9.232
        ]
      }
    },
    {
      "type": "Feature",
      "properties": {
        "DataHora": "2016/09/11 16:46:00",
        "Satelite": "AQUA_M-T",
        "Pais": "Brasil",
        "Estado": "TOCANTINS",
        "Municipio": "CASEARA",
        "Bioma": "Cerrado",
        "DiaSemChuva": 7,
        "Precipitacao": 0.0,
        "RiscoFogo": 1.0,
        "FRP": 33.6,
        "Latitude": -9.207,
        "Longitude": -49.871
      },
      "geometry": {
        "type": "Point",
        "coordinates": [
          -49.871,
          -9.207
        ]
      }
    },
    {
      "type": "Feature",
      "properties": {
        "DataHora": "2016/09/11 16:46:00",
        "Satelite": "AQUA_M-T",
        "Pais": "Brasil",
        "Estado": "TOCANTINS",
        "Municipio": "CASEARA",
        "Bioma": "Cerrado",
        "DiaSemChuva": 1,
        "Precipitacao": 0.0,
        "RiscoFogo": 1.0,
        "FRP": 14.7,
        "Latitude": -9.272,
        "Longitude": -49.962
      },
      "geometry": {
        "type": "Point",
        "coordinates": [
          -49.962,
          -9.272
        ]
      }
    },
    {
      "type": "Feature",
      "properties": {
        "DataHora": "2016/09/11 16:46:00",
        "Satelite": "AQUA_M-T",
        "Pais": "Brasil",
        "Estado": "TOCANTINS",
        "Municipio": "CASEARA",
        "Bioma": "Cerrado",
        "DiaSemChuva": 6,
        "Precipitacao": 0.0,
        "RiscoFogo": 1.0,
        "FRP": 35.2,
        "Latitude": -9.209,
        "Longitude": -49.883
      },
      "geometry": {
        "type": "Point",
        "coordinates": [
          -49.883,
          -9.209
        ]
      }
    },
    {
      "type": "Feature",
      "properties": {
        "DataHora": "2016/09/28 17:28:00",
        "Satelite": "AQUA_M-T",
        "Pais": "Brasil",
        "Estado": "TOCANTINS",
        "Municipio": "CASEARA",
        "Bioma": "Cerrado",
        "DiaSemChuva": 2,
        "Precipitacao": 15.6,
        "RiscoFogo": 0.0,
        "FRP": 41.6,
        "Latitude": -9.444,
        "Longitude": -49.783
      },
      "geometry": {
        "type": "Point",
        "coordinates": [
          -49.783,
          -9.444
        ]
      }
    },
    {
      "type": "Feature",
      "properties": {
        "DataHora": "2016/09/28 17:28:00",
        "Satelite": "AQUA_M-T",
        "Pais": "Brasil",
        "Estado": "TOCANTINS",
        "Municipio": "CASEARA",
        "Bioma": "Cerrado",
        "DiaSemChuva": 2,
        "Precipitacao": 15.5,
        "RiscoFogo": 0.0,
        "FRP": 60.7,
        "Latitude": -9.44,
        "Longitude": -49.789
      },
      "geometry": {
        "type": "Point",
        "coordinates": [
          -49.789,
          -9.44
        ]
      }
    },
    {
      "type": "Feature",
      "properties": {
        "DataHora": "2016/09/28 17:28:00",
        "Satelite": "AQUA_M-T",
        "Pais": "Brasil",
        "Estado": "TOCANTINS",
        "Municipio": "CASEARA",
        "Bioma": "Cerrado",
        "DiaSemChuva": 2,
        "Precipitacao": 15.2,
        "RiscoFogo": 0.0,
        "FRP": 38.0,
        "Latitude": -9.448,
        "Longitude": -49.807
      },
      "geometry": {
        "type": "Point",
        "coordinates": [
          -49.807,
          -9.448
        ]
      }
    },
    {
      "type": "Feature",
      "properties": {
        "DataHora": "2016/10/11 16:58:00",
        "Satelite": "AQUA_M-T",
        "Pais": "Brasil",
        "Estado": "TOCANTINS",
        "Municipio": "CASEARA",
        "Bioma": "Cerrado",
        "DiaSemChuva": 0,
        "Precipitacao": 0.0,
        "RiscoFogo": 0.1,
        "FRP": 26.3,
        "Latitude": -9.545,
        "Longitude": -49.958
      },
      "geometry": {
        "type": "Point",
        "coordinates": [
          -49.958,
          -9.545
        ]
      }
    },
    {
      "type": "Feature",
      "properties": {
        "DataHora": "2016/10/11 16:58:00",
        "Satelite": "AQUA_M-T",
        "Pais": "Brasil",
        "Estado": "TOCANTINS",
        "Municipio": "CASEARA",
        "Bioma": "Cerrado",
        "DiaSemChuva": 0,
        "Precipitacao": 0.0,
        "RiscoFogo": 0.0,
        "FRP": 112.3,
        "Latitude": -9.544,
        "Longitude": -49.949
      },
      "geometry": {
        "type": "Point",
        "coordinates": [
          -49.949,
          -9.544
        ]
      }
    },
    {
      "type": "Feature",
      "properties": {
        "DataHora": "2016/10/11 16:58:00",
        "Satelite": "AQUA_M-T",
        "Pais": "Brasil",
        "Estado": "TOCANTINS",
        "Municipio": "CASEARA",
        "Bioma": "Cerrado",
        "DiaSemChuva": 0,
        "Precipitacao": 0.0,
        "RiscoFogo": 0.1,
        "FRP": 28.6,
        "Latitude": -9.534,
        "Longitude": -49.95
      },
      "geometry": {
        "type": "Point",
        "coordinates": [
          -49.95,
          -9.534
        ]
      }
    },
    {
      "type": "Feature",
      "properties": {
        "DataHora": "2016/10/27 16:58:00",
        "Satelite": "AQUA_M-T",
        "Pais": "Brasil",
        "Estado": "TOCANTINS",
        "Municipio": "CASEARA",
        "Bioma": "Cerrado",
        "DiaSemChuva": 8,
        "Precipitacao": 4.2,
        "RiscoFogo": 0.0,
        "FRP": 13.4,
        "Latitude": -9.226,
        "Longitude": -49.759
      },
      "geometry": {
        "type": "Point",
        "coordinates": [
          -49.759,
          -9.226
        ]
      }
    },
    {
      "type": "Feature",
      "properties": {
        "DataHora": "2016/11/30 16:46:00",
        "Satelite": "AQUA_M-T",
        "Pais": "Brasil",
        "Estado": "TOCANTINS",
        "Municipio": "CASEARA",
        "Bioma": "Cerrado",
        "DiaSemChuva": 5,
        "Precipitacao": 0.6,
        "RiscoFogo": 0.6,
        "FRP": 17.1,
        "Latitude": -9.254,
        "Longitude": -49.911
      },
      "geometry": {
        "type": "Point",
        "coordinates": [
          -49.911,
          -9.254
        ]
      }
    },
    {
      "type": "Feature",
      "properties": {
        "DataHora": "2016/12/30 16:58:00",
        "Satelite": "AQUA_M-T",
        "Pais": "Brasil",
        "Estado": "TOCANTINS",
        "Municipio": "CASEARA",
        "Bioma": "Cerrado",
        "DiaSemChuva": 0,
        "Precipitacao": 2.2,
        "RiscoFogo": 0.3,
        "FRP": 9.2,
        "Latitude": -9.373,
        "Longitude": -49.915
      },
      "geometry": {
        "type": "Point",
        "coordinates": [
          -49.915,
          -9.373
        ]
      }
    },
    {
      "type": "Feature",
      "properties": {
        "DataHora": "2017/03/04 16:58:00",
        "Satelite": "AQUA_M-T",
        "Pais": "Brasil",
        "Estado": "TOCANTINS",
        "Municipio": "CASEARA",
        "Bioma": "Cerrado",
        "DiaSemChuva": 0,
        "Precipitacao": 0.0,
        "RiscoFogo": 0.0,
        "FRP": 9.0,
        "Latitude": -9.501,
        "Longitude": -49.75
      },
      "geometry": {
        "type": "Point",
        "coordinates": [
          -49.75,
          -9.501
        ]
      }
    },
    {
      "type": "Feature",
      "properties": {
        "DataHora": "2017/03/04 16:58:00",
        "Satelite": "AQUA_M-T",
        "Pais": "Brasil",
        "Estado": "TOCANTINS",
        "Municipio": "CASEARA",
        "Bioma": "Cerrado",
        "DiaSemChuva": 0,
        "Precipitacao": 0.0,
        "RiscoFogo": 0.0,
        "FRP": 8.1,
        "Latitude": -9.296,
        "Longitude": -49.858
      },
      "geometry": {
        "type": "Point",
        "coordinates": [
          -49.858,
          -9.296
        ]
      }
    },
    {
      "type": "Feature",
      "properties": {
        "DataHora": "2017/03/06 16:46:00",
        "Satelite": "AQUA_M-T",
        "Pais": "Brasil",
        "Estado": "TOCANTINS",
        "Municipio": "CASEARA",
        "Bioma": "Cerrado",
        "DiaSemChuva": 0,
        "Precipitacao": 2.1,
        "RiscoFogo": 0.0,
        "FRP": 15.7,
        "Latitude": -9.366,
        "Longitude": -49.814
      },
      "geometry": {
        "type": "Point",
        "coordinates": [
          -49.814,
          -9.366
        ]
      }
    },
    {
      "type": "Feature",
      "properties": {
        "DataHora": "2017/03/22 16:46:00",
        "Satelite": "AQUA_M-T",
        "Pais": "Brasil",
        "Estado": "TOCANTINS",
        "Municipio": "CASEARA",
        "Bioma": "Cerrado",
        "DiaSemChuva": 0,
        "Precipitacao": 9.9,
        "RiscoFogo": 0.0,
        "FRP": 14.3,
        "Latitude": -9.512,
        "Longitude": -49.71
      },
      "geometry": {
        "type": "Point",
        "coordinates": [
          -49.71,
          -9.512
        ]
      }
    },
    {
      "type": "Feature",
      "properties": {
        "DataHora": "2017/04/28 17:04:00",
        "Satelite": "AQUA_M-T",
        "Pais": "Brasil",
        "Estado": "TOCANTINS",
        "Municipio": "CASEARA",
        "Bioma": "Cerrado",
        "DiaSemChuva": 0,
        "Precipitacao": 11.3,
        "RiscoFogo": 0.1,
        "FRP": 9.7,
        "Latitude": -9.355,
        "Longitude": -49.872
      },
      "geometry": {
        "type": "Point",
        "coordinates": [
          -49.872,
          -9.355
        ]
      }
    },
    {
      "type": "Feature",
      "properties": {
        "DataHora": "2017/05/07 16:58:00",
        "Satelite": "AQUA_M-T",
        "Pais": "Brasil",
        "Estado": "TOCANTINS",
        "Municipio": "CASEARA",
        "Bioma": "Cerrado",
        "DiaSemChuva": 0,
        "Precipitacao": 0.0,
        "RiscoFogo": 0.1,
        "FRP": 9.4,
        "Latitude": -9.139,
        "Longitude": -49.861
      },
      "geometry": {
        "type": "Point",
        "coordinates": [
          -49.861,
          -9.139
        ]
      }
    },
    {
      "type": "Feature",
      "properties": {
        "DataHora": "2017/05/11 16:34:00",
        "Satelite": "AQUA_M-T",
        "Pais": "Brasil",
        "Estado": "TOCANTINS",
        "Municipio": "CASEARA",
        "Bioma": "Cerrado",
        "DiaSemChuva": 0,
        "Precipitacao": 0.0,
        "RiscoFogo": 0.9,
        "FRP": 24.2,
        "Latitude": -9.509,
        "Longitude": -49.733
      },
      "geometry": {
        "type": "Point",
        "coordinates": [
          -49.733,
          -9.509
        ]
      }
    },
    {
      "type": "Feature",
      "properties": {
        "DataHora": "2017/05/11 16:34:00",
        "Satelite": "AQUA_M-T",
        "Pais": "Brasil",
        "Estado": "TOCANTINS",
        "Municipio": "CASEARA",
        "Bioma": "Cerrado",
        "DiaSemChuva": 0,
        "Precipitacao": 0.0,
        "RiscoFogo": 0.9,
        "FRP": 51.3,
        "Latitude": -9.508,
        "Longitude": -49.719
      },
      "geometry": {
        "type": "Point",
        "coordinates": [
          -49.719,
          -9.508
        ]
      }
    },
    {
      "type": "Feature",
      "properties": {
        "DataHora": "2017/05/11 16:34:00",
        "Satelite": "AQUA_M-T",
        "Pais": "Brasil",
        "Estado": "TOCANTINS",
        "Municipio": "CASEARA",
        "Bioma": "Cerrado",
        "DiaSemChuva": 0,
        "Precipitacao": 0.0,
        "RiscoFogo": 0.9,
        "FRP": 34.2,
        "Latitude": -9.507,
        "Longitude": -49.713
      },
      "geometry": {
        "type": "Point",
        "coordinates": [
          -49.713,
          -9.507
        ]
      }
    },
    {
      "type": "Feature",
      "properties": {
        "DataHora": "2017/05/19 17:23:00",
        "Satelite": "AQUA_M-T",
        "Pais": "Brasil",
        "Estado": "TOCANTINS",
        "Municipio": "CASEARA",
        "Bioma": "Cerrado",
        "DiaSemChuva": 0,
        "Precipitacao": 0.1,
        "RiscoFogo": 1.0,
        "FRP": 23.0,
        "Latitude": -9.453,
        "Longitude": -49.795
      },
      "geometry": {
        "type": "Point",
        "coordinates": [
          -49.795,
          -9.453
        ]
      }
    },
    {
      "type": "Feature",
      "properties": {
        "DataHora": "2017/05/23 16:58:00",
        "Satelite": "AQUA_M-T",
        "Pais": "Brasil",
        "Estado": "TOCANTINS",
        "Municipio": "CASEARA",
        "Bioma": "Cerrado",
        "DiaSemChuva": 0,
        "Precipitacao": 0.0,
        "RiscoFogo": 0.6,
        "FRP": 18.8,
        "Latitude": -9.32,
        "Longitude": -49.764
      },
      "geometry": {
        "type": "Point",
        "coordinates": [
          -49.764,
          -9.32
        ]
      }
    },
    {
      "type": "Feature",
      "properties": {
        "DataHora": "2017/05/23 16:58:00",
        "Satelite": "AQUA_M-T",
        "Pais": "Brasil",
        "Estado": "TOCANTINS",
        "Municipio": "CASEARA",
        "Bioma": "Cerrado",
        "DiaSemChuva": 0,
        "Precipitacao": 0.0,
        "RiscoFogo": 0.9,
        "FRP": 10.7,
        "Latitude": -9.52,
        "Longitude": -49.75
      },
      "geometry": {
        "type": "Point",
        "coordinates": [
          -49.75,
          -9.52
        ]
      }
    },
    {
      "type": "Feature",
      "properties": {
        "DataHora": "2017/05/25 16:46:00",
        "Satelite": "AQUA_M-T",
        "Pais": "Brasil",
        "Estado": "TOCANTINS",
        "Municipio": "CASEARA",
        "Bioma": "Cerrado",
        "DiaSemChuva": 0,
        "Precipitacao": 0.0,
        "RiscoFogo": 0.7,
        "FRP": 19.7,
        "Latitude": -9.318,
        "Longitude": -49.764
      },
      "geometry": {
        "type": "Point",
        "coordinates": [
          -49.764,
          -9.318
        ]
      }
    },
    {
      "type": "Feature",
      "properties": {
        "DataHora": "2017/05/25 16:46:00",
        "Satelite": "AQUA_M-T",
        "Pais": "Brasil",
        "Estado": "TOCANTINS",
        "Municipio": "CASEARA",
        "Bioma": "Cerrado",
        "DiaSemChuva": 0,
        "Precipitacao": 0.0,
        "RiscoFogo": 0.6,
        "FRP": 18.3,
        "Latitude": -9.603,
        "Longitude": -49.842
      },
      "geometry": {
        "type": "Point",
        "coordinates": [
          -49.842,
          -9.603
        ]
      }
    },
    {
      "type": "Feature",
      "properties": {
        "DataHora": "2017/05/25 16:46:00",
        "Satelite": "AQUA_M-T",
        "Pais": "Brasil",
        "Estado": "TOCANTINS",
        "Municipio": "CASEARA",
        "Bioma": "Cerrado",
        "DiaSemChuva": 0,
        "Precipitacao": 0.0,
        "RiscoFogo": 0.8,
        "FRP": 25.1,
        "Latitude": -9.623,
        "Longitude": -49.858
      },
      "geometry": {
        "type": "Point",
        "coordinates": [
          -49.858,
          -9.623
        ]
      }
    },
    {
      "type": "Feature",
      "properties": {
        "DataHora": "2017/05/25 16:46:00",
        "Satelite": "AQUA_M-T",
        "Pais": "Brasil",
        "Estado": "TOCANTINS",
        "Municipio": "CASEARA",
        "Bioma": "Cerrado",
        "DiaSemChuva": 0,
        "Precipitacao": 0.0,
        "RiscoFogo": 0.7,
        "FRP": 25.1,
        "Latitude": -9.613,
        "Longitude": -49.841
      },
      "geometry": {
        "type": "Point",
        "coordinates": [
          -49.841,
          -9.613
        ]
      }
    },
    {
      "type": "Feature",
      "properties": {
        "DataHora": "2017/05/25 16:46:00",
        "Satelite": "AQUA_M-T",
        "Pais": "Brasil",
        "Estado": "TOCANTINS",
        "Municipio": "CASEARA",
        "Bioma": "Cerrado",
        "DiaSemChuva": 0,
        "Precipitacao": 0.0,
        "RiscoFogo": 1.0,
        "FRP": 72.9,
        "Latitude": -9.632,
        "Longitude": -49.844
      },
      "geometry": {
        "type": "Point",
        "coordinates": [
          -49.844,
          -9.632
        ]
      }
    },
    {
      "type": "Feature",
      "properties": {
        "DataHora": "2017/05/25 16:46:00",
        "Satelite": "AQUA_M-T",
        "Pais": "Brasil",
        "Estado": "TOCANTINS",
        "Municipio": "CASEARA",
        "Bioma": "Cerrado",
        "DiaSemChuva": 0,
        "Precipitacao": 0.0,
        "RiscoFogo": 1.0,
        "FRP": 60.4,
        "Latitude": -9.623,
        "Longitude": -49.839
      },
      "geometry": {
        "type": "Point",
        "coordinates": [
          -49.839,
          -9.623
        ]
      }
    },
    {
      "type": "Feature",
      "properties": {
        "DataHora": "2017/05/25 16:46:00",
        "Satelite": "AQUA_M-T",
        "Pais": "Brasil",
        "Estado": "TOCANTINS",
        "Municipio": "CASEARA",
        "Bioma": "Cerrado",
        "DiaSemChuva": 0,
        "Precipitacao": 0.0,
        "RiscoFogo": 0.8,
        "FRP": 82.2,
        "Latitude": -9.625,
        "Longitude": -49.851
      },
      "geometry": {
        "type": "Point",
        "coordinates": [
          -49.851,
          -9.625
        ]
      }
    },
    {
      "type": "Feature",
      "properties": {
        "DataHora": "2017/05/25 16:46:00",
        "Satelite": "AQUA_M-T",
        "Pais": "Brasil",
        "Estado": "TOCANTINS",
        "Municipio": "CASEARA",
        "Bioma": "Cerrado",
        "DiaSemChuva": 0,
        "Precipitacao": 0.0,
        "RiscoFogo": 0.9,
        "FRP": 70.4,
        "Latitude": -9.622,
        "Longitude": -49.845
      },
      "geometry": {
        "type": "Point",
        "coordinates": [
          -49.845,
          -9.622
        ]
      }
    },
    {
      "type": "Feature",
      "properties": {
        "DataHora": "2017/05/27 16:34:00",
        "Satelite": "AQUA_M-T",
        "Pais": "Brasil",
        "Estado": "TOCANTINS",
        "Municipio": "CASEARA",
        "Bioma": "Cerrado",
        "DiaSemChuva": 0,
        "Precipitacao": 0.0,
        "RiscoFogo": 0.7,
        "FRP": 30.5,
        "Latitude": -9.61,
        "Longitude": -49.84
      },
      "geometry": {
        "type": "Point",
        "coordinates": [
          -49.84,
          -9.61
        ]
      }
    },
    {
      "type": "Feature",
      "properties": {
        "DataHora": "2017/06/01 16:52:00",
        "Satelite": "AQUA_M-T",
        "Pais": "Brasil",
        "Estado": "TOCANTINS",
        "Municipio": "CASEARA",
        "Bioma": "Cerrado",
        "DiaSemChuva": 0,
        "Precipitacao": 0.0,
        "RiscoFogo": 0.7,
        "FRP": 16.0,
        "Latitude": -9.604,
        "Longitude": -49.85
      },
      "geometry": {
        "type": "Point",
        "coordinates": [
          -49.85,
          -9.604
        ]
      }
    },
    {
      "type": "Feature",
      "properties": {
        "DataHora": "2017/06/08 16:58:00",
        "Satelite": "AQUA_M-T",
        "Pais": "Brasil",
        "Estado": "TOCANTINS",
        "Municipio": "CASEARA",
        "Bioma": "Cerrado",
        "DiaSemChuva": 0,
        "Precipitacao": 0.0,
        "RiscoFogo": 1.0,
        "FRP": 28.7,
        "Latitude": -9.51,
        "Longitude": -49.707
      },
      "geometry": {
        "type": "Point",
        "coordinates": [
          -49.707,
          -9.51
        ]
      }
    },
    {
      "type": "Feature",
      "properties": {
        "DataHora": "2017/06/08 16:58:00",
        "Satelite": "AQUA_M-T",
        "Pais": "Brasil",
        "Estado": "TOCANTINS",
        "Municipio": "CASEARA",
        "Bioma": "Cerrado",
        "DiaSemChuva": 0,
        "Precipitacao": 0.0,
        "RiscoFogo": 1.0,
        "FRP": 8.2,
        "Latitude": -9.511,
        "Longitude": -49.717
      },
      "geometry": {
        "type": "Point",
        "coordinates": [
          -49.717,
          -9.511
        ]
      }
    },
    {
      "type": "Feature",
      "properties": {
        "DataHora": "2017/06/12 16:34:00",
        "Satelite": "AQUA_M-T",
        "Pais": "Brasil",
        "Estado": "TOCANTINS",
        "Municipio": "CASEARA",
        "Bioma": "Cerrado",
        "DiaSemChuva": 0,
        "Precipitacao": 0.0,
        "RiscoFogo": 0.8,
        "FRP": 15.5,
        "Latitude": -9.609,
        "Longitude": -49.851
      },
      "geometry": {
        "type": "Point",
        "coordinates": [
          -49.851,
          -9.609
        ]
      }
    },
    {
      "type": "Feature",
      "properties": {
        "DataHora": "2017/06/15 17:04:00",
        "Satelite": "AQUA_M-T",
        "Pais": "Brasil",
        "Estado": "TOCANTINS",
        "Municipio": "CASEARA",
        "Bioma": "Cerrado",
        "DiaSemChuva": 0,
        "Precipitacao": 0.0,
        "RiscoFogo": 1.0,
        "FRP": 5.9,
        "Latitude": -9.574,
        "Longitude": -49.954
      },
      "geometry": {
        "type": "Point",
        "coordinates": [
          -49.954,
          -9.574
        ]
      }
    },
    {
      "type": "Feature",
      "properties": {
        "DataHora": "2017/06/20 17:23:00",
        "Satelite": "AQUA_M-T",
        "Pais": "Brasil",
        "Estado": "TOCANTINS",
        "Municipio": "CASEARA",
        "Bioma": "Cerrado",
        "DiaSemChuva": 0,
        "Precipitacao": 0.0,
        "RiscoFogo": 1.0,
        "FRP": 182.6,
        "Latitude": -9.191,
        "Longitude": -49.804
      },
      "geometry": {
        "type": "Point",
        "coordinates": [
          -49.804,
          -9.191
        ]
      }
    },
    {
      "type": "Feature",
      "properties": {
        "DataHora": "2017/06/20 17:23:00",
        "Satelite": "AQUA_M-T",
        "Pais": "Brasil",
        "Estado": "TOCANTINS",
        "Municipio": "CASEARA",
        "Bioma": "Cerrado",
        "DiaSemChuva": 0,
        "Precipitacao": 0.0,
        "RiscoFogo": 1.0,
        "FRP": 49.6,
        "Latitude": -9.194,
        "Longitude": -49.821
      },
      "geometry": {
        "type": "Point",
        "coordinates": [
          -49.821,
          -9.194
        ]
      }
    },
    {
      "type": "Feature",
      "properties": {
        "DataHora": "2017/06/24 16:58:00",
        "Satelite": "AQUA_M-T",
        "Pais": "Brasil",
        "Estado": "TOCANTINS",
        "Municipio": "CASEARA",
        "Bioma": "Cerrado",
        "DiaSemChuva": 0,
        "Precipitacao": 0.0,
        "RiscoFogo": 1.0,
        "FRP": 13.2,
        "Latitude": -9.098,
        "Longitude": -49.844
      },
      "geometry": {
        "type": "Point",
        "coordinates": [
          -49.844,
          -9.098
        ]
      }
    },
    {
      "type": "Feature",
      "properties": {
        "DataHora": "2017/06/24 16:58:00",
        "Satelite": "AQUA_M-T",
        "Pais": "Brasil",
        "Estado": "TOCANTINS",
        "Municipio": "CASEARA",
        "Bioma": "Cerrado",
        "DiaSemChuva": 0,
        "Precipitacao": 0.0,
        "RiscoFogo": -999.0,
        "FRP": 9.1,
        "Latitude": -9.099,
        "Longitude": -49.853
      },
      "geometry": {
        "type": "Point",
        "coordinates": [
          -49.853,
          -9.099
        ]
      }
    },
    {
      "type": "Feature",
      "properties": {
        "DataHora": "2017/06/28 16:34:00",
        "Satelite": "AQUA_M-T",
        "Pais": "Brasil",
        "Estado": "TOCANTINS",
        "Municipio": "CASEARA",
        "Bioma": "Cerrado",
        "DiaSemChuva": 0,
        "Precipitacao": 0.0,
        "RiscoFogo": 1.0,
        "FRP": 13.7,
        "Latitude": -9.102,
        "Longitude": -49.847
      },
      "geometry": {
        "type": "Point",
        "coordinates": [
          -49.847,
          -9.102
        ]
      }
    },
    {
      "type": "Feature",
      "properties": {
        "DataHora": "2017/06/29 17:16:00",
        "Satelite": "AQUA_M-T",
        "Pais": "Brasil",
        "Estado": "TOCANTINS",
        "Municipio": "CASEARA",
        "Bioma": "Cerrado",
        "DiaSemChuva": 0,
        "Precipitacao": 0.0,
        "RiscoFogo": 1.0,
        "FRP": 11.4,
        "Latitude": -9.604,
        "Longitude": -49.844
      },
      "geometry": {
        "type": "Point",
        "coordinates": [
          -49.844,
          -9.604
        ]
      }
    },
    {
      "type": "Feature",
      "properties": {
        "DataHora": "2017/06/29 17:16:00",
        "Satelite": "AQUA_M-T",
        "Pais": "Brasil",
        "Estado": "TOCANTINS",
        "Municipio": "CASEARA",
        "Bioma": "Cerrado",
        "DiaSemChuva": 0,
        "Precipitacao": 0.0,
        "RiscoFogo": 1.0,
        "FRP": 23.9,
        "Latitude": -9.593,
        "Longitude": -49.846
      },
      "geometry": {
        "type": "Point",
        "coordinates": [
          -49.846,
          -9.593
        ]
      }
    },
    {
      "type": "Feature",
      "properties": {
        "DataHora": "2017/07/04 17:35:00",
        "Satelite": "AQUA_M-T",
        "Pais": "Brasil",
        "Estado": "TOCANTINS",
        "Municipio": "CASEARA",
        "Bioma": "Cerrado",
        "DiaSemChuva": 0,
        "Precipitacao": 0.0,
        "RiscoFogo": 1.0,
        "FRP": 111.9,
        "Latitude": -9.595,
        "Longitude": -49.879
      },
      "geometry": {
        "type": "Point",
        "coordinates": [
          -49.879,
          -9.595
        ]
      }
    },
    {
      "type": "Feature",
      "properties": {
        "DataHora": "2017/07/04 17:35:00",
        "Satelite": "AQUA_M-T",
        "Pais": "Brasil",
        "Estado": "TOCANTINS",
        "Municipio": "CASEARA",
        "Bioma": "Cerrado",
        "DiaSemChuva": 0,
        "Precipitacao": 0.0,
        "RiscoFogo": 1.0,
        "FRP": 181.6,
        "Latitude": -9.607,
        "Longitude": -49.869
      },
      "geometry": {
        "type": "Point",
        "coordinates": [
          -49.869,
          -9.607
        ]
      }
    },
    {
      "type": "Feature",
      "properties": {
        "DataHora": "2017/07/04 17:35:00",
        "Satelite": "AQUA_M-T",
        "Pais": "Brasil",
        "Estado": "TOCANTINS",
        "Municipio": "CASEARA",
        "Bioma": "Cerrado",
        "DiaSemChuva": 0,
        "Precipitacao": 0.0,
        "RiscoFogo": 1.0,
        "FRP": 48.4,
        "Latitude": -9.605,
        "Longitude": -49.847
      },
      "geometry": {
        "type": "Point",
        "coordinates": [
          -49.847,
          -9.605
        ]
      }
    },
    {
      "type": "Feature",
      "properties": {
        "DataHora": "2017/07/04 17:35:00",
        "Satelite": "AQUA_M-T",
        "Pais": "Brasil",
        "Estado": "TOCANTINS",
        "Municipio": "CASEARA",
        "Bioma": "Cerrado",
        "DiaSemChuva": 0,
        "Precipitacao": 0.0,
        "RiscoFogo": 1.0,
        "FRP": 111.4,
        "Latitude": -9.61,
        "Longitude": -49.877
      },
      "geometry": {
        "type": "Point",
        "coordinates": [
          -49.877,
          -9.61
        ]
      }
    },
    {
      "type": "Feature",
      "properties": {
        "DataHora": "2017/07/12 16:46:00",
        "Satelite": "AQUA_M-T",
        "Pais": "Brasil",
        "Estado": "TOCANTINS",
        "Municipio": "CASEARA",
        "Bioma": "Cerrado",
        "DiaSemChuva": 0,
        "Precipitacao": 0.0,
        "RiscoFogo": 1.0,
        "FRP": 30.5,
        "Latitude": -9.619,
        "Longitude": -49.827
      },
      "geometry": {
        "type": "Point",
        "coordinates": [
          -49.827,
          -9.619
        ]
      }
    },
    {
      "type": "Feature",
      "properties": {
        "DataHora": "2017/07/12 16:46:00",
        "Satelite": "AQUA_M-T",
        "Pais": "Brasil",
        "Estado": "TOCANTINS",
        "Municipio": "CASEARA",
        "Bioma": "Cerrado",
        "DiaSemChuva": 0,
        "Precipitacao": 0.0,
        "RiscoFogo": 1.0,
        "FRP": 26.5,
        "Latitude": -9.618,
        "Longitude": -49.815
      },
      "geometry": {
        "type": "Point",
        "coordinates": [
          -49.815,
          -9.618
        ]
      }
    },
    {
      "type": "Feature",
      "properties": {
        "DataHora": "2017/07/19 16:52:00",
        "Satelite": "AQUA_M-T",
        "Pais": "Brasil",
        "Estado": "TOCANTINS",
        "Municipio": "CASEARA",
        "Bioma": "Cerrado",
        "DiaSemChuva": 0,
        "Precipitacao": 0.0,
        "RiscoFogo": 1.0,
        "FRP": 20.7,
        "Latitude": -9.443,
        "Longitude": -49.863
      },
      "geometry": {
        "type": "Point",
        "coordinates": [
          -49.863,
          -9.443
        ]
      }
    },
    {
      "type": "Feature",
      "properties": {
        "DataHora": "2017/07/20 17:35:00",
        "Satelite": "AQUA_M-T",
        "Pais": "Brasil",
        "Estado": "TOCANTINS",
        "Municipio": "CASEARA",
        "Bioma": "Cerrado",
        "DiaSemChuva": 0,
        "Precipitacao": 0.0,
        "RiscoFogo": 1.0,
        "FRP": 41.9,
        "Latitude": -9.587,
        "Longitude": -49.858
      },
      "geometry": {
        "type": "Point",
        "coordinates": [
          -49.858,
          -9.587
        ]
      }
    },
    {
      "type": "Feature",
      "properties": {
        "DataHora": "2017/07/20 17:35:00",
        "Satelite": "AQUA_M-T",
        "Pais": "Brasil",
        "Estado": "TOCANTINS",
        "Municipio": "CASEARA",
        "Bioma": "Cerrado",
        "DiaSemChuva": 0,
        "Precipitacao": 0.0,
        "RiscoFogo": 1.0,
        "FRP": 44.7,
        "Latitude": -9.572,
        "Longitude": -49.861
      },
      "geometry": {
        "type": "Point",
        "coordinates": [
          -49.861,
          -9.572
        ]
      }
    },
    {
      "type": "Feature",
      "properties": {
        "DataHora": "2017/07/20 17:35:00",
        "Satelite": "AQUA_M-T",
        "Pais": "Brasil",
        "Estado": "TOCANTINS",
        "Municipio": "CASEARA",
        "Bioma": "Cerrado",
        "DiaSemChuva": 0,
        "Precipitacao": 0.0,
        "RiscoFogo": 1.0,
        "FRP": 60.3,
        "Latitude": -9.582,
        "Longitude": -49.854
      },
      "geometry": {
        "type": "Point",
        "coordinates": [
          -49.854,
          -9.582
        ]
      }
    },
    {
      "type": "Feature",
      "properties": {
        "DataHora": "2017/07/24 17:10:00",
        "Satelite": "AQUA_M-T",
        "Pais": "Brasil",
        "Estado": "TOCANTINS",
        "Municipio": "CASEARA",
        "Bioma": "Cerrado",
        "DiaSemChuva": 0,
        "Precipitacao": 0.0,
        "RiscoFogo": 1.0,
        "FRP": 23.3,
        "Latitude": -9.592,
        "Longitude": -49.85
      },
      "geometry": {
        "type": "Point",
        "coordinates": [
          -49.85,
          -9.592
        ]
      }
    },
    {
      "type": "Feature",
      "properties": {
        "DataHora": "2017/07/26 16:58:00",
        "Satelite": "AQUA_M-T",
        "Pais": "Brasil",
        "Estado": "TOCANTINS",
        "Municipio": "CASEARA",
        "Bioma": "Cerrado",
        "DiaSemChuva": 0,
        "Precipitacao": 0.0,
        "RiscoFogo": 1.0,
        "FRP": 18.5,
        "Latitude": -9.62,
        "Longitude": -49.849
      },
      "geometry": {
        "type": "Point",
        "coordinates": [
          -49.849,
          -9.62
        ]
      }
    },
    {
      "type": "Feature",
      "properties": {
        "DataHora": "2017/07/26 16:58:00",
        "Satelite": "AQUA_M-T",
        "Pais": "Brasil",
        "Estado": "TOCANTINS",
        "Municipio": "CASEARA",
        "Bioma": "Cerrado",
        "DiaSemChuva": 0,
        "Precipitacao": 0.0,
        "RiscoFogo": 1.0,
        "FRP": 19.1,
        "Latitude": -9.582,
        "Longitude": -49.843
      },
      "geometry": {
        "type": "Point",
        "coordinates": [
          -49.843,
          -9.582
        ]
      }
    },
    {
      "type": "Feature",
      "properties": {
        "DataHora": "2017/08/06 16:39:00",
        "Satelite": "AQUA_M-T",
        "Pais": "Brasil",
        "Estado": "TOCANTINS",
        "Municipio": "CASEARA",
        "Bioma": "Cerrado",
        "DiaSemChuva": 0,
        "Precipitacao": 0.0,
        "RiscoFogo": 1.0,
        "FRP": 31.5,
        "Latitude": -9.563,
        "Longitude": -49.982
      },
      "geometry": {
        "type": "Point",
        "coordinates": [
          -49.982,
          -9.563
        ]
      }
    },
    {
      "type": "Feature",
      "properties": {
        "DataHora": "2017/08/07 17:22:00",
        "Satelite": "AQUA_M-T",
        "Pais": "Brasil",
        "Estado": "TOCANTINS",
        "Municipio": "CASEARA",
        "Bioma": "Cerrado",
        "DiaSemChuva": 0,
        "Precipitacao": 0.1,
        "RiscoFogo": 1.0,
        "FRP": 43.2,
        "Latitude": -9.331,
        "Longitude": -49.857
      },
      "geometry": {
        "type": "Point",
        "coordinates": [
          -49.857,
          -9.331
        ]
      }
    },
    {
      "type": "Feature",
      "properties": {
        "DataHora": "2017/08/11 16:58:00",
        "Satelite": "AQUA_M-T",
        "Pais": "Brasil",
        "Estado": "TOCANTINS",
        "Municipio": "CASEARA",
        "Bioma": "Cerrado",
        "DiaSemChuva": 0,
        "Precipitacao": 0.0,
        "RiscoFogo": 1.0,
        "FRP": 24.3,
        "Latitude": -9.089,
        "Longitude": -49.831
      },
      "geometry": {
        "type": "Point",
        "coordinates": [
          -49.831,
          -9.089
        ]
      }
    },
    {
      "type": "Feature",
      "properties": {
        "DataHora": "2017/08/11 16:58:00",
        "Satelite": "AQUA_M-T",
        "Pais": "Brasil",
        "Estado": "TOCANTINS",
        "Municipio": "CASEARA",
        "Bioma": "Cerrado",
        "DiaSemChuva": 0,
        "Precipitacao": 0.0,
        "RiscoFogo": 1.0,
        "FRP": 59.1,
        "Latitude": -9.09,
        "Longitude": -49.84
      },
      "geometry": {
        "type": "Point",
        "coordinates": [
          -49.84,
          -9.09
        ]
      }
    },
    {
      "type": "Feature",
      "properties": {
        "DataHora": "2017/08/11 16:58:00",
        "Satelite": "AQUA_M-T",
        "Pais": "Brasil",
        "Estado": "TOCANTINS",
        "Municipio": "CASEARA",
        "Bioma": "Cerrado",
        "DiaSemChuva": 0,
        "Precipitacao": 0.0,
        "RiscoFogo": 1.0,
        "FRP": 60.0,
        "Latitude": -9.081,
        "Longitude": -49.841
      },
      "geometry": {
        "type": "Point",
        "coordinates": [
          -49.841,
          -9.081
        ]
      }
    },
    {
      "type": "Feature",
      "properties": {
        "DataHora": "2017/08/11 16:58:00",
        "Satelite": "AQUA_M-T",
        "Pais": "Brasil",
        "Estado": "TOCANTINS",
        "Municipio": "CASEARA",
        "Bioma": "Cerrado",
        "DiaSemChuva": 0,
        "Precipitacao": 0.0,
        "RiscoFogo": 1.0,
        "FRP": 46.6,
        "Latitude": -9.08,
        "Longitude": -49.832
      },
      "geometry": {
        "type": "Point",
        "coordinates": [
          -49.832,
          -9.08
        ]
      }
    },
    {
      "type": "Feature",
      "properties": {
        "DataHora": "2017/08/14 17:29:00",
        "Satelite": "AQUA_M-T",
        "Pais": "Brasil",
        "Estado": "TOCANTINS",
        "Municipio": "CASEARA",
        "Bioma": "Cerrado",
        "DiaSemChuva": 0,
        "Precipitacao": 0.0,
        "RiscoFogo": 1.0,
        "FRP": 18.4,
        "Latitude": -9.133,
        "Longitude": -49.868
      },
      "geometry": {
        "type": "Point",
        "coordinates": [
          -49.868,
          -9.133
        ]
      }
    },
    {
      "type": "Feature",
      "properties": {
        "DataHora": "2017/08/18 17:04:00",
        "Satelite": "AQUA_M-T",
        "Pais": "Brasil",
        "Estado": "TOCANTINS",
        "Municipio": "CASEARA",
        "Bioma": "Cerrado",
        "DiaSemChuva": 0,
        "Precipitacao": 0.0,
        "RiscoFogo": 1.0,
        "FRP": 12.3,
        "Latitude": -9.092,
        "Longitude": -49.825
      },
      "geometry": {
        "type": "Point",
        "coordinates": [
          -49.825,
          -9.092
        ]
      }
    },
    {
      "type": "Feature",
      "properties": {
        "DataHora": "2017/08/18 17:04:00",
        "Satelite": "AQUA_M-T",
        "Pais": "Brasil",
        "Estado": "TOCANTINS",
        "Municipio": "CASEARA",
        "Bioma": "Cerrado",
        "DiaSemChuva": 0,
        "Precipitacao": 0.0,
        "RiscoFogo": 1.0,
        "FRP": 16.5,
        "Latitude": -9.086,
        "Longitude": -49.845
      },
      "geometry": {
        "type": "Point",
        "coordinates": [
          -49.845,
          -9.086
        ]
      }
    },
    {
      "type": "Feature",
      "properties": {
        "DataHora": "2017/08/18 17:04:00",
        "Satelite": "AQUA_M-T",
        "Pais": "Brasil",
        "Estado": "TOCANTINS",
        "Municipio": "CASEARA",
        "Bioma": "Cerrado",
        "DiaSemChuva": 0,
        "Precipitacao": 0.0,
        "RiscoFogo": 1.0,
        "FRP": 36.2,
        "Latitude": -9.091,
        "Longitude": -49.816
      },
      "geometry": {
        "type": "Point",
        "coordinates": [
          -49.816,
          -9.091
        ]
      }
    },
    {
      "type": "Feature",
      "properties": {
        "DataHora": "2017/08/20 16:52:00",
        "Satelite": "AQUA_M-T",
        "Pais": "Brasil",
        "Estado": "TOCANTINS",
        "Municipio": "CASEARA",
        "Bioma": "Cerrado",
        "DiaSemChuva": 0,
        "Precipitacao": 0.0,
        "RiscoFogo": 1.0,
        "FRP": 23.7,
        "Latitude": -9.114,
        "Longitude": -49.826
      },
      "geometry": {
        "type": "Point",
        "coordinates": [
          -49.826,
          -9.114
        ]
      }
    },
    {
      "type": "Feature",
      "properties": {
        "DataHora": "2017/08/20 16:52:00",
        "Satelite": "AQUA_M-T",
        "Pais": "Brasil",
        "Estado": "TOCANTINS",
        "Municipio": "CASEARA",
        "Bioma": "Cerrado",
        "DiaSemChuva": 0,
        "Precipitacao": 0.0,
        "RiscoFogo": 1.0,
        "FRP": 10.0,
        "Latitude": -9.113,
        "Longitude": -49.816
      },
      "geometry": {
        "type": "Point",
        "coordinates": [
          -49.816,
          -9.113
        ]
      }
    },
    {
      "type": "Feature",
      "properties": {
        "DataHora": "2017/08/22 16:39:00",
        "Satelite": "AQUA_M-T",
        "Pais": "Brasil",
        "Estado": "TOCANTINS",
        "Municipio": "CASEARA",
        "Bioma": "Cerrado",
        "DiaSemChuva": 0,
        "Precipitacao": 0.0,
        "RiscoFogo": 1.0,
        "FRP": 56.0,
        "Latitude": -9.582,
        "Longitude": -49.879
      },
      "geometry": {
        "type": "Point",
        "coordinates": [
          -49.879,
          -9.582
        ]
      }
    },
    {
      "type": "Feature",
      "properties": {
        "DataHora": "2017/08/23 17:22:00",
        "Satelite": "AQUA_M-T",
        "Pais": "Brasil",
        "Estado": "TOCANTINS",
        "Municipio": "CASEARA",
        "Bioma": "Cerrado",
        "DiaSemChuva": 0,
        "Precipitacao": 0.0,
        "RiscoFogo": 1.0,
        "FRP": 56.4,
        "Latitude": -9.363,
        "Longitude": -49.925
      },
      "geometry": {
        "type": "Point",
        "coordinates": [
          -49.925,
          -9.363
        ]
      }
    },
    {
      "type": "Feature",
      "properties": {
        "DataHora": "2017/08/23 17:22:00",
        "Satelite": "AQUA_M-T",
        "Pais": "Brasil",
        "Estado": "TOCANTINS",
        "Municipio": "CASEARA",
        "Bioma": "Cerrado",
        "DiaSemChuva": 0,
        "Precipitacao": 0.0,
        "RiscoFogo": 1.0,
        "FRP": 52.2,
        "Latitude": -9.372,
        "Longitude": -49.906
      },
      "geometry": {
        "type": "Point",
        "coordinates": [
          -49.906,
          -9.372
        ]
      }
    },
    {
      "type": "Feature",
      "properties": {
        "DataHora": "2017/08/23 17:22:00",
        "Satelite": "AQUA_M-T",
        "Pais": "Brasil",
        "Estado": "TOCANTINS",
        "Municipio": "CASEARA",
        "Bioma": "Cerrado",
        "DiaSemChuva": 0,
        "Precipitacao": 0.0,
        "RiscoFogo": 1.0,
        "FRP": 21.4,
        "Latitude": -9.12,
        "Longitude": -49.824
      },
      "geometry": {
        "type": "Point",
        "coordinates": [
          -49.824,
          -9.12
        ]
      }
    },
    {
      "type": "Feature",
      "properties": {
        "DataHora": "2017/08/23 17:22:00",
        "Satelite": "AQUA_M-T",
        "Pais": "Brasil",
        "Estado": "TOCANTINS",
        "Municipio": "CASEARA",
        "Bioma": "Cerrado",
        "DiaSemChuva": 0,
        "Precipitacao": 0.0,
        "RiscoFogo": 1.0,
        "FRP": 82.1,
        "Latitude": -9.36,
        "Longitude": -49.908
      },
      "geometry": {
        "type": "Point",
        "coordinates": [
          -49.908,
          -9.36
        ]
      }
    },
    {
      "type": "Feature",
      "properties": {
        "DataHora": "2017/08/25 17:10:00",
        "Satelite": "AQUA_M-T",
        "Pais": "Brasil",
        "Estado": "TOCANTINS",
        "Municipio": "CASEARA",
        "Bioma": "Cerrado",
        "DiaSemChuva": 0,
        "Precipitacao": 0.0,
        "RiscoFogo": 1.0,
        "FRP": 71.6,
        "Latitude": -9.453,
        "Longitude": -49.882
      },
      "geometry": {
        "type": "Point",
        "coordinates": [
          -49.882,
          -9.453
        ]
      }
    },
    {
      "type": "Feature",
      "properties": {
        "DataHora": "2017/08/27 16:58:00",
        "Satelite": "AQUA_M-T",
        "Pais": "Brasil",
        "Estado": "TOCANTINS",
        "Municipio": "CASEARA",
        "Bioma": "Cerrado",
        "DiaSemChuva": 0,
        "Precipitacao": 0.0,
        "RiscoFogo": 1.0,
        "FRP": 23.2,
        "Latitude": -9.39,
        "Longitude": -49.905
      },
      "geometry": {
        "type": "Point",
        "coordinates": [
          -49.905,
          -9.39
        ]
      }
    },
    {
      "type": "Feature",
      "properties": {
        "DataHora": "2017/08/27 16:58:00",
        "Satelite": "AQUA_M-T",
        "Pais": "Brasil",
        "Estado": "TOCANTINS",
        "Municipio": "CASEARA",
        "Bioma": "Cerrado",
        "DiaSemChuva": 0,
        "Precipitacao": 0.0,
        "RiscoFogo": 1.0,
        "FRP": 20.4,
        "Latitude": -9.145,
        "Longitude": -49.867
      },
      "geometry": {
        "type": "Point",
        "coordinates": [
          -49.867,
          -9.145
        ]
      }
    },
    {
      "type": "Feature",
      "properties": {
        "DataHora": "2017/08/29 16:46:00",
        "Satelite": "AQUA_M-T",
        "Pais": "Brasil",
        "Estado": "TOCANTINS",
        "Municipio": "CASEARA",
        "Bioma": "Cerrado",
        "DiaSemChuva": 0,
        "Precipitacao": 0.0,
        "RiscoFogo": 1.0,
        "FRP": 47.3,
        "Latitude": -9.59,
        "Longitude": -49.902
      },
      "geometry": {
        "type": "Point",
        "coordinates": [
          -49.902,
          -9.59
        ]
      }
    },
    {
      "type": "Feature",
      "properties": {
        "DataHora": "2017/09/03 17:04:00",
        "Satelite": "AQUA_M-T",
        "Pais": "Brasil",
        "Estado": "TOCANTINS",
        "Municipio": "CASEARA",
        "Bioma": "Cerrado",
        "DiaSemChuva": 0,
        "Precipitacao": 0.0,
        "RiscoFogo": 1.0,
        "FRP": 45.8,
        "Latitude": -9.366,
        "Longitude": -49.92
      },
      "geometry": {
        "type": "Point",
        "coordinates": [
          -49.92,
          -9.366
        ]
      }
    },
    {
      "type": "Feature",
      "properties": {
        "DataHora": "2017/09/03 17:04:00",
        "Satelite": "AQUA_M-T",
        "Pais": "Brasil",
        "Estado": "TOCANTINS",
        "Municipio": "CASEARA",
        "Bioma": "Cerrado",
        "DiaSemChuva": 0,
        "Precipitacao": 0.0,
        "RiscoFogo": 1.0,
        "FRP": 16.1,
        "Latitude": -9.375,
        "Longitude": -49.918
      },
      "geometry": {
        "type": "Point",
        "coordinates": [
          -49.918,
          -9.375
        ]
      }
    },
    {
      "type": "Feature",
      "properties": {
        "DataHora": "2017/09/03 17:04:00",
        "Satelite": "AQUA_M-T",
        "Pais": "Brasil",
        "Estado": "TOCANTINS",
        "Municipio": "CASEARA",
        "Bioma": "Cerrado",
        "DiaSemChuva": 0,
        "Precipitacao": 0.0,
        "RiscoFogo": 1.0,
        "FRP": 45.1,
        "Latitude": -9.374,
        "Longitude": -49.909
      },
      "geometry": {
        "type": "Point",
        "coordinates": [
          -49.909,
          -9.374
        ]
      }
    },
    {
      "type": "Feature",
      "properties": {
        "DataHora": "2017/09/03 17:04:00",
        "Satelite": "AQUA_M-T",
        "Pais": "Brasil",
        "Estado": "TOCANTINS",
        "Municipio": "CASEARA",
        "Bioma": "Cerrado",
        "DiaSemChuva": 0,
        "Precipitacao": 0.0,
        "RiscoFogo": 1.0,
        "FRP": 70.0,
        "Latitude": -9.19,
        "Longitude": -49.719
      },
      "geometry": {
        "type": "Point",
        "coordinates": [
          -49.719,
          -9.19
        ]
      }
    },
    {
      "type": "Feature",
      "properties": {
        "DataHora": "2017/09/05 16:52:00",
        "Satelite": "AQUA_M-T",
        "Pais": "Brasil",
        "Estado": "TOCANTINS",
        "Municipio": "CASEARA",
        "Bioma": "Cerrado",
        "DiaSemChuva": 0,
        "Precipitacao": 0.0,
        "RiscoFogo": 1.0,
        "FRP": 13.5,
        "Latitude": -9.336,
        "Longitude": -49.899
      },
      "geometry": {
        "type": "Point",
        "coordinates": [
          -49.899,
          -9.336
        ]
      }
    },
    {
      "type": "Feature",
      "properties": {
        "DataHora": "2017/09/07 16:39:00",
        "Satelite": "AQUA_M-T",
        "Pais": "Brasil",
        "Estado": "TOCANTINS",
        "Municipio": "CASEARA",
        "Bioma": "Cerrado",
        "DiaSemChuva": 0,
        "Precipitacao": 0.0,
        "RiscoFogo": 1.0,
        "FRP": 106.4,
        "Latitude": -9.605,
        "Longitude": -49.971
      },
      "geometry": {
        "type": "Point",
        "coordinates": [
          -49.971,
          -9.605
        ]
      }
    },
    {
      "type": "Feature",
      "properties": {
        "DataHora": "2017/09/07 16:39:00",
        "Satelite": "AQUA_M-T",
        "Pais": "Brasil",
        "Estado": "TOCANTINS",
        "Municipio": "CASEARA",
        "Bioma": "Cerrado",
        "DiaSemChuva": 0,
        "Precipitacao": 0.0,
        "RiscoFogo": 1.0,
        "FRP": 107.8,
        "Latitude": -9.595,
        "Longitude": -49.988
      },
      "geometry": {
        "type": "Point",
        "coordinates": [
          -49.988,
          -9.595
        ]
      }
    },
    {
      "type": "Feature",
      "properties": {
        "DataHora": "2017/09/07 16:39:00",
        "Satelite": "AQUA_M-T",
        "Pais": "Brasil",
        "Estado": "TOCANTINS",
        "Municipio": "CASEARA",
        "Bioma": "Cerrado",
        "DiaSemChuva": 0,
        "Precipitacao": 0.0,
        "RiscoFogo": 1.0,
        "FRP": 536.3,
        "Latitude": -9.607,
        "Longitude": -49.987
      },
      "geometry": {
        "type": "Point",
        "coordinates": [
          -49.987,
          -9.607
        ]
      }
    },
    {
      "type": "Feature",
      "properties": {
        "DataHora": "2017/09/07 16:39:00",
        "Satelite": "AQUA_M-T",
        "Pais": "Brasil",
        "Estado": "TOCANTINS",
        "Municipio": "CASEARA",
        "Bioma": "Cerrado",
        "DiaSemChuva": 0,
        "Precipitacao": 0.0,
        "RiscoFogo": 1.0,
        "FRP": 110.3,
        "Latitude": -9.593,
        "Longitude": -49.972
      },
      "geometry": {
        "type": "Point",
        "coordinates": [
          -49.972,
          -9.593
        ]
      }
    },
    {
      "type": "Feature",
      "properties": {
        "DataHora": "2017/09/09 16:27:00",
        "Satelite": "AQUA_M-T",
        "Pais": "Brasil",
        "Estado": "TOCANTINS",
        "Municipio": "CASEARA",
        "Bioma": "Cerrado",
        "DiaSemChuva": 0,
        "Precipitacao": 1.0,
        "RiscoFogo": 1.0,
        "FRP": 96.7,
        "Latitude": -9.533,
        "Longitude": -49.735
      },
      "geometry": {
        "type": "Point",
        "coordinates": [
          -49.735,
          -9.533
        ]
      }
    },
    {
      "type": "Feature",
      "properties": {
        "DataHora": "2017/09/09 16:27:00",
        "Satelite": "AQUA_M-T",
        "Pais": "Brasil",
        "Estado": "TOCANTINS",
        "Municipio": "CASEARA",
        "Bioma": "Cerrado",
        "DiaSemChuva": 0,
        "Precipitacao": 0.9,
        "RiscoFogo": 1.0,
        "FRP": 79.9,
        "Latitude": -9.533,
        "Longitude": -49.73
      },
      "geometry": {
        "type": "Point",
        "coordinates": [
          -49.73,
          -9.533
        ]
      }
    },
    {
      "type": "Feature",
      "properties": {
        "DataHora": "2017/09/10 17:10:00",
        "Satelite": "AQUA_M-T",
        "Pais": "Brasil",
        "Estado": "TOCANTINS",
        "Municipio": "CASEARA",
        "Bioma": "Cerrado",
        "DiaSemChuva": 0,
        "Precipitacao": 0.0,
        "RiscoFogo": 1.0,
        "FRP": 62.6,
        "Latitude": -9.536,
        "Longitude": -49.763
      },
      "geometry": {
        "type": "Point",
        "coordinates": [
          -49.763,
          -9.536
        ]
      }
    },
    {
      "type": "Feature",
      "properties": {
        "DataHora": "2017/09/10 17:10:00",
        "Satelite": "AQUA_M-T",
        "Pais": "Brasil",
        "Estado": "TOCANTINS",
        "Municipio": "CASEARA",
        "Bioma": "Cerrado",
        "DiaSemChuva": 0,
        "Precipitacao": 0.0,
        "RiscoFogo": 1.0,
        "FRP": 10.2,
        "Latitude": -9.601,
        "Longitude": -49.929
      },
      "geometry": {
        "type": "Point",
        "coordinates": [
          -49.929,
          -9.601
        ]
      }
    },
    {
      "type": "Feature",
      "properties": {
        "DataHora": "2017/09/10 17:10:00",
        "Satelite": "AQUA_M-T",
        "Pais": "Brasil",
        "Estado": "TOCANTINS",
        "Municipio": "CASEARA",
        "Bioma": "Cerrado",
        "DiaSemChuva": 0,
        "Precipitacao": 0.0,
        "RiscoFogo": 1.0,
        "FRP": 31.2,
        "Latitude": -9.537,
        "Longitude": -49.774
      },
      "geometry": {
        "type": "Point",
        "coordinates": [
          -49.774,
          -9.537
        ]
      }
    },
    {
      "type": "Feature",
      "properties": {
        "DataHora": "2017/09/10 17:10:00",
        "Satelite": "AQUA_M-T",
        "Pais": "Brasil",
        "Estado": "TOCANTINS",
        "Municipio": "CASEARA",
        "Bioma": "Cerrado",
        "DiaSemChuva": 0,
        "Precipitacao": 0.0,
        "RiscoFogo": 1.0,
        "FRP": 76.0,
        "Latitude": -9.546,
        "Longitude": -49.762
      },
      "geometry": {
        "type": "Point",
        "coordinates": [
          -49.762,
          -9.546
        ]
      }
    },
    {
      "type": "Feature",
      "properties": {
        "DataHora": "2017/09/10 17:10:00",
        "Satelite": "AQUA_M-T",
        "Pais": "Brasil",
        "Estado": "TOCANTINS",
        "Municipio": "CASEARA",
        "Bioma": "Cerrado",
        "DiaSemChuva": 0,
        "Precipitacao": 0.0,
        "RiscoFogo": 1.0,
        "FRP": 16.8,
        "Latitude": -9.631,
        "Longitude": -49.972
      },
      "geometry": {
        "type": "Point",
        "coordinates": [
          -49.972,
          -9.631
        ]
      }
    },
    {
      "type": "Feature",
      "properties": {
        "DataHora": "2017/09/12 16:58:00",
        "Satelite": "AQUA_M-T",
        "Pais": "Brasil",
        "Estado": "TOCANTINS",
        "Municipio": "CASEARA",
        "Bioma": "Cerrado",
        "DiaSemChuva": 0,
        "Precipitacao": 0.0,
        "RiscoFogo": 1.0,
        "FRP": 99.7,
        "Latitude": -9.161,
        "Longitude": -49.856
      },
      "geometry": {
        "type": "Point",
        "coordinates": [
          -49.856,
          -9.161
        ]
      }
    },
    {
      "type": "Feature",
      "properties": {
        "DataHora": "2017/09/12 16:58:00",
        "Satelite": "AQUA_M-T",
        "Pais": "Brasil",
        "Estado": "TOCANTINS",
        "Municipio": "CASEARA",
        "Bioma": "Cerrado",
        "DiaSemChuva": 0,
        "Precipitacao": 0.0,
        "RiscoFogo": 1.0,
        "FRP": 21.4,
        "Latitude": -9.179,
        "Longitude": -49.853
      },
      "geometry": {
        "type": "Point",
        "coordinates": [
          -49.853,
          -9.179
        ]
      }
    },
    {
      "type": "Feature",
      "properties": {
        "DataHora": "2017/09/12 16:58:00",
        "Satelite": "AQUA_M-T",
        "Pais": "Brasil",
        "Estado": "TOCANTINS",
        "Municipio": "CASEARA",
        "Bioma": "Cerrado",
        "DiaSemChuva": 0,
        "Precipitacao": 0.0,
        "RiscoFogo": 1.0,
        "FRP": 112.5,
        "Latitude": -9.312,
        "Longitude": -49.822
      },
      "geometry": {
        "type": "Point",
        "coordinates": [
          -49.822,
          -9.312
        ]
      }
    },
    {
      "type": "Feature",
      "properties": {
        "DataHora": "2017/09/12 16:58:00",
        "Satelite": "AQUA_M-T",
        "Pais": "Brasil",
        "Estado": "TOCANTINS",
        "Municipio": "CASEARA",
        "Bioma": "Cerrado",
        "DiaSemChuva": 0,
        "Precipitacao": 0.0,
        "RiscoFogo": 1.0,
        "FRP": 8.5,
        "Latitude": -9.139,
        "Longitude": -49.832
      },
      "geometry": {
        "type": "Point",
        "coordinates": [
          -49.832,
          -9.139
        ]
      }
    },
    {
      "type": "Feature",
      "properties": {
        "DataHora": "2017/09/12 16:58:00",
        "Satelite": "AQUA_M-T",
        "Pais": "Brasil",
        "Estado": "TOCANTINS",
        "Municipio": "CASEARA",
        "Bioma": "Cerrado",
        "DiaSemChuva": 0,
        "Precipitacao": 0.0,
        "RiscoFogo": 1.0,
        "FRP": 122.3,
        "Latitude": -9.188,
        "Longitude": -49.852
      },
      "geometry": {
        "type": "Point",
        "coordinates": [
          -49.852,
          -9.188
        ]
      }
    },
    {
      "type": "Feature",
      "properties": {
        "DataHora": "2017/09/12 16:58:00",
        "Satelite": "AQUA_M-T",
        "Pais": "Brasil",
        "Estado": "TOCANTINS",
        "Municipio": "CASEARA",
        "Bioma": "Cerrado",
        "DiaSemChuva": 0,
        "Precipitacao": 0.0,
        "RiscoFogo": 1.0,
        "FRP": 35.8,
        "Latitude": -9.164,
        "Longitude": -49.874
      },
      "geometry": {
        "type": "Point",
        "coordinates": [
          -49.874,
          -9.164
        ]
      }
    },
    {
      "type": "Feature",
      "properties": {
        "DataHora": "2017/09/12 16:58:00",
        "Satelite": "AQUA_M-T",
        "Pais": "Brasil",
        "Estado": "TOCANTINS",
        "Municipio": "CASEARA",
        "Bioma": "Cerrado",
        "DiaSemChuva": 0,
        "Precipitacao": 0.0,
        "RiscoFogo": 1.0,
        "FRP": 16.7,
        "Latitude": -9.17,
        "Longitude": -49.855
      },
      "geometry": {
        "type": "Point",
        "coordinates": [
          -49.855,
          -9.17
        ]
      }
    },
    {
      "type": "Feature",
      "properties": {
        "DataHora": "2017/09/12 16:58:00",
        "Satelite": "AQUA_M-T",
        "Pais": "Brasil",
        "Estado": "TOCANTINS",
        "Municipio": "CASEARA",
        "Bioma": "Cerrado",
        "DiaSemChuva": 0,
        "Precipitacao": 0.0,
        "RiscoFogo": 1.0,
        "FRP": 123.2,
        "Latitude": -9.162,
        "Longitude": -49.865
      },
      "geometry": {
        "type": "Point",
        "coordinates": [
          -49.865,
          -9.162
        ]
      }
    },
    {
      "type": "Feature",
      "properties": {
        "DataHora": "2017/09/12 16:58:00",
        "Satelite": "AQUA_M-T",
        "Pais": "Brasil",
        "Estado": "TOCANTINS",
        "Municipio": "CASEARA",
        "Bioma": "Cerrado",
        "DiaSemChuva": 0,
        "Precipitacao": 0.0,
        "RiscoFogo": 1.0,
        "FRP": 48.5,
        "Latitude": -9.311,
        "Longitude": -49.813
      },
      "geometry": {
        "type": "Point",
        "coordinates": [
          -49.813,
          -9.311
        ]
      }
    },
    {
      "type": "Feature",
      "properties": {
        "DataHora": "2017/09/12 16:58:00",
        "Satelite": "AQUA_M-T",
        "Pais": "Brasil",
        "Estado": "TOCANTINS",
        "Municipio": "CASEARA",
        "Bioma": "Cerrado",
        "DiaSemChuva": 0,
        "Precipitacao": 0.0,
        "RiscoFogo": 1.0,
        "FRP": 57.1,
        "Latitude": -9.321,
        "Longitude": -49.821
      },
      "geometry": {
        "type": "Point",
        "coordinates": [
          -49.821,
          -9.321
        ]
      }
    },
    {
      "type": "Feature",
      "properties": {
        "DataHora": "2017/09/12 16:58:00",
        "Satelite": "AQUA_M-T",
        "Pais": "Brasil",
        "Estado": "TOCANTINS",
        "Municipio": "CASEARA",
        "Bioma": "Cerrado",
        "DiaSemChuva": 0,
        "Precipitacao": 0.0,
        "RiscoFogo": 1.0,
        "FRP": 18.7,
        "Latitude": -9.138,
        "Longitude": -49.822
      },
      "geometry": {
        "type": "Point",
        "coordinates": [
          -49.822,
          -9.138
        ]
      }
    },
    {
      "type": "Feature",
      "properties": {
        "DataHora": "2017/09/12 16:58:00",
        "Satelite": "AQUA_M-T",
        "Pais": "Brasil",
        "Estado": "TOCANTINS",
        "Municipio": "CASEARA",
        "Bioma": "Cerrado",
        "DiaSemChuva": 0,
        "Precipitacao": 0.0,
        "RiscoFogo": 1.0,
        "FRP": 124.2,
        "Latitude": -9.189,
        "Longitude": -49.861
      },
      "geometry": {
        "type": "Point",
        "coordinates": [
          -49.861,
          -9.189
        ]
      }
    },
    {
      "type": "Feature",
      "properties": {
        "DataHora": "2017/09/12 16:58:00",
        "Satelite": "AQUA_M-T",
        "Pais": "Brasil",
        "Estado": "TOCANTINS",
        "Municipio": "CASEARA",
        "Bioma": "Cerrado",
        "DiaSemChuva": 0,
        "Precipitacao": 0.0,
        "RiscoFogo": 1.0,
        "FRP": 17.8,
        "Latitude": -9.175,
        "Longitude": -49.826
      },
      "geometry": {
        "type": "Point",
        "coordinates": [
          -49.826,
          -9.175
        ]
      }
    },
    {
      "type": "Feature",
      "properties": {
        "DataHora": "2017/09/14 16:46:00",
        "Satelite": "AQUA_M-T",
        "Pais": "Brasil",
        "Estado": "TOCANTINS",
        "Municipio": "CASEARA",
        "Bioma": "Cerrado",
        "DiaSemChuva": 0,
        "Precipitacao": 0.0,
        "RiscoFogo": 1.0,
        "FRP": 93.4,
        "Latitude": -9.178,
        "Longitude": -49.886
      },
      "geometry": {
        "type": "Point",
        "coordinates": [
          -49.886,
          -9.178
        ]
      }
    },
    {
      "type": "Feature",
      "properties": {
        "DataHora": "2017/09/15 17:28:00",
        "Satelite": "AQUA_M-T",
        "Pais": "Brasil",
        "Estado": "TOCANTINS",
        "Municipio": "CASEARA",
        "Bioma": "Cerrado",
        "DiaSemChuva": 0,
        "Precipitacao": 0.0,
        "RiscoFogo": 1.0,
        "FRP": 45.0,
        "Latitude": -9.302,
        "Longitude": -49.808
      },
      "geometry": {
        "type": "Point",
        "coordinates": [
          -49.808,
          -9.302
        ]
      }
    },
    {
      "type": "Feature",
      "properties": {
        "DataHora": "2017/09/15 17:28:00",
        "Satelite": "AQUA_M-T",
        "Pais": "Brasil",
        "Estado": "TOCANTINS",
        "Municipio": "CASEARA",
        "Bioma": "Cerrado",
        "DiaSemChuva": 0,
        "Precipitacao": 0.0,
        "RiscoFogo": 1.0,
        "FRP": 44.3,
        "Latitude": -9.297,
        "Longitude": -49.814
      },
      "geometry": {
        "type": "Point",
        "coordinates": [
          -49.814,
          -9.297
        ]
      }
    },
    {
      "type": "Feature",
      "properties": {
        "DataHora": "2017/09/17 17:16:00",
        "Satelite": "AQUA_M-T",
        "Pais": "Brasil",
        "Estado": "TOCANTINS",
        "Municipio": "CASEARA",
        "Bioma": "Cerrado",
        "DiaSemChuva": 0,
        "Precipitacao": 0.0,
        "RiscoFogo": 1.0,
        "FRP": 19.8,
        "Latitude": -9.107,
        "Longitude": -49.846
      },
      "geometry": {
        "type": "Point",
        "coordinates": [
          -49.846,
          -9.107
        ]
      }
    },
    {
      "type": "Feature",
      "properties": {
        "DataHora": "2017/09/17 17:16:00",
        "Satelite": "AQUA_M-T",
        "Pais": "Brasil",
        "Estado": "TOCANTINS",
        "Municipio": "CASEARA",
        "Bioma": "Cerrado",
        "DiaSemChuva": 0,
        "Precipitacao": 0.0,
        "RiscoFogo": 1.0,
        "FRP": 37.5,
        "Latitude": -9.595,
        "Longitude": -49.888
      },
      "geometry": {
        "type": "Point",
        "coordinates": [
          -49.888,
          -9.595
        ]
      }
    },
    {
      "type": "Feature",
      "properties": {
        "DataHora": "2017/09/21 16:52:00",
        "Satelite": "AQUA_M-T",
        "Pais": "Brasil",
        "Estado": "TOCANTINS",
        "Municipio": "CASEARA",
        "Bioma": "Cerrado",
        "DiaSemChuva": 0,
        "Precipitacao": 2.7,
        "RiscoFogo": 1.0,
        "FRP": 32.7,
        "Latitude": -9.483,
        "Longitude": -49.833
      },
      "geometry": {
        "type": "Point",
        "coordinates": [
          -49.833,
          -9.483
        ]
      }
    },
    {
      "type": "Feature",
      "properties": {
        "DataHora": "2017/09/21 16:52:00",
        "Satelite": "AQUA_M-T",
        "Pais": "Brasil",
        "Estado": "TOCANTINS",
        "Municipio": "CASEARA",
        "Bioma": "Cerrado",
        "DiaSemChuva": 0,
        "Precipitacao": 3.1,
        "RiscoFogo": 1.0,
        "FRP": 24.6,
        "Latitude": -9.485,
        "Longitude": -49.843
      },
      "geometry": {
        "type": "Point",
        "coordinates": [
          -49.843,
          -9.485
        ]
      }
    },
    {
      "type": "Feature",
      "properties": {
        "DataHora": "2017/09/23 16:40:00",
        "Satelite": "AQUA_M-T",
        "Pais": "Brasil",
        "Estado": "TOCANTINS",
        "Municipio": "CASEARA",
        "Bioma": "Cerrado",
        "DiaSemChuva": 0,
        "Precipitacao": 0.0,
        "RiscoFogo": 1.0,
        "FRP": 137.6,
        "Latitude": -9.576,
        "Longitude": -49.826
      },
      "geometry": {
        "type": "Point",
        "coordinates": [
          -49.826,
          -9.576
        ]
      }
    },
    {
      "type": "Feature",
      "properties": {
        "DataHora": "2017/09/23 16:40:00",
        "Satelite": "AQUA_M-T",
        "Pais": "Brasil",
        "Estado": "TOCANTINS",
        "Municipio": "CASEARA",
        "Bioma": "Cerrado",
        "DiaSemChuva": 0,
        "Precipitacao": 0.0,
        "RiscoFogo": 1.0,
        "FRP": 138.5,
        "Latitude": -9.58,
        "Longitude": -49.833
      },
      "geometry": {
        "type": "Point",
        "coordinates": [
          -49.833,
          -9.58
        ]
      }
    },
    {
      "type": "Feature",
      "properties": {
        "DataHora": "2017/09/23 16:40:00",
        "Satelite": "AQUA_M-T",
        "Pais": "Brasil",
        "Estado": "TOCANTINS",
        "Municipio": "CASEARA",
        "Bioma": "Cerrado",
        "DiaSemChuva": 0,
        "Precipitacao": 0.0,
        "RiscoFogo": 1.0,
        "FRP": 30.9,
        "Latitude": -9.588,
        "Longitude": -49.825
      },
      "geometry": {
        "type": "Point",
        "coordinates": [
          -49.825,
          -9.588
        ]
      }
    },
    {
      "type": "Feature",
      "properties": {
        "DataHora": "2017/09/23 16:40:00",
        "Satelite": "AQUA_M-T",
        "Pais": "Brasil",
        "Estado": "TOCANTINS",
        "Municipio": "CASEARA",
        "Bioma": "Cerrado",
        "DiaSemChuva": 0,
        "Precipitacao": 0.0,
        "RiscoFogo": 1.0,
        "FRP": 31.0,
        "Latitude": -9.469,
        "Longitude": -49.949
      },
      "geometry": {
        "type": "Point",
        "coordinates": [
          -49.949,
          -9.469
        ]
      }
    },
    {
      "type": "Feature",
      "properties": {
        "DataHora": "2017/09/23 16:40:00",
        "Satelite": "AQUA_M-T",
        "Pais": "Brasil",
        "Estado": "TOCANTINS",
        "Municipio": "CASEARA",
        "Bioma": "Cerrado",
        "DiaSemChuva": 0,
        "Precipitacao": 0.0,
        "RiscoFogo": 1.0,
        "FRP": 60.1,
        "Latitude": -9.578,
        "Longitude": -49.842
      },
      "geometry": {
        "type": "Point",
        "coordinates": [
          -49.842,
          -9.578
        ]
      }
    },
    {
      "type": "Feature",
      "properties": {
        "DataHora": "2017/09/23 16:40:00",
        "Satelite": "AQUA_M-T",
        "Pais": "Brasil",
        "Estado": "TOCANTINS",
        "Municipio": "CASEARA",
        "Bioma": "Cerrado",
        "DiaSemChuva": 0,
        "Precipitacao": 0.0,
        "RiscoFogo": 1.0,
        "FRP": 100.5,
        "Latitude": -9.54,
        "Longitude": -49.983
      },
      "geometry": {
        "type": "Point",
        "coordinates": [
          -49.983,
          -9.54
        ]
      }
    },
    {
      "type": "Feature",
      "properties": {
        "DataHora": "2017/09/23 16:40:00",
        "Satelite": "AQUA_M-T",
        "Pais": "Brasil",
        "Estado": "TOCANTINS",
        "Municipio": "CASEARA",
        "Bioma": "Cerrado",
        "DiaSemChuva": 0,
        "Precipitacao": 0.0,
        "RiscoFogo": 1.0,
        "FRP": 17.5,
        "Latitude": -9.59,
        "Longitude": -49.84
      },
      "geometry": {
        "type": "Point",
        "coordinates": [
          -49.84,
          -9.59
        ]
      }
    },
    {
      "type": "Feature",
      "properties": {
        "DataHora": "2017/09/23 16:40:00",
        "Satelite": "AQUA_M-T",
        "Pais": "Brasil",
        "Estado": "TOCANTINS",
        "Municipio": "CASEARA",
        "Bioma": "Cerrado",
        "DiaSemChuva": 0,
        "Precipitacao": 0.0,
        "RiscoFogo": 1.0,
        "FRP": 35.7,
        "Latitude": -9.568,
        "Longitude": -49.834
      },
      "geometry": {
        "type": "Point",
        "coordinates": [
          -49.834,
          -9.568
        ]
      }
    },
    {
      "type": "Feature",
      "properties": {
        "DataHora": "2017/09/24 17:22:00",
        "Satelite": "AQUA_M-T",
        "Pais": "Brasil",
        "Estado": "TOCANTINS",
        "Municipio": "CASEARA",
        "Bioma": "Cerrado",
        "DiaSemChuva": 0,
        "Precipitacao": 0.0,
        "RiscoFogo": 1.0,
        "FRP": 28.8,
        "Latitude": -9.548,
        "Longitude": -49.968
      },
      "geometry": {
        "type": "Point",
        "coordinates": [
          -49.968,
          -9.548
        ]
      }
    },
    {
      "type": "Feature",
      "properties": {
        "DataHora": "2017/10/11 16:27:00",
        "Satelite": "AQUA_M-T",
        "Pais": "Brasil",
        "Estado": "TOCANTINS",
        "Municipio": "CASEARA",
        "Bioma": "Cerrado",
        "DiaSemChuva": 0,
        "Precipitacao": 4.4,
        "RiscoFogo": 0.3,
        "FRP": 70.1,
        "Latitude": -9.667,
        "Longitude": -49.955
      },
      "geometry": {
        "type": "Point",
        "coordinates": [
          -49.955,
          -9.667
        ]
      }
    },
    {
      "type": "Feature",
      "properties": {
        "DataHora": "2017/10/11 16:27:00",
        "Satelite": "AQUA_M-T",
        "Pais": "Brasil",
        "Estado": "TOCANTINS",
        "Municipio": "CASEARA",
        "Bioma": "Cerrado",
        "DiaSemChuva": 0,
        "Precipitacao": 4.3,
        "RiscoFogo": 0.3,
        "FRP": 68.1,
        "Latitude": -9.665,
        "Longitude": -49.951
      },
      "geometry": {
        "type": "Point",
        "coordinates": [
          -49.951,
          -9.665
        ]
      }
    },
    {
      "type": "Feature",
      "properties": {
        "DataHora": "2017/10/18 16:33:00",
        "Satelite": "AQUA_M-T",
        "Pais": "Brasil",
        "Estado": "TOCANTINS",
        "Municipio": "CASEARA",
        "Bioma": "Cerrado",
        "DiaSemChuva": 0,
        "Precipitacao": 0.0,
        "RiscoFogo": 0.0,
        "FRP": 28.4,
        "Latitude": -9.493,
        "Longitude": -49.793
      },
      "geometry": {
        "type": "Point",
        "coordinates": [
          -49.793,
          -9.493
        ]
      }
    },
    {
      "type": "Feature",
      "properties": {
        "DataHora": "2017/11/26 16:40:00",
        "Satelite": "AQUA_M-T",
        "Pais": "Brasil",
        "Estado": "TOCANTINS",
        "Municipio": "CASEARA",
        "Bioma": "Cerrado",
        "DiaSemChuva": 0,
        "Precipitacao": 0.3,
        "RiscoFogo": 0.1,
        "FRP": 62.7,
        "Latitude": -9.413,
        "Longitude": -49.829
      },
      "geometry": {
        "type": "Point",
        "coordinates": [
          -49.829,
          -9.413
        ]
      }
    },
    {
      "type": "Feature",
      "properties": {
        "DataHora": "2017/11/26 16:40:00",
        "Satelite": "AQUA_M-T",
        "Pais": "Brasil",
        "Estado": "TOCANTINS",
        "Municipio": "CASEARA",
        "Bioma": "Cerrado",
        "DiaSemChuva": 0,
        "Precipitacao": 0.3,
        "RiscoFogo": 0.1,
        "FRP": 87.2,
        "Latitude": -9.416,
        "Longitude": -49.833
      },
      "geometry": {
        "type": "Point",
        "coordinates": [
          -49.833,
          -9.416
        ]
      }
    },
    {
      "type": "Feature",
      "properties": {
        "DataHora": "2018/01/02 16:55:00",
        "Satelite": "AQUA_M-T",
        "Pais": "Brasil",
        "Estado": "TOCANTINS",
        "Municipio": "CASEARA",
        "Bioma": "Cerrado",
        "DiaSemChuva": 0,
        "Precipitacao": 7.2,
        "RiscoFogo": 0.0,
        "FRP": 6.3,
        "Latitude": -9.3,
        "Longitude": -49.738
      },
      "geometry": {
        "type": "Point",
        "coordinates": [
          -49.738,
          -9.3
        ]
      }
    },
    {
      "type": "Feature",
      "properties": {
        "DataHora": "2018/03/03 17:20:00",
        "Satelite": "AQUA_M-T",
        "Pais": "Brasil",
        "Estado": "TOCANTINS",
        "Municipio": "CASEARA",
        "Bioma": "Cerrado",
        "DiaSemChuva": 0,
        "Precipitacao": 6.4,
        "RiscoFogo": 0.0,
        "FRP": 20.7,
        "Latitude": -9.653,
        "Longitude": -49.906
      },
      "geometry": {
        "type": "Point",
        "coordinates": [
          -49.906,
          -9.653
        ]
      }
    },
    {
      "type": "Feature",
      "properties": {
        "DataHora": "2018/03/03 17:20:00",
        "Satelite": "AQUA_M-T",
        "Pais": "Brasil",
        "Estado": "TOCANTINS",
        "Municipio": "CASEARA",
        "Bioma": "Cerrado",
        "DiaSemChuva": 0,
        "Precipitacao": 9.2,
        "RiscoFogo": 0.0,
        "FRP": 25.7,
        "Latitude": -9.477,
        "Longitude": -49.877
      },
      "geometry": {
        "type": "Point",
        "coordinates": [
          -49.877,
          -9.477
        ]
      }
    },
    {
      "type": "Feature",
      "properties": {
        "DataHora": "2018/03/07 16:55:00",
        "Satelite": "AQUA_M-T",
        "Pais": "Brasil",
        "Estado": "TOCANTINS",
        "Municipio": "CASEARA",
        "Bioma": "Cerrado",
        "DiaSemChuva": 0,
        "Precipitacao": 12.1,
        "RiscoFogo": 0.0,
        "FRP": 6.6,
        "Latitude": -9.264,
        "Longitude": -49.949
      },
      "geometry": {
        "type": "Point",
        "coordinates": [
          -49.949,
          -9.264
        ]
      }
    },
    {
      "type": "Feature",
      "properties": {
        "DataHora": "2018/04/24 16:55:00",
        "Satelite": "AQUA_M-T",
        "Pais": "Brasil",
        "Estado": "TOCANTINS",
        "Municipio": "CASEARA",
        "Bioma": "Cerrado",
        "DiaSemChuva": 0,
        "Precipitacao": 2.0,
        "RiscoFogo": 0.4,
        "FRP": 10.8,
        "Latitude": -9.369,
        "Longitude": -49.951
      },
      "geometry": {
        "type": "Point",
        "coordinates": [
          -49.951,
          -9.369
        ]
      }
    },
    {
      "type": "Feature",
      "properties": {
        "DataHora": "2018/04/28 16:30:00",
        "Satelite": "AQUA_M-T",
        "Pais": "Brasil",
        "Estado": "TOCANTINS",
        "Municipio": "CASEARA",
        "Bioma": "Cerrado",
        "DiaSemChuva": 0,
        "Precipitacao": 0.0,
        "RiscoFogo": 0.7,
        "FRP": 30.0,
        "Latitude": -9.627,
        "Longitude": -49.973
      },
      "geometry": {
        "type": "Point",
        "coordinates": [
          -49.973,
          -9.627
        ]
      }
    },
    {
      "type": "Feature",
      "properties": {
        "DataHora": "2018/05/14 16:30:00",
        "Satelite": "AQUA_M-T",
        "Pais": "Brasil",
        "Estado": "TOCANTINS",
        "Municipio": "CASEARA",
        "Bioma": "Cerrado",
        "DiaSemChuva": 10,
        "Precipitacao": 0.0,
        "RiscoFogo": 0.4,
        "FRP": 20.2,
        "Latitude": -9.26,
        "Longitude": -49.825
      },
      "geometry": {
        "type": "Point",
        "coordinates": [
          -49.825,
          -9.26
        ]
      }
    },
    {
      "type": "Feature",
      "properties": {
        "DataHora": "2018/06/15 16:30:00",
        "Satelite": "AQUA_M-T",
        "Pais": "Brasil",
        "Estado": "TOCANTINS",
        "Municipio": "CASEARA",
        "Bioma": "Cerrado",
        "DiaSemChuva": 29,
        "Precipitacao": 0.0,
        "RiscoFogo": 1.0,
        "FRP": 39.5,
        "Latitude": -9.469,
        "Longitude": -49.802
      },
      "geometry": {
        "type": "Point",
        "coordinates": [
          -49.802,
          -9.469
        ]
      }
    },
    {
      "type": "Feature",
      "properties": {
        "DataHora": "2018/06/15 16:30:00",
        "Satelite": "AQUA_M-T",
        "Pais": "Brasil",
        "Estado": "TOCANTINS",
        "Municipio": "CASEARA",
        "Bioma": "Cerrado",
        "DiaSemChuva": 28,
        "Precipitacao": 0.0,
        "RiscoFogo": 1.0,
        "FRP": 36.5,
        "Latitude": -9.467,
        "Longitude": -49.795
      },
      "geometry": {
        "type": "Point",
        "coordinates": [
          -49.795,
          -9.467
        ]
      }
    },
    {
      "type": "Feature",
      "properties": {
        "DataHora": "2018/06/16 17:15:00",
        "Satelite": "AQUA_M-T",
        "Pais": "Brasil",
        "Estado": "TOCANTINS",
        "Municipio": "CASEARA",
        "Bioma": "Cerrado",
        "DiaSemChuva": 32,
        "Precipitacao": 0.0,
        "RiscoFogo": 1.0,
        "FRP": 17.8,
        "Latitude": -9.437,
        "Longitude": -49.889
      },
      "geometry": {
        "type": "Point",
        "coordinates": [
          -49.889,
          -9.437
        ]
      }
    },
    {
      "type": "Feature",
      "properties": {
        "DataHora": "2018/06/20 16:50:00",
        "Satelite": "AQUA_M-T",
        "Pais": "Brasil",
        "Estado": "TOCANTINS",
        "Municipio": "CASEARA",
        "Bioma": "Cerrado",
        "DiaSemChuva": 33,
        "Precipitacao": 0.0,
        "RiscoFogo": 1.0,
        "FRP": 26.9,
        "Latitude": -9.467,
        "Longitude": -49.794
      },
      "geometry": {
        "type": "Point",
        "coordinates": [
          -49.794,
          -9.467
        ]
      }
    },
    {
      "type": "Feature",
      "properties": {
        "DataHora": "2018/07/03 16:20:00",
        "Satelite": "AQUA_M-T",
        "Pais": "Brasil",
        "Estado": "TOCANTINS",
        "Municipio": "CASEARA",
        "Bioma": "Cerrado",
        "DiaSemChuva": 41,
        "Precipitacao": 0.0,
        "RiscoFogo": 1.0,
        "FRP": 96.1,
        "Latitude": -9.638,
        "Longitude": -49.934
      },
      "geometry": {
        "type": "Point",
        "coordinates": [
          -49.934,
          -9.638
        ]
      }
    },
    {
      "type": "Feature",
      "properties": {
        "DataHora": "2018/07/03 16:20:00",
        "Satelite": "AQUA_M-T",
        "Pais": "Brasil",
        "Estado": "TOCANTINS",
        "Municipio": "CASEARA",
        "Bioma": "Cerrado",
        "DiaSemChuva": 41,
        "Precipitacao": 0.0,
        "RiscoFogo": 1.0,
        "FRP": 116.4,
        "Latitude": -9.634,
        "Longitude": -49.939
      },
      "geometry": {
        "type": "Point",
        "coordinates": [
          -49.939,
          -9.634
        ]
      }
    },
    {
      "type": "Feature",
      "properties": {
        "DataHora": "2018/07/17 16:30:00",
        "Satelite": "AQUA_M-T",
        "Pais": "Brasil",
        "Estado": "TOCANTINS",
        "Municipio": "CASEARA",
        "Bioma": "Cerrado",
        "DiaSemChuva": 63,
        "Precipitacao": 0.0,
        "RiscoFogo": 1.0,
        "FRP": 201.3,
        "Latitude": -9.358,
        "Longitude": -49.902
      },
      "geometry": {
        "type": "Point",
        "coordinates": [
          -49.902,
          -9.358
        ]
      }
    },
    {
      "type": "Feature",
      "properties": {
        "DataHora": "2018/07/17 16:30:00",
        "Satelite": "AQUA_M-T",
        "Pais": "Brasil",
        "Estado": "TOCANTINS",
        "Municipio": "CASEARA",
        "Bioma": "Cerrado",
        "DiaSemChuva": 63,
        "Precipitacao": 0.0,
        "RiscoFogo": 1.0,
        "FRP": 95.4,
        "Latitude": -9.343,
        "Longitude": -49.883
      },
      "geometry": {
        "type": "Point",
        "coordinates": [
          -49.883,
          -9.343
        ]
      }
    },
    {
      "type": "Feature",
      "properties": {
        "DataHora": "2018/07/17 16:30:00",
        "Satelite": "AQUA_M-T",
        "Pais": "Brasil",
        "Estado": "TOCANTINS",
        "Municipio": "CASEARA",
        "Bioma": "Cerrado",
        "DiaSemChuva": 63,
        "Precipitacao": 0.0,
        "RiscoFogo": 1.0,
        "FRP": 52.0,
        "Latitude": -9.345,
        "Longitude": -49.904
      },
      "geometry": {
        "type": "Point",
        "coordinates": [
          -49.904,
          -9.345
        ]
      }
    },
    {
      "type": "Feature",
      "properties": {
        "DataHora": "2018/07/17 16:30:00",
        "Satelite": "AQUA_M-T",
        "Pais": "Brasil",
        "Estado": "TOCANTINS",
        "Municipio": "CASEARA",
        "Bioma": "Cerrado",
        "DiaSemChuva": 63,
        "Precipitacao": 0.0,
        "RiscoFogo": 1.0,
        "FRP": 453.5,
        "Latitude": -9.356,
        "Longitude": -49.882
      },
      "geometry": {
        "type": "Point",
        "coordinates": [
          -49.882,
          -9.356
        ]
      }
    },
    {
      "type": "Feature",
      "properties": {
        "DataHora": "2018/07/23 17:35:00",
        "Satelite": "AQUA_M-T",
        "Pais": "Brasil",
        "Estado": "TOCANTINS",
        "Municipio": "CASEARA",
        "Bioma": "Cerrado",
        "DiaSemChuva": 68,
        "Precipitacao": 0.0,
        "RiscoFogo": 1.0,
        "FRP": 42.3,
        "Latitude": -9.291,
        "Longitude": -49.947
      },
      "geometry": {
        "type": "Point",
        "coordinates": [
          -49.947,
          -9.291
        ]
      }
    },
    {
      "type": "Feature",
      "properties": {
        "DataHora": "2018/07/23 17:35:00",
        "Satelite": "AQUA_M-T",
        "Pais": "Brasil",
        "Estado": "TOCANTINS",
        "Municipio": "CASEARA",
        "Bioma": "Cerrado",
        "DiaSemChuva": 69,
        "Precipitacao": 0.0,
        "RiscoFogo": 1.0,
        "FRP": 50.4,
        "Latitude": -9.285,
        "Longitude": -49.943
      },
      "geometry": {
        "type": "Point",
        "coordinates": [
          -49.943,
          -9.285
        ]
      }
    },
    {
      "type": "Feature",
      "properties": {
        "DataHora": "2018/08/04 16:20:00",
        "Satelite": "AQUA_M-T",
        "Pais": "Brasil",
        "Estado": "TOCANTINS",
        "Municipio": "CASEARA",
        "Bioma": "Cerrado",
        "DiaSemChuva": 78,
        "Precipitacao": 0.0,
        "RiscoFogo": 1.0,
        "FRP": 67.8,
        "Latitude": -9.46,
        "Longitude": -49.801
      },
      "geometry": {
        "type": "Point",
        "coordinates": [
          -49.801,
          -9.46
        ]
      }
    },
    {
      "type": "Feature",
      "properties": {
        "DataHora": "2018/08/07 16:50:00",
        "Satelite": "AQUA_M-T",
        "Pais": "Brasil",
        "Estado": "TOCANTINS",
        "Municipio": "CASEARA",
        "Bioma": "Cerrado",
        "DiaSemChuva": 81,
        "Precipitacao": 0.0,
        "RiscoFogo": 1.0,
        "FRP": 15.8,
        "Latitude": -9.451,
        "Longitude": -49.803
      },
      "geometry": {
        "type": "Point",
        "coordinates": [
          -49.803,
          -9.451
        ]
      }
    },
    {
      "type": "Feature",
      "properties": {
        "DataHora": "2018/08/20 16:20:00",
        "Satelite": "AQUA_M-T",
        "Pais": "Brasil",
        "Estado": "TOCANTINS",
        "Municipio": "CASEARA",
        "Bioma": "Cerrado",
        "DiaSemChuva": 2,
        "Precipitacao": 0.0,
        "RiscoFogo": 0.7,
        "FRP": 62.4,
        "Latitude": -9.164,
        "Longitude": -49.837
      },
      "geometry": {
        "type": "Point",
        "coordinates": [
          -49.837,
          -9.164
        ]
      }
    },
    {
      "type": "Feature",
      "properties": {
        "DataHora": "2018/08/25 16:40:00",
        "Satelite": "AQUA_M-T",
        "Pais": "Brasil",
        "Estado": "TOCANTINS",
        "Municipio": "CASEARA",
        "Bioma": "Cerrado",
        "DiaSemChuva": 7,
        "Precipitacao": 0.0,
        "RiscoFogo": 1.0,
        "FRP": 30.8,
        "Latitude": -9.45,
        "Longitude": -49.886
      },
      "geometry": {
        "type": "Point",
        "coordinates": [
          -49.886,
          -9.45
        ]
      }
    },
    {
      "type": "Feature",
      "properties": {
        "DataHora": "2018/09/17 16:45:00",
        "Satelite": "AQUA_M-T",
        "Pais": "Brasil",
        "Estado": "TOCANTINS",
        "Municipio": "CASEARA",
        "Bioma": "Cerrado",
        "DiaSemChuva": 0,
        "Precipitacao": 0.0,
        "RiscoFogo": 1.0,
        "FRP": 36.3,
        "Latitude": -9.576,
        "Longitude": -49.956
      },
      "geometry": {
        "type": "Point",
        "coordinates": [
          -49.956,
          -9.576
        ]
      }
    },
    {
      "type": "Feature",
      "properties": {
        "DataHora": "2018/09/28 16:25:00",
        "Satelite": "AQUA_M-T",
        "Pais": "Brasil",
        "Estado": "TOCANTINS",
        "Municipio": "CASEARA",
        "Bioma": "Cerrado",
        "DiaSemChuva": 2,
        "Precipitacao": 2.9,
        "RiscoFogo": 1.0,
        "FRP": 43.3,
        "Latitude": -9.573,
        "Longitude": -49.731
      },
      "geometry": {
        "type": "Point",
        "coordinates": [
          -49.731,
          -9.573
        ]
      }
    },
    {
      "type": "Feature",
      "properties": {
        "DataHora": "2018/10/08 17:00:00",
        "Satelite": "AQUA_M-T",
        "Pais": "Brasil",
        "Estado": "TOCANTINS",
        "Municipio": "CASEARA",
        "Bioma": "Cerrado",
        "DiaSemChuva": 0,
        "Precipitacao": 8.9,
        "RiscoFogo": 0.0,
        "FRP": 21.5,
        "Latitude": -9.276,
        "Longitude": -49.97
      },
      "geometry": {
        "type": "Point",
        "coordinates": [
          -49.97,
          -9.276
        ]
      }
    },
    {
      "type": "Feature",
      "properties": {
        "DataHora": "2018/10/15 17:10:00",
        "Satelite": "AQUA_M-T",
        "Pais": "Brasil",
        "Estado": "TOCANTINS",
        "Municipio": "CASEARA",
        "Bioma": "Cerrado",
        "DiaSemChuva": 3,
        "Precipitacao": 2.4,
        "RiscoFogo": 0.0,
        "FRP": 14.1,
        "Latitude": -9.617,
        "Longitude": -49.979
      },
      "geometry": {
        "type": "Point",
        "coordinates": [
          -49.979,
          -9.617
        ]
      }
    },
    {
      "type": "Feature",
      "properties": {
        "DataHora": "2018/10/24 17:00:00",
        "Satelite": "AQUA_M-T",
        "Pais": "Brasil",
        "Estado": "TOCANTINS",
        "Municipio": "CASEARA",
        "Bioma": "Cerrado",
        "DiaSemChuva": 0,
        "Precipitacao": 0.0,
        "RiscoFogo": 0.0,
        "FRP": 21.3,
        "Latitude": -9.484,
        "Longitude": -49.8
      },
      "geometry": {
        "type": "Point",
        "coordinates": [
          -49.8,
          -9.484
        ]
      }
    },
    {
      "type": "Feature",
      "properties": {
        "DataHora": "2018/10/24 17:00:00",
        "Satelite": "AQUA_M-T",
        "Pais": "Brasil",
        "Estado": "TOCANTINS",
        "Municipio": "CASEARA",
        "Bioma": "Cerrado",
        "DiaSemChuva": 0,
        "Precipitacao": 0.0,
        "RiscoFogo": 0.1,
        "FRP": 18.8,
        "Latitude": -9.43,
        "Longitude": -49.806
      },
      "geometry": {
        "type": "Point",
        "coordinates": [
          -49.806,
          -9.43
        ]
      }
    },
    {
      "type": "Feature",
      "properties": {
        "DataHora": "2018/12/22 16:45:00",
        "Satelite": "AQUA_M-T",
        "Pais": "Brasil",
        "Estado": "TOCANTINS",
        "Municipio": "CASEARA",
        "Bioma": "Cerrado",
        "DiaSemChuva": 3,
        "Precipitacao": 1.7,
        "RiscoFogo": 0.0,
        "FRP": 15.7,
        "Latitude": -9.481,
        "Longitude": -49.8
      },
      "geometry": {
        "type": "Point",
        "coordinates": [
          -49.8,
          -9.481
        ]
      }
    },
    {
      "type": "Feature",
      "properties": {
        "DataHora": "2018/12/27 17:00:00",
        "Satelite": "AQUA_M-T",
        "Pais": "Brasil",
        "Estado": "TOCANTINS",
        "Municipio": "CASEARA",
        "Bioma": "Cerrado",
        "DiaSemChuva": 2,
        "Precipitacao": 2.5,
        "RiscoFogo": 0.0,
        "FRP": 15.5,
        "Latitude": -9.259,
        "Longitude": -49.876
      },
      "geometry": {
        "type": "Point",
        "coordinates": [
          -49.876,
          -9.259
        ]
      }
    },
    {
      "type": "Feature",
      "properties": {
        "DataHora": "2018/12/27 17:00:00",
        "Satelite": "AQUA_M-T",
        "Pais": "Brasil",
        "Estado": "TOCANTINS",
        "Municipio": "CASEARA",
        "Bioma": "Cerrado",
        "DiaSemChuva": 0,
        "Precipitacao": 3.2,
        "RiscoFogo": 0.0,
        "FRP": 7.2,
        "Latitude": -9.564,
        "Longitude": -49.824
      },
      "geometry": {
        "type": "Point",
        "coordinates": [
          -49.824,
          -9.564
        ]
      }
    },
    {
      "type": "Feature",
      "properties": {
        "DataHora": "2019/01/17 17:20:00",
        "Satelite": "AQUA_M-T",
        "Pais": "Brasil",
        "Estado": "TOCANTINS",
        "Municipio": "CASEARA",
        "Bioma": "Cerrado",
        "DiaSemChuva": 2,
        "Precipitacao": 0.0,
        "RiscoFogo": 0.0,
        "FRP": 21.1,
        "Latitude": -9.257,
        "Longitude": -49.868
      },
      "geometry": {
        "type": "Point",
        "coordinates": [
          -49.868,
          -9.257
        ]
      }
    },
    {
      "type": "Feature",
      "properties": {
        "DataHora": "2019/02/06 16:55:00",
        "Satelite": "AQUA_M-T",
        "Pais": "Brasil",
        "Estado": "TOCANTINS",
        "Municipio": "CASEARA",
        "Bioma": "Cerrado",
        "DiaSemChuva": 1,
        "Precipitacao": 7.3,
        "RiscoFogo": 0.0,
        "FRP": 9.6,
        "Latitude": -9.35,
        "Longitude": -49.88
      },
      "geometry": {
        "type": "Point",
        "coordinates": [
          -49.88,
          -9.35
        ]
      }
    },
    {
      "type": "Feature",
      "properties": {
        "DataHora": "2019/03/07 16:25:00",
        "Satelite": "AQUA_M-T",
        "Pais": "Brasil",
        "Estado": "TOCANTINS",
        "Municipio": "CASEARA",
        "Bioma": "Cerrado",
        "DiaSemChuva": 0,
        "Precipitacao": 1.8,
        "RiscoFogo": 0.0,
        "FRP": 39.2,
        "Latitude": -9.519,
        "Longitude": -49.729
      },
      "geometry": {
        "type": "Point",
        "coordinates": [
          -49.729,
          -9.519
        ]
      }
    },
    {
      "type": "Feature",
      "properties": {
        "DataHora": "2019/03/14 16:30:00",
        "Satelite": "AQUA_M-T",
        "Pais": "Brasil",
        "Estado": "TOCANTINS",
        "Municipio": "CASEARA",
        "Bioma": "Cerrado",
        "DiaSemChuva": 0,
        "Precipitacao": 0.0,
        "RiscoFogo": 0.0,
        "FRP": 31.3,
        "Latitude": -9.594,
        "Longitude": -49.767
      },
      "geometry": {
        "type": "Point",
        "coordinates": [
          -49.767,
          -9.594
        ]
      }
    },
    {
      "type": "Feature",
      "properties": {
        "DataHora": "2019/03/23 16:25:00",
        "Satelite": "AQUA_M-T",
        "Pais": "Brasil",
        "Estado": "TOCANTINS",
        "Municipio": "CASEARA",
        "Bioma": "Cerrado",
        "DiaSemChuva": 1,
        "Precipitacao": 3.1,
        "RiscoFogo": 0.0,
        "FRP": 30.2,
        "Latitude": -9.286,
        "Longitude": -49.863
      },
      "geometry": {
        "type": "Point",
        "coordinates": [
          -49.863,
          -9.286
        ]
      }
    },
    {
      "type": "Feature",
      "properties": {
        "DataHora": "2019/03/23 16:25:00",
        "Satelite": "AQUA_M-T",
        "Pais": "Brasil",
        "Estado": "TOCANTINS",
        "Municipio": "CASEARA",
        "Bioma": "Cerrado",
        "DiaSemChuva": 0,
        "Precipitacao": 0.5,
        "RiscoFogo": 0.0,
        "FRP": 49.0,
        "Latitude": -9.611,
        "Longitude": -49.802
      },
      "geometry": {
        "type": "Point",
        "coordinates": [
          -49.802,
          -9.611
        ]
      }
    },
    {
      "type": "Feature",
      "properties": {
        "DataHora": "2019/03/23 16:25:00",
        "Satelite": "AQUA_M-T",
        "Pais": "Brasil",
        "Estado": "TOCANTINS",
        "Municipio": "CASEARA",
        "Bioma": "Cerrado",
        "DiaSemChuva": 0,
        "Precipitacao": 0.4,
        "RiscoFogo": 0.0,
        "FRP": 33.6,
        "Latitude": -9.498,
        "Longitude": -49.742
      },
      "geometry": {
        "type": "Point",
        "coordinates": [
          -49.742,
          -9.498
        ]
      }
    },
    {
      "type": "Feature",
      "properties": {
        "DataHora": "2019/03/23 16:25:00",
        "Satelite": "AQUA_M-T",
        "Pais": "Brasil",
        "Estado": "TOCANTINS",
        "Municipio": "CASEARA",
        "Bioma": "Cerrado",
        "DiaSemChuva": 1,
        "Precipitacao": 3.3,
        "RiscoFogo": 0.0,
        "FRP": 36.0,
        "Latitude": -9.286,
        "Longitude": -49.867
      },
      "geometry": {
        "type": "Point",
        "coordinates": [
          -49.867,
          -9.286
        ]
      }
    },
    {
      "type": "Feature",
      "properties": {
        "DataHora": "2019/04/02 17:05:00",
        "Satelite": "AQUA_M-T",
        "Pais": "Brasil",
        "Estado": "TOCANTINS",
        "Municipio": "CASEARA",
        "Bioma": "Cerrado",
        "DiaSemChuva": 1,
        "Precipitacao": 0.1,
        "RiscoFogo": 0.3,
        "FRP": 11.2,
        "Latitude": -9.314,
        "Longitude": -49.784
      },
      "geometry": {
        "type": "Point",
        "coordinates": [
          -49.784,
          -9.314
        ]
      }
    },
    {
      "type": "Feature",
      "properties": {
        "DataHora": "2019/04/06 16:40:00",
        "Satelite": "AQUA_M-T",
        "Pais": "Brasil",
        "Estado": "TOCANTINS",
        "Municipio": "CASEARA",
        "Bioma": "Cerrado",
        "DiaSemChuva": 0,
        "Precipitacao": 1.3,
        "RiscoFogo": 0.0,
        "FRP": 16.6,
        "Latitude": -9.313,
        "Longitude": -49.783
      },
      "geometry": {
        "type": "Point",
        "coordinates": [
          -49.783,
          -9.313
        ]
      }
    },
    {
      "type": "Feature",
      "properties": {
        "DataHora": "2019/04/06 16:40:00",
        "Satelite": "AQUA_M-T",
        "Pais": "Brasil",
        "Estado": "TOCANTINS",
        "Municipio": "CASEARA",
        "Bioma": "Cerrado",
        "DiaSemChuva": 0,
        "Precipitacao": 1.3,
        "RiscoFogo": 0.0,
        "FRP": 13.7,
        "Latitude": -9.317,
        "Longitude": -49.908
      },
      "geometry": {
        "type": "Point",
        "coordinates": [
          -49.908,
          -9.317
        ]
      }
    },
    {
      "type": "Feature",
      "properties": {
        "DataHora": "2019/04/15 16:30:00",
        "Satelite": "AQUA_M-T",
        "Pais": "Brasil",
        "Estado": "TOCANTINS",
        "Municipio": "CASEARA",
        "Bioma": "Cerrado",
        "DiaSemChuva": 1,
        "Precipitacao": 0.0,
        "RiscoFogo": 0.1,
        "FRP": 18.0,
        "Latitude": -9.511,
        "Longitude": -49.855
      },
      "geometry": {
        "type": "Point",
        "coordinates": [
          -49.855,
          -9.511
        ]
      }
    },
    {
      "type": "Feature",
      "properties": {
        "DataHora": "2019/04/18 17:05:00",
        "Satelite": "AQUA_M-T",
        "Pais": "Brasil",
        "Estado": "TOCANTINS",
        "Municipio": "CASEARA",
        "Bioma": "Cerrado",
        "DiaSemChuva": 2,
        "Precipitacao": 5.5,
        "RiscoFogo": 0.1,
        "FRP": 10.9,
        "Latitude": -9.318,
        "Longitude": -49.9
      },
      "geometry": {
        "type": "Point",
        "coordinates": [
          -49.9,
          -9.318
        ]
      }
    },
    {
      "type": "Feature",
      "properties": {
        "DataHora": "2019/04/20 16:50:00",
        "Satelite": "AQUA_M-T",
        "Pais": "Brasil",
        "Estado": "TOCANTINS",
        "Municipio": "CASEARA",
        "Bioma": "Cerrado",
        "DiaSemChuva": 0,
        "Precipitacao": 0.1,
        "RiscoFogo": 0.4,
        "FRP": 6.5,
        "Latitude": -9.298,
        "Longitude": -49.741
      },
      "geometry": {
        "type": "Point",
        "coordinates": [
          -49.741,
          -9.298
        ]
      }
    },
    {
      "type": "Feature",
      "properties": {
        "DataHora": "2019/04/20 16:50:00",
        "Satelite": "AQUA_M-T",
        "Pais": "Brasil",
        "Estado": "TOCANTINS",
        "Municipio": "CASEARA",
        "Bioma": "Cerrado",
        "DiaSemChuva": 1,
        "Precipitacao": 0.0,
        "RiscoFogo": 0.4,
        "FRP": 14.9,
        "Latitude": -9.32,
        "Longitude": -49.9
      },
      "geometry": {
        "type": "Point",
        "coordinates": [
          -49.9,
          -9.32
        ]
      }
    },
    {
      "type": "Feature",
      "properties": {
        "DataHora": "2019/04/20 16:50:00",
        "Satelite": "AQUA_M-T",
        "Pais": "Brasil",
        "Estado": "TOCANTINS",
        "Municipio": "CASEARA",
        "Bioma": "Cerrado",
        "DiaSemChuva": 2,
        "Precipitacao": 0.5,
        "RiscoFogo": 0.7,
        "FRP": 10.4,
        "Latitude": -9.613,
        "Longitude": -49.892
      },
      "geometry": {
        "type": "Point",
        "coordinates": [
          -49.892,
          -9.613
        ]
      }
    },
    {
      "type": "Feature",
      "properties": {
        "DataHora": "2019/04/20 16:50:00",
        "Satelite": "AQUA_M-T",
        "Pais": "Brasil",
        "Estado": "TOCANTINS",
        "Municipio": "CASEARA",
        "Bioma": "Cerrado",
        "DiaSemChuva": 1,
        "Precipitacao": 0.1,
        "RiscoFogo": 0.7,
        "FRP": 7.7,
        "Latitude": -9.299,
        "Longitude": -49.751
      },
      "geometry": {
        "type": "Point",
        "coordinates": [
          -49.751,
          -9.299
        ]
      }
    },
    {
      "type": "Feature",
      "properties": {
        "DataHora": "2019/04/27 16:55:00",
        "Satelite": "AQUA_M-T",
        "Pais": "Brasil",
        "Estado": "TOCANTINS",
        "Municipio": "CASEARA",
        "Bioma": "Cerrado",
        "DiaSemChuva": 3,
        "Precipitacao": 0.0,
        "RiscoFogo": 0.3,
        "FRP": 13.7,
        "Latitude": -9.215,
        "Longitude": -49.888
      },
      "geometry": {
        "type": "Point",
        "coordinates": [
          -49.888,
          -9.215
        ]
      }
    },
    {
      "type": "Feature",
      "properties": {
        "DataHora": "2019/04/27 16:55:00",
        "Satelite": "AQUA_M-T",
        "Pais": "Brasil",
        "Estado": "TOCANTINS",
        "Municipio": "CASEARA",
        "Bioma": "Cerrado",
        "DiaSemChuva": 3,
        "Precipitacao": 0.0,
        "RiscoFogo": 1.0,
        "FRP": 10.3,
        "Latitude": -9.411,
        "Longitude": -49.912
      },
      "geometry": {
        "type": "Point",
        "coordinates": [
          -49.912,
          -9.411
        ]
      }
    },
    {
      "type": "Feature",
      "properties": {
        "DataHora": "2019/05/02 17:15:00",
        "Satelite": "AQUA_M-T",
        "Pais": "Brasil",
        "Estado": "TOCANTINS",
        "Municipio": "CASEARA",
        "Bioma": "Cerrado",
        "DiaSemChuva": 0,
        "Precipitacao": 0.2,
        "RiscoFogo": 0.9,
        "FRP": 13.1,
        "Latitude": -9.514,
        "Longitude": -49.86
      },
      "geometry": {
        "type": "Point",
        "coordinates": [
          -49.86,
          -9.514
        ]
      }
    },
    {
      "type": "Feature",
      "properties": {
        "DataHora": "2019/05/06 16:50:00",
        "Satelite": "AQUA_M-T",
        "Pais": "Brasil",
        "Estado": "TOCANTINS",
        "Municipio": "CASEARA",
        "Bioma": "Cerrado",
        "DiaSemChuva": 1,
        "Precipitacao": 1.3,
        "RiscoFogo": 0.6,
        "FRP": 13.1,
        "Latitude": -9.613,
        "Longitude": -49.975
      },
      "geometry": {
        "type": "Point",
        "coordinates": [
          -49.975,
          -9.613
        ]
      }
    },
    {
      "type": "Feature",
      "properties": {
        "DataHora": "2019/05/06 16:50:00",
        "Satelite": "AQUA_M-T",
        "Pais": "Brasil",
        "Estado": "TOCANTINS",
        "Municipio": "CASEARA",
        "Bioma": "Cerrado",
        "DiaSemChuva": 2,
        "Precipitacao": 0.2,
        "RiscoFogo": 0.6,
        "FRP": 71.9,
        "Latitude": -9.651,
        "Longitude": -49.97
      },
      "geometry": {
        "type": "Point",
        "coordinates": [
          -49.97,
          -9.651
        ]
      }
    },
    {
      "type": "Feature",
      "properties": {
        "DataHora": "2019/05/06 16:50:00",
        "Satelite": "AQUA_M-T",
        "Pais": "Brasil",
        "Estado": "TOCANTINS",
        "Municipio": "CASEARA",
        "Bioma": "Cerrado",
        "DiaSemChuva": 2,
        "Precipitacao": 0.2,
        "RiscoFogo": 0.5,
        "FRP": 139.9,
        "Latitude": -9.653,
        "Longitude": -49.98
      },
      "geometry": {
        "type": "Point",
        "coordinates": [
          -49.98,
          -9.653
        ]
      }
    },
    {
      "type": "Feature",
      "properties": {
        "DataHora": "2019/05/11 17:10:00",
        "Satelite": "AQUA_M-T",
        "Pais": "Brasil",
        "Estado": "TOCANTINS",
        "Municipio": "CASEARA",
        "Bioma": "Cerrado",
        "DiaSemChuva": 5,
        "Precipitacao": 0.0,
        "RiscoFogo": 0.8,
        "FRP": 12.0,
        "Latitude": -9.566,
        "Longitude": -49.819
      },
      "geometry": {
        "type": "Point",
        "coordinates": [
          -49.819,
          -9.566
        ]
      }
    },
    {
      "type": "Feature",
      "properties": {
        "DataHora": "2019/05/13 16:55:00",
        "Satelite": "AQUA_M-T",
        "Pais": "Brasil",
        "Estado": "TOCANTINS",
        "Municipio": "CASEARA",
        "Bioma": "Cerrado",
        "DiaSemChuva": 8,
        "Precipitacao": 1.0,
        "RiscoFogo": 0.8,
        "FRP": 8.5,
        "Latitude": -9.299,
        "Longitude": -49.743
      },
      "geometry": {
        "type": "Point",
        "coordinates": [
          -49.743,
          -9.299
        ]
      }
    },
    {
      "type": "Feature",
      "properties": {
        "DataHora": "2019/05/20 17:00:00",
        "Satelite": "AQUA_M-T",
        "Pais": "Brasil",
        "Estado": "TOCANTINS",
        "Municipio": "CASEARA",
        "Bioma": "Cerrado",
        "DiaSemChuva": 2,
        "Precipitacao": 2.0,
        "RiscoFogo": 0.1,
        "FRP": 9.9,
        "Latitude": -9.302,
        "Longitude": -49.742
      },
      "geometry": {
        "type": "Point",
        "coordinates": [
          -49.742,
          -9.302
        ]
      }
    },
    {
      "type": "Feature",
      "properties": {
        "DataHora": "2019/05/24 16:40:00",
        "Satelite": "AQUA_M-T",
        "Pais": "Brasil",
        "Estado": "TOCANTINS",
        "Municipio": "CASEARA",
        "Bioma": "Cerrado",
        "DiaSemChuva": 4,
        "Precipitacao": 2.2,
        "RiscoFogo": 0.4,
        "FRP": 52.0,
        "Latitude": -9.301,
        "Longitude": -49.939
      },
      "geometry": {
        "type": "Point",
        "coordinates": [
          -49.939,
          -9.301
        ]
      }
    },
    {
      "type": "Feature",
      "properties": {
        "DataHora": "2019/05/27 17:10:00",
        "Satelite": "AQUA_M-T",
        "Pais": "Brasil",
        "Estado": "TOCANTINS",
        "Municipio": "CASEARA",
        "Bioma": "Cerrado",
        "DiaSemChuva": 2,
        "Precipitacao": 1.5,
        "RiscoFogo": 0.7,
        "FRP": 11.9,
        "Latitude": -9.299,
        "Longitude": -49.744
      },
      "geometry": {
        "type": "Point",
        "coordinates": [
          -49.744,
          -9.299
        ]
      }
    },
    {
      "type": "Feature",
      "properties": {
        "DataHora": "2019/05/31 16:45:00",
        "Satelite": "AQUA_M-T",
        "Pais": "Brasil",
        "Estado": "TOCANTINS",
        "Municipio": "CASEARA",
        "Bioma": "Cerrado",
        "DiaSemChuva": 4,
        "Precipitacao": 0.0,
        "RiscoFogo": 1.0,
        "FRP": 19.2,
        "Latitude": -9.417,
        "Longitude": -49.909
      },
      "geometry": {
        "type": "Point",
        "coordinates": [
          -49.909,
          -9.417
        ]
      }
    },
    {
      "type": "Feature",
      "properties": {
        "DataHora": "2019/06/02 16:30:00",
        "Satelite": "AQUA_M-T",
        "Pais": "Brasil",
        "Estado": "TOCANTINS",
        "Municipio": "CASEARA",
        "Bioma": "Cerrado",
        "DiaSemChuva": 2,
        "Precipitacao": 0.0,
        "RiscoFogo": 1.0,
        "FRP": 36.0,
        "Latitude": -9.519,
        "Longitude": -49.863
      },
      "geometry": {
        "type": "Point",
        "coordinates": [
          -49.863,
          -9.519
        ]
      }
    },
    {
      "type": "Feature",
      "properties": {
        "DataHora": "2019/06/05 17:00:00",
        "Satelite": "AQUA_M-T",
        "Pais": "Brasil",
        "Estado": "TOCANTINS",
        "Municipio": "CASEARA",
        "Bioma": "Cerrado",
        "DiaSemChuva": 7,
        "Precipitacao": 0.0,
        "RiscoFogo": 1.0,
        "FRP": 9.1,
        "Latitude": -9.277,
        "Longitude": -49.945
      },
      "geometry": {
        "type": "Point",
        "coordinates": [
          -49.945,
          -9.277
        ]
      }
    },
    {
      "type": "Feature",
      "properties": {
        "DataHora": "2019/06/10 17:20:00",
        "Satelite": "AQUA_M-T",
        "Pais": "Brasil",
        "Estado": "TOCANTINS",
        "Municipio": "CASEARA",
        "Bioma": "Cerrado",
        "DiaSemChuva": 14,
        "Precipitacao": 0.0,
        "RiscoFogo": 1.0,
        "FRP": 57.3,
        "Latitude": -9.64,
        "Longitude": -49.984
      },
      "geometry": {
        "type": "Point",
        "coordinates": [
          -49.984,
          -9.64
        ]
      }
    },
    {
      "type": "Feature",
      "properties": {
        "DataHora": "2019/06/10 17:20:00",
        "Satelite": "AQUA_M-T",
        "Pais": "Brasil",
        "Estado": "TOCANTINS",
        "Municipio": "CASEARA",
        "Bioma": "Cerrado",
        "DiaSemChuva": 14,
        "Precipitacao": 0.0,
        "RiscoFogo": 1.0,
        "FRP": 38.1,
        "Latitude": -9.633,
        "Longitude": -49.978
      },
      "geometry": {
        "type": "Point",
        "coordinates": [
          -49.978,
          -9.633
        ]
      }
    },
    {
      "type": "Feature",
      "properties": {
        "DataHora": "2019/06/10 17:20:00",
        "Satelite": "AQUA_M-T",
        "Pais": "Brasil",
        "Estado": "TOCANTINS",
        "Municipio": "CASEARA",
        "Bioma": "Cerrado",
        "DiaSemChuva": 14,
        "Precipitacao": 0.0,
        "RiscoFogo": 1.0,
        "FRP": 67.6,
        "Latitude": -9.637,
        "Longitude": -49.968
      },
      "geometry": {
        "type": "Point",
        "coordinates": [
          -49.968,
          -9.637
        ]
      }
    },
    {
      "type": "Feature",
      "properties": {
        "DataHora": "2019/06/14 16:55:00",
        "Satelite": "AQUA_M-T",
        "Pais": "Brasil",
        "Estado": "TOCANTINS",
        "Municipio": "CASEARA",
        "Bioma": "Cerrado",
        "DiaSemChuva": 9,
        "Precipitacao": 0.1,
        "RiscoFogo": 0.8,
        "FRP": 10.1,
        "Latitude": -9.277,
        "Longitude": -49.935
      },
      "geometry": {
        "type": "Point",
        "coordinates": [
          -49.935,
          -9.277
        ]
      }
    },
    {
      "type": "Feature",
      "properties": {
        "DataHora": "2019/06/20 16:20:00",
        "Satelite": "AQUA_M-T",
        "Pais": "Brasil",
        "Estado": "TOCANTINS",
        "Municipio": "CASEARA",
        "Bioma": "Cerrado",
        "DiaSemChuva": 0,
        "Precipitacao": 0.0,
        "RiscoFogo": 1.0,
        "FRP": 47.6,
        "Latitude": -9.414,
        "Longitude": -49.908
      },
      "geometry": {
        "type": "Point",
        "coordinates": [
          -49.908,
          -9.414
        ]
      }
    },
    {
      "type": "Feature",
      "properties": {
        "DataHora": "2019/06/21 17:00:00",
        "Satelite": "AQUA_M-T",
        "Pais": "Brasil",
        "Estado": "TOCANTINS",
        "Municipio": "CASEARA",
        "Bioma": "Cerrado",
        "DiaSemChuva": 2,
        "Precipitacao": 0.0,
        "RiscoFogo": 1.0,
        "FRP": 13.6,
        "Latitude": -9.429,
        "Longitude": -49.905
      },
      "geometry": {
        "type": "Point",
        "coordinates": [
          -49.905,
          -9.429
        ]
      }
    },
    {
      "type": "Feature",
      "properties": {
        "DataHora": "2019/06/21 17:00:00",
        "Satelite": "AQUA_M-T",
        "Pais": "Brasil",
        "Estado": "TOCANTINS",
        "Municipio": "CASEARA",
        "Bioma": "Cerrado",
        "DiaSemChuva": 14,
        "Precipitacao": 0.0,
        "RiscoFogo": 0.5,
        "FRP": 8.0,
        "Latitude": -9.1,
        "Longitude": -49.855
      },
      "geometry": {
        "type": "Point",
        "coordinates": [
          -49.855,
          -9.1
        ]
      }
    },
    {
      "type": "Feature",
      "properties": {
        "DataHora": "2019/06/21 17:00:00",
        "Satelite": "AQUA_M-T",
        "Pais": "Brasil",
        "Estado": "TOCANTINS",
        "Municipio": "CASEARA",
        "Bioma": "Cerrado",
        "DiaSemChuva": 14,
        "Precipitacao": 0.0,
        "RiscoFogo": 0.7,
        "FRP": 11.1,
        "Latitude": -9.109,
        "Longitude": -49.854
      },
      "geometry": {
        "type": "Point",
        "coordinates": [
          -49.854,
          -9.109
        ]
      }
    },
    {
      "type": "Feature",
      "properties": {
        "DataHora": "2019/07/16 16:55:00",
        "Satelite": "AQUA_M-T",
        "Pais": "Brasil",
        "Estado": "TOCANTINS",
        "Municipio": "CASEARA",
        "Bioma": "Cerrado",
        "DiaSemChuva": 29,
        "Precipitacao": 0.0,
        "RiscoFogo": 1.0,
        "FRP": 14.8,
        "Latitude": -9.564,
        "Longitude": -49.969
      },
      "geometry": {
        "type": "Point",
        "coordinates": [
          -49.969,
          -9.564
        ]
      }
    },
    {
      "type": "Feature",
      "properties": {
        "DataHora": "2019/07/26 17:35:00",
        "Satelite": "AQUA_M-T",
        "Pais": "Brasil",
        "Estado": "TOCANTINS",
        "Municipio": "CASEARA",
        "Bioma": "Cerrado",
        "DiaSemChuva": 34,
        "Precipitacao": 0.0,
        "RiscoFogo": 1.0,
        "FRP": 100.9,
        "Latitude": -9.321,
        "Longitude": -49.935
      },
      "geometry": {
        "type": "Point",
        "coordinates": [
          -49.935,
          -9.321
        ]
      }
    },
    {
      "type": "Feature",
      "properties": {
        "DataHora": "2019/07/27 16:40:00",
        "Satelite": "AQUA_M-T",
        "Pais": "Brasil",
        "Estado": "TOCANTINS",
        "Municipio": "CASEARA",
        "Bioma": "Cerrado",
        "DiaSemChuva": 36,
        "Precipitacao": 0.0,
        "RiscoFogo": 1.0,
        "FRP": 50.3,
        "Latitude": -9.33,
        "Longitude": -49.937
      },
      "geometry": {
        "type": "Point",
        "coordinates": [
          -49.937,
          -9.33
        ]
      }
    },
    {
      "type": "Feature",
      "properties": {
        "DataHora": "2019/07/27 16:40:00",
        "Satelite": "AQUA_M-T",
        "Pais": "Brasil",
        "Estado": "TOCANTINS",
        "Municipio": "CASEARA",
        "Bioma": "Cerrado",
        "DiaSemChuva": 35,
        "Precipitacao": 0.0,
        "RiscoFogo": 1.0,
        "FRP": 33.1,
        "Latitude": -9.321,
        "Longitude": -49.927
      },
      "geometry": {
        "type": "Point",
        "coordinates": [
          -49.927,
          -9.321
        ]
      }
    },
    {
      "type": "Feature",
      "properties": {
        "DataHora": "2019/08/08 17:00:00",
        "Satelite": "AQUA_M-T",
        "Pais": "Brasil",
        "Estado": "TOCANTINS",
        "Municipio": "CASEARA",
        "Bioma": "Cerrado",
        "DiaSemChuva": 55,
        "Precipitacao": 0.0,
        "RiscoFogo": 1.0,
        "FRP": 32.4,
        "Latitude": -9.571,
        "Longitude": -49.986
      },
      "geometry": {
        "type": "Point",
        "coordinates": [
          -49.986,
          -9.571
        ]
      }
    },
    {
      "type": "Feature",
      "properties": {
        "DataHora": "2019/08/08 17:00:00",
        "Satelite": "AQUA_M-T",
        "Pais": "Brasil",
        "Estado": "TOCANTINS",
        "Municipio": "CASEARA",
        "Bioma": "Cerrado",
        "DiaSemChuva": 52,
        "Precipitacao": 0.0,
        "RiscoFogo": 1.0,
        "FRP": 28.7,
        "Latitude": -9.589,
        "Longitude": -49.983
      },
      "geometry": {
        "type": "Point",
        "coordinates": [
          -49.983,
          -9.589
        ]
      }
    },
    {
      "type": "Feature",
      "properties": {
        "DataHora": "2019/08/08 17:00:00",
        "Satelite": "AQUA_M-T",
        "Pais": "Brasil",
        "Estado": "TOCANTINS",
        "Municipio": "CASEARA",
        "Bioma": "Cerrado",
        "DiaSemChuva": 62,
        "Precipitacao": 0.0,
        "RiscoFogo": 1.0,
        "FRP": 20.3,
        "Latitude": -9.089,
        "Longitude": -49.842
      },
      "geometry": {
        "type": "Point",
        "coordinates": [
          -49.842,
          -9.089
        ]
      }
    },
    {
      "type": "Feature",
      "properties": {
        "DataHora": "2019/08/10 16:50:00",
        "Satelite": "AQUA_M-T",
        "Pais": "Brasil",
        "Estado": "TOCANTINS",
        "Municipio": "CASEARA",
        "Bioma": "Cerrado",
        "DiaSemChuva": 50,
        "Precipitacao": 0.0,
        "RiscoFogo": 1.0,
        "FRP": 13.4,
        "Latitude": -9.599,
        "Longitude": -49.974
      },
      "geometry": {
        "type": "Point",
        "coordinates": [
          -49.974,
          -9.599
        ]
      }
    },
    {
      "type": "Feature",
      "properties": {
        "DataHora": "2019/08/10 16:50:00",
        "Satelite": "AQUA_M-T",
        "Pais": "Brasil",
        "Estado": "TOCANTINS",
        "Municipio": "CASEARA",
        "Bioma": "Cerrado",
        "DiaSemChuva": 53,
        "Precipitacao": 0.0,
        "RiscoFogo": 1.0,
        "FRP": 31.7,
        "Latitude": -9.6,
        "Longitude": -49.985
      },
      "geometry": {
        "type": "Point",
        "coordinates": [
          -49.985,
          -9.6
        ]
      }
    },
    {
      "type": "Feature",
      "properties": {
        "DataHora": "2019/08/10 16:50:00",
        "Satelite": "AQUA_M-T",
        "Pais": "Brasil",
        "Estado": "TOCANTINS",
        "Municipio": "CASEARA",
        "Bioma": "Cerrado",
        "DiaSemChuva": 52,
        "Precipitacao": 0.0,
        "RiscoFogo": 1.0,
        "FRP": 26.1,
        "Latitude": -9.596,
        "Longitude": -49.98
      },
      "geometry": {
        "type": "Point",
        "coordinates": [
          -49.98,
          -9.596
        ]
      }
    },
    {
      "type": "Feature",
      "properties": {
        "DataHora": "2019/08/14 16:25:00",
        "Satelite": "AQUA_M-T",
        "Pais": "Brasil",
        "Estado": "TOCANTINS",
        "Municipio": "CASEARA",
        "Bioma": "Cerrado",
        "DiaSemChuva": 68,
        "Precipitacao": 0.0,
        "RiscoFogo": 1.0,
        "FRP": 257.6,
        "Latitude": -9.129,
        "Longitude": -49.844
      },
      "geometry": {
        "type": "Point",
        "coordinates": [
          -49.844,
          -9.129
        ]
      }
    },
    {
      "type": "Feature",
      "properties": {
        "DataHora": "2019/08/14 16:25:00",
        "Satelite": "AQUA_M-T",
        "Pais": "Brasil",
        "Estado": "TOCANTINS",
        "Municipio": "CASEARA",
        "Bioma": "Cerrado",
        "DiaSemChuva": 68,
        "Precipitacao": 0.0,
        "RiscoFogo": 1.0,
        "FRP": 180.6,
        "Latitude": -9.129,
        "Longitude": -49.851
      },
      "geometry": {
        "type": "Point",
        "coordinates": [
          -49.851,
          -9.129
        ]
      }
    },
    {
      "type": "Feature",
      "properties": {
        "DataHora": "2019/08/14 16:25:00",
        "Satelite": "AQUA_M-T",
        "Pais": "Brasil",
        "Estado": "TOCANTINS",
        "Municipio": "CASEARA",
        "Bioma": "Cerrado",
        "DiaSemChuva": 68,
        "Precipitacao": 0.0,
        "RiscoFogo": 1.0,
        "FRP": 77.0,
        "Latitude": -9.126,
        "Longitude": -49.824
      },
      "geometry": {
        "type": "Point",
        "coordinates": [
          -49.824,
          -9.126
        ]
      }
    },
    {
      "type": "Feature",
      "properties": {
        "DataHora": "2019/08/24 17:00:00",
        "Satelite": "AQUA_M-T",
        "Pais": "Brasil",
        "Estado": "TOCANTINS",
        "Municipio": "CASEARA",
        "Bioma": "Cerrado",
        "DiaSemChuva": 44,
        "Precipitacao": 0.0,
        "RiscoFogo": 1.0,
        "FRP": 7.4,
        "Latitude": -9.389,
        "Longitude": -49.746
      },
      "geometry": {
        "type": "Point",
        "coordinates": [
          -49.746,
          -9.389
        ]
      }
    },
    {
      "type": "Feature",
      "properties": {
        "DataHora": "2019/08/26 16:50:00",
        "Satelite": "AQUA_M-T",
        "Pais": "Brasil",
        "Estado": "TOCANTINS",
        "Municipio": "CASEARA",
        "Bioma": "Cerrado",
        "DiaSemChuva": 68,
        "Precipitacao": 0.0,
        "RiscoFogo": 1.0,
        "FRP": 31.0,
        "Latitude": -9.397,
        "Longitude": -49.988
      },
      "geometry": {
        "type": "Point",
        "coordinates": [
          -49.988,
          -9.397
        ]
      }
    },
    {
      "type": "Feature",
      "properties": {
        "DataHora": "2019/08/26 16:50:00",
        "Satelite": "AQUA_M-T",
        "Pais": "Brasil",
        "Estado": "TOCANTINS",
        "Municipio": "CASEARA",
        "Bioma": "Cerrado",
        "DiaSemChuva": 68,
        "Precipitacao": 0.0,
        "RiscoFogo": 1.0,
        "FRP": 8.6,
        "Latitude": -9.395,
        "Longitude": -49.978
      },
      "geometry": {
        "type": "Point",
        "coordinates": [
          -49.978,
          -9.395
        ]
      }
    },
    {
      "type": "Feature",
      "properties": {
        "DataHora": "2019/09/02 16:55:00",
        "Satelite": "AQUA_M-T",
        "Pais": "Brasil",
        "Estado": "TOCANTINS",
        "Municipio": "CASEARA",
        "Bioma": "Cerrado",
        "DiaSemChuva": 82,
        "Precipitacao": 0.0,
        "RiscoFogo": 1.0,
        "FRP": 18.3,
        "Latitude": -9.542,
        "Longitude": -49.986
      },
      "geometry": {
        "type": "Point",
        "coordinates": [
          -49.986,
          -9.542
        ]
      }
    },
    {
      "type": "Feature",
      "properties": {
        "DataHora": "2019/09/16 17:10:00",
        "Satelite": "AQUA_M-T",
        "Pais": "Brasil",
        "Estado": "TOCANTINS",
        "Municipio": "CASEARA",
        "Bioma": "Cerrado",
        "DiaSemChuva": 88,
        "Precipitacao": 0.3,
        "RiscoFogo": -999.0,
        "FRP": 145.6,
        "Latitude": -9.208,
        "Longitude": -49.936
      },
      "geometry": {
        "type": "Point",
        "coordinates": [
          -49.936,
          -9.208
        ]
      }
    },
    {
      "type": "Feature",
      "properties": {
        "DataHora": "2019/09/18 16:55:00",
        "Satelite": "AQUA_M-T",
        "Pais": "Brasil",
        "Estado": "TOCANTINS",
        "Municipio": "CASEARA",
        "Bioma": "Cerrado",
        "DiaSemChuva": 87,
        "Precipitacao": 1.6,
        "RiscoFogo": 1.0,
        "FRP": 88.3,
        "Latitude": -9.234,
        "Longitude": -49.919
      },
      "geometry": {
        "type": "Point",
        "coordinates": [
          -49.919,
          -9.234
        ]
      }
    },
    {
      "type": "Feature",
      "properties": {
        "DataHora": "2019/09/19 17:40:00",
        "Satelite": "AQUA_M-T",
        "Pais": "Brasil",
        "Estado": "TOCANTINS",
        "Municipio": "CASEARA",
        "Bioma": "Cerrado",
        "DiaSemChuva": 86,
        "Precipitacao": 0.0,
        "RiscoFogo": 1.0,
        "FRP": 161.4,
        "Latitude": -9.603,
        "Longitude": -49.963
      },
      "geometry": {
        "type": "Point",
        "coordinates": [
          -49.963,
          -9.603
        ]
      }
    },
    {
      "type": "Feature",
      "properties": {
        "DataHora": "2019/09/19 17:40:00",
        "Satelite": "AQUA_M-T",
        "Pais": "Brasil",
        "Estado": "TOCANTINS",
        "Municipio": "CASEARA",
        "Bioma": "Cerrado",
        "DiaSemChuva": 96,
        "Precipitacao": 0.0,
        "RiscoFogo": 1.0,
        "FRP": 126.3,
        "Latitude": -9.61,
        "Longitude": -49.996
      },
      "geometry": {
        "type": "Point",
        "coordinates": [
          -49.996,
          -9.61
        ]
      }
    },
    {
      "type": "Feature",
      "properties": {
        "DataHora": "2019/10/04 16:55:00",
        "Satelite": "AQUA_M-T",
        "Pais": "Brasil",
        "Estado": "TOCANTINS",
        "Municipio": "CASEARA",
        "Bioma": "Cerrado",
        "DiaSemChuva": 0,
        "Precipitacao": 8.0,
        "RiscoFogo": 0.0,
        "FRP": 15.4,
        "Latitude": -9.129,
        "Longitude": -49.849
      },
      "geometry": {
        "type": "Point",
        "coordinates": [
          -49.849,
          -9.129
        ]
      }
    },
    {
      "type": "Feature",
      "properties": {
        "DataHora": "2019/10/04 16:55:00",
        "Satelite": "AQUA_M-T",
        "Pais": "Brasil",
        "Estado": "TOCANTINS",
        "Municipio": "CASEARA",
        "Bioma": "Cerrado",
        "DiaSemChuva": 0,
        "Precipitacao": 8.1,
        "RiscoFogo": 0.0,
        "FRP": 31.4,
        "Latitude": -9.128,
        "Longitude": -49.84
      },
      "geometry": {
        "type": "Point",
        "coordinates": [
          -49.84,
          -9.128
        ]
      }
    },
    {
      "type": "Feature",
      "properties": {
        "DataHora": "2019/10/13 16:50:00",
        "Satelite": "AQUA_M-T",
        "Pais": "Brasil",
        "Estado": "TOCANTINS",
        "Municipio": "CASEARA",
        "Bioma": "Cerrado",
        "DiaSemChuva": 0,
        "Precipitacao": 0.0,
        "RiscoFogo": 0.0,
        "FRP": 13.8,
        "Latitude": -9.144,
        "Longitude": -49.814
      },
      "geometry": {
        "type": "Point",
        "coordinates": [
          -49.814,
          -9.144
        ]
      }
    },
    {
      "type": "Feature",
      "properties": {
        "DataHora": "2019/10/18 17:10:00",
        "Satelite": "AQUA_M-T",
        "Pais": "Brasil",
        "Estado": "TOCANTINS",
        "Municipio": "CASEARA",
        "Bioma": "Cerrado",
        "DiaSemChuva": 0,
        "Precipitacao": 0.0,
        "RiscoFogo": 0.0,
        "FRP": 13.5,
        "Latitude": -9.157,
        "Longitude": -49.878
      },
      "geometry": {
        "type": "Point",
        "coordinates": [
          -49.878,
          -9.157
        ]
      }
    },
    {
      "type": "Feature",
      "properties": {
        "DataHora": "2019/11/25 16:30:00",
        "Satelite": "AQUA_M-T",
        "Pais": "Brasil",
        "Estado": "TOCANTINS",
        "Municipio": "CASEARA",
        "Bioma": "Cerrado",
        "DiaSemChuva": 2,
        "Precipitacao": 0.0,
        "RiscoFogo": 0.0,
        "FRP": 39.7,
        "Latitude": -9.572,
        "Longitude": -49.891
      },
      "geometry": {
        "type": "Point",
        "coordinates": [
          -49.891,
          -9.572
        ]
      }
    },
    {
      "type": "Feature",
      "properties": {
        "DataHora": "2019/11/30 16:50:00",
        "Satelite": "AQUA_M-T",
        "Pais": "Brasil",
        "Estado": "TOCANTINS",
        "Municipio": "CASEARA",
        "Bioma": "Cerrado",
        "DiaSemChuva": 2,
        "Precipitacao": 5.7,
        "RiscoFogo": 0.0,
        "FRP": 22.5,
        "Latitude": -9.356,
        "Longitude": -49.847
      },
      "geometry": {
        "type": "Point",
        "coordinates": [
          -49.847,
          -9.356
        ]
      }
    },
    {
      "type": "Feature",
      "properties": {
        "DataHora": "2019/12/11 16:30:00",
        "Satelite": "AQUA_M-T",
        "Pais": "Brasil",
        "Estado": "TOCANTINS",
        "Municipio": "CASEARA",
        "Bioma": "Cerrado",
        "DiaSemChuva": 0,
        "Precipitacao": 2.3,
        "RiscoFogo": 0.0,
        "FRP": 24.4,
        "Latitude": -9.549,
        "Longitude": -49.85
      },
      "geometry": {
        "type": "Point",
        "coordinates": [
          -49.85,
          -9.549
        ]
      }
    },
    {
      "type": "Feature",
      "properties": {
        "DataHora": "2019/12/16 16:50:00",
        "Satelite": "AQUA_M-T",
        "Pais": "Brasil",
        "Estado": "TOCANTINS",
        "Municipio": "CASEARA",
        "Bioma": "Cerrado",
        "DiaSemChuva": 0,
        "Precipitacao": 10.4,
        "RiscoFogo": 0.0,
        "FRP": 9.9,
        "Latitude": -9.463,
        "Longitude": -49.894
      },
      "geometry": {
        "type": "Point",
        "coordinates": [
          -49.894,
          -9.463
        ]
      }
    },
    {
      "type": "Feature",
      "properties": {
        "DataHora": "2019/12/23 16:55:00",
        "Satelite": "AQUA_M-T",
        "Pais": "Brasil",
        "Estado": "TOCANTINS",
        "Municipio": "CASEARA",
        "Bioma": "Cerrado",
        "DiaSemChuva": 2,
        "Precipitacao": 0.0,
        "RiscoFogo": 0.0,
        "FRP": 8.4,
        "Latitude": -9.218,
        "Longitude": -49.885
      },
      "geometry": {
        "type": "Point",
        "coordinates": [
          -49.885,
          -9.218
        ]
      }
    },
    {
      "type": "Feature",
      "properties": {
        "DataHora": "2019/12/23 16:55:00",
        "Satelite": "AQUA_M-T",
        "Pais": "Brasil",
        "Estado": "TOCANTINS",
        "Municipio": "CASEARA",
        "Bioma": "Cerrado",
        "DiaSemChuva": 2,
        "Precipitacao": 0.0,
        "RiscoFogo": 0.0,
        "FRP": 13.2,
        "Latitude": -9.22,
        "Longitude": -49.894
      },
      "geometry": {
        "type": "Point",
        "coordinates": [
          -49.894,
          -9.22
        ]
      }
    },
    {
      "type": "Feature",
      "properties": {
        "DataHora": "2020/01/01 16:50:00",
        "Satelite": "AQUA_M-T",
        "Pais": "Brasil",
        "Estado": "TOCANTINS",
        "Municipio": "CASEARA",
        "Bioma": "Cerrado",
        "DiaSemChuva": 0,
        "Precipitacao": 0.6,
        "RiscoFogo": 0.2,
        "FRP": 6.5,
        "Latitude": -9.301,
        "Longitude": -49.752
      },
      "geometry": {
        "type": "Point",
        "coordinates": [
          -49.752,
          -9.301
        ]
      }
    },
    {
      "type": "Feature",
      "properties": {
        "DataHora": "2020/01/01 16:50:00",
        "Satelite": "AQUA_M-T",
        "Pais": "Brasil",
        "Estado": "TOCANTINS",
        "Municipio": "CASEARA",
        "Bioma": "Cerrado",
        "DiaSemChuva": 0,
        "Precipitacao": 0.6,
        "RiscoFogo": 0.2,
        "FRP": 6.5,
        "Latitude": -9.301,
        "Longitude": -49.752
      },
      "geometry": {
        "type": "Point",
        "coordinates": [
          -49.752,
          -9.301
        ]
      }
    },
    {
      "type": "Feature",
      "properties": {
        "DataHora": "2020/01/08 16:55:00",
        "Satelite": "AQUA_M-T",
        "Pais": "Brasil",
        "Estado": "TOCANTINS",
        "Municipio": "CASEARA",
        "Bioma": "Cerrado",
        "DiaSemChuva": 0,
        "Precipitacao": 3.3,
        "RiscoFogo": 0.0,
        "FRP": 9.0,
        "Latitude": -9.299,
        "Longitude": -49.743
      },
      "geometry": {
        "type": "Point",
        "coordinates": [
          -49.743,
          -9.299
        ]
      }
    },
    {
      "type": "Feature",
      "properties": {
        "DataHora": "2020/02/02 16:50:00",
        "Satelite": "AQUA_M-T",
        "Pais": "Brasil",
        "Estado": "TOCANTINS",
        "Municipio": "CASEARA",
        "Bioma": "Cerrado",
        "DiaSemChuva": 2,
        "Precipitacao": 11.0,
        "RiscoFogo": 0.0,
        "FRP": 10.4,
        "Latitude": -9.458,
        "Longitude": -49.845
      },
      "geometry": {
        "type": "Point",
        "coordinates": [
          -49.845,
          -9.458
        ]
      }
    },
    {
      "type": "Feature",
      "properties": {
        "DataHora": "2020/03/10 17:10:00",
        "Satelite": "AQUA_M-T",
        "Pais": "Brasil",
        "Estado": "TOCANTINS",
        "Municipio": "CASEARA",
        "Bioma": "Cerrado",
        "DiaSemChuva": 0,
        "Precipitacao": 12.5,
        "RiscoFogo": 0.0,
        "FRP": 12.5,
        "Latitude": -9.619,
        "Longitude": -49.976
      },
      "geometry": {
        "type": "Point",
        "coordinates": [
          -49.976,
          -9.619
        ]
      }
    },
    {
      "type": "Feature",
      "properties": {
        "DataHora": "2020/03/14 16:45:00",
        "Satelite": "AQUA_M-T",
        "Pais": "Brasil",
        "Estado": "TOCANTINS",
        "Municipio": "CASEARA",
        "Bioma": "Cerrado",
        "DiaSemChuva": 0,
        "Precipitacao": 10.6,
        "RiscoFogo": 0.0,
        "FRP": 10.2,
        "Latitude": -9.462,
        "Longitude": -49.796
      },
      "geometry": {
        "type": "Point",
        "coordinates": [
          -49.796,
          -9.462
        ]
      }
    },
    {
      "type": "Feature",
      "properties": {
        "DataHora": "2020/03/16 16:30:00",
        "Satelite": "AQUA_M-T",
        "Pais": "Brasil",
        "Estado": "TOCANTINS",
        "Municipio": "CASEARA",
        "Bioma": "Cerrado",
        "DiaSemChuva": 0,
        "Precipitacao": 0.7,
        "RiscoFogo": 0.0,
        "FRP": 19.8,
        "Latitude": -9.46,
        "Longitude": -49.81
      },
      "geometry": {
        "type": "Point",
        "coordinates": [
          -49.81,
          -9.46
        ]
      }
    },
    {
      "type": "Feature",
      "properties": {
        "DataHora": "2020/03/23 16:40:00",
        "Satelite": "AQUA_M-T",
        "Pais": "Brasil",
        "Estado": "TOCANTINS",
        "Municipio": "CASEARA",
        "Bioma": "Cerrado",
        "DiaSemChuva": 2,
        "Precipitacao": 0.1,
        "RiscoFogo": 0.0,
        "FRP": 14.1,
        "Latitude": -9.311,
        "Longitude": -49.781
      },
      "geometry": {
        "type": "Point",
        "coordinates": [
          -49.781,
          -9.311
        ]
      }
    },
    {
      "type": "Feature",
      "properties": {
        "DataHora": "2020/04/04 17:05:00",
        "Satelite": "AQUA_M-T",
        "Pais": "Brasil",
        "Estado": "TOCANTINS",
        "Municipio": "CASEARA",
        "Bioma": "Cerrado",
        "DiaSemChuva": 1,
        "Precipitacao": 0.68,
        "RiscoFogo": 0.04,
        "FRP": 15.9,
        "Latitude": -9.343,
        "Longitude": -49.886
      },
      "geometry": {
        "type": "Point",
        "coordinates": [
          -49.886,
          -9.343
        ]
      }
    },
    {
      "type": "Feature",
      "properties": {
        "DataHora": "2020/04/04 17:05:00",
        "Satelite": "AQUA_M-T",
        "Pais": "Brasil",
        "Estado": "TOCANTINS",
        "Municipio": "CASEARA",
        "Bioma": "Cerrado",
        "DiaSemChuva": 2,
        "Precipitacao": 0.5,
        "RiscoFogo": 0.04,
        "FRP": 13.2,
        "Latitude": -9.346,
        "Longitude": -49.794
      },
      "geometry": {
        "type": "Point",
        "coordinates": [
          -49.794,
          -9.346
        ]
      }
    },
    {
      "type": "Feature",
      "properties": {
        "DataHora": "2020/04/08 16:40:00",
        "Satelite": "AQUA_M-T",
        "Pais": "Brasil",
        "Estado": "TOCANTINS",
        "Municipio": "CASEARA",
        "Bioma": "Cerrado",
        "DiaSemChuva": 0,
        "Precipitacao": 0.1,
        "RiscoFogo": 0.0,
        "FRP": 10.7,
        "Latitude": -9.345,
        "Longitude": -49.789
      },
      "geometry": {
        "type": "Point",
        "coordinates": [
          -49.789,
          -9.345
        ]
      }
    },
    {
      "type": "Feature",
      "properties": {
        "DataHora": "2020/04/08 16:40:00",
        "Satelite": "AQUA_M-T",
        "Pais": "Brasil",
        "Estado": "TOCANTINS",
        "Municipio": "CASEARA",
        "Bioma": "Cerrado",
        "DiaSemChuva": 0,
        "Precipitacao": 0.1,
        "RiscoFogo": 0.0,
        "FRP": 9.0,
        "Latitude": -9.348,
        "Longitude": -49.795
      },
      "geometry": {
        "type": "Point",
        "coordinates": [
          -49.795,
          -9.348
        ]
      }
    },
    {
      "type": "Feature",
      "properties": {
        "DataHora": "2020/04/10 16:25:00",
        "Satelite": "AQUA_M-T",
        "Pais": "Brasil",
        "Estado": "TOCANTINS",
        "Municipio": "CASEARA",
        "Bioma": "Cerrado",
        "DiaSemChuva": 0,
        "Precipitacao": 0.5,
        "RiscoFogo": 0.1,
        "FRP": 27.4,
        "Latitude": -9.313,
        "Longitude": -49.777
      },
      "geometry": {
        "type": "Point",
        "coordinates": [
          -49.777,
          -9.313
        ]
      }
    },
    {
      "type": "Feature",
      "properties": {
        "DataHora": "2020/04/26 16:25:00",
        "Satelite": "AQUA_M-T",
        "Pais": "Brasil",
        "Estado": "TOCANTINS",
        "Municipio": "CASEARA",
        "Bioma": "Cerrado",
        "DiaSemChuva": 1,
        "Precipitacao": 0.0,
        "RiscoFogo": 0.0,
        "FRP": 28.0,
        "Latitude": -9.356,
        "Longitude": -49.878
      },
      "geometry": {
        "type": "Point",
        "coordinates": [
          -49.878,
          -9.356
        ]
      }
    },
    {
      "type": "Feature",
      "properties": {
        "DataHora": "2020/05/01 16:45:00",
        "Satelite": "AQUA_M-T",
        "Pais": "Brasil",
        "Estado": "TOCANTINS",
        "Municipio": "CASEARA",
        "Bioma": "Cerrado",
        "DiaSemChuva": 7,
        "Precipitacao": 0.0,
        "RiscoFogo": 0.57,
        "FRP": 38.7,
        "Latitude": -9.227,
        "Longitude": -49.902
      },
      "geometry": {
        "type": "Point",
        "coordinates": [
          -49.902,
          -9.227
        ]
      }
    },
    {
      "type": "Feature",
      "properties": {
        "DataHora": "2020/05/01 16:45:00",
        "Satelite": "AQUA_M-T",
        "Pais": "Brasil",
        "Estado": "TOCANTINS",
        "Municipio": "CASEARA",
        "Bioma": "Cerrado",
        "DiaSemChuva": 7,
        "Precipitacao": 0.0,
        "RiscoFogo": 0.65,
        "FRP": 10.5,
        "Latitude": -9.215,
        "Longitude": -49.891
      },
      "geometry": {
        "type": "Point",
        "coordinates": [
          -49.891,
          -9.215
        ]
      }
    },
    {
      "type": "Feature",
      "properties": {
        "DataHora": "2020/05/03 16:30:00",
        "Satelite": "AQUA_M-T",
        "Pais": "Brasil",
        "Estado": "TOCANTINS",
        "Municipio": "CASEARA",
        "Bioma": "Cerrado",
        "DiaSemChuva": 9,
        "Precipitacao": 0.0,
        "RiscoFogo": 0.2,
        "FRP": 19.4,
        "Latitude": -9.222,
        "Longitude": -49.896
      },
      "geometry": {
        "type": "Point",
        "coordinates": [
          -49.896,
          -9.222
        ]
      }
    },
    {
      "type": "Feature",
      "properties": {
        "DataHora": "2020/05/04 17:15:00",
        "Satelite": "AQUA_M-T",
        "Pais": "Brasil",
        "Estado": "TOCANTINS",
        "Municipio": "CASEARA",
        "Bioma": "Cerrado",
        "DiaSemChuva": 9,
        "Precipitacao": 0.1,
        "RiscoFogo": 0.4,
        "FRP": 12.2,
        "Latitude": -9.423,
        "Longitude": -49.86
      },
      "geometry": {
        "type": "Point",
        "coordinates": [
          -49.86,
          -9.423
        ]
      }
    },
    {
      "type": "Feature",
      "properties": {
        "DataHora": "2020/05/04 17:15:00",
        "Satelite": "AQUA_M-T",
        "Pais": "Brasil",
        "Estado": "TOCANTINS",
        "Municipio": "CASEARA",
        "Bioma": "Cerrado",
        "DiaSemChuva": 9,
        "Precipitacao": 0.1,
        "RiscoFogo": 0.1,
        "FRP": 22.7,
        "Latitude": -9.425,
        "Longitude": -49.873
      },
      "geometry": {
        "type": "Point",
        "coordinates": [
          -49.873,
          -9.425
        ]
      }
    },
    {
      "type": "Feature",
      "properties": {
        "DataHora": "2020/05/13 17:10:00",
        "Satelite": "AQUA_M-T",
        "Pais": "Brasil",
        "Estado": "TOCANTINS",
        "Municipio": "CASEARA",
        "Bioma": "Cerrado",
        "DiaSemChuva": 3,
        "Precipitacao": 0.0,
        "RiscoFogo": 0.1,
        "FRP": 7.6,
        "Latitude": -9.429,
        "Longitude": -49.868
      },
      "geometry": {
        "type": "Point",
        "coordinates": [
          -49.868,
          -9.429
        ]
      }
    },
    {
      "type": "Feature",
      "properties": {
        "DataHora": "2020/05/13 17:10:00",
        "Satelite": "AQUA_M-T",
        "Pais": "Brasil",
        "Estado": "TOCANTINS",
        "Municipio": "CASEARA",
        "Bioma": "Cerrado",
        "DiaSemChuva": 3,
        "Precipitacao": 0.0,
        "RiscoFogo": 0.3,
        "FRP": 10.6,
        "Latitude": -9.419,
        "Longitude": -49.869
      },
      "geometry": {
        "type": "Point",
        "coordinates": [
          -49.869,
          -9.419
        ]
      }
    },
    {
      "type": "Feature",
      "properties": {
        "DataHora": "2020/05/15 16:55:00",
        "Satelite": "AQUA_M-T",
        "Pais": "Brasil",
        "Estado": "TOCANTINS",
        "Municipio": "CASEARA",
        "Bioma": "Cerrado",
        "DiaSemChuva": 5,
        "Precipitacao": 0.0,
        "RiscoFogo": 0.9,
        "FRP": 7.8,
        "Latitude": -9.434,
        "Longitude": -49.804
      },
      "geometry": {
        "type": "Point",
        "coordinates": [
          -49.804,
          -9.434
        ]
      }
    },
    {
      "type": "Feature",
      "properties": {
        "DataHora": "2020/05/15 16:55:00",
        "Satelite": "AQUA_M-T",
        "Pais": "Brasil",
        "Estado": "TOCANTINS",
        "Municipio": "CASEARA",
        "Bioma": "Cerrado",
        "DiaSemChuva": 5,
        "Precipitacao": 0.0,
        "RiscoFogo": 0.5,
        "FRP": 7.4,
        "Latitude": -9.564,
        "Longitude": -49.881
      },
      "geometry": {
        "type": "Point",
        "coordinates": [
          -49.881,
          -9.564
        ]
      }
    },
    {
      "type": "Feature",
      "properties": {
        "DataHora": "2020/05/15 16:55:00",
        "Satelite": "AQUA_M-T",
        "Pais": "Brasil",
        "Estado": "TOCANTINS",
        "Municipio": "CASEARA",
        "Bioma": "Cerrado",
        "DiaSemChuva": 5,
        "Precipitacao": 0.0,
        "RiscoFogo": 1.0,
        "FRP": 15.5,
        "Latitude": -9.425,
        "Longitude": -49.805
      },
      "geometry": {
        "type": "Point",
        "coordinates": [
          -49.805,
          -9.425
        ]
      }
    },
    {
      "type": "Feature",
      "properties": {
        "DataHora": "2020/05/15 16:55:00",
        "Satelite": "AQUA_M-T",
        "Pais": "Brasil",
        "Estado": "TOCANTINS",
        "Municipio": "CASEARA",
        "Bioma": "Cerrado",
        "DiaSemChuva": 5,
        "Precipitacao": 0.0,
        "RiscoFogo": 1.0,
        "FRP": 21.1,
        "Latitude": -9.427,
        "Longitude": -49.814
      },
      "geometry": {
        "type": "Point",
        "coordinates": [
          -49.814,
          -9.427
        ]
      }
    },
    {
      "type": "Feature",
      "properties": {
        "DataHora": "2020/05/20 17:15:00",
        "Satelite": "AQUA_M-T",
        "Pais": "Brasil",
        "Estado": "TOCANTINS",
        "Municipio": "CASEARA",
        "Bioma": "Cerrado",
        "DiaSemChuva": 1,
        "Precipitacao": 0.4,
        "RiscoFogo": 0.3,
        "FRP": 21.0,
        "Latitude": -9.408,
        "Longitude": -49.771
      },
      "geometry": {
        "type": "Point",
        "coordinates": [
          -49.771,
          -9.408
        ]
      }
    },
    {
      "type": "Feature",
      "properties": {
        "DataHora": "2020/05/22 17:00:00",
        "Satelite": "AQUA_M-T",
        "Pais": "Brasil",
        "Estado": "TOCANTINS",
        "Municipio": "CASEARA",
        "Bioma": "Cerrado",
        "DiaSemChuva": 3,
        "Precipitacao": 0.0,
        "RiscoFogo": 0.9,
        "FRP": 53.4,
        "Latitude": -9.438,
        "Longitude": -49.807
      },
      "geometry": {
        "type": "Point",
        "coordinates": [
          -49.807,
          -9.438
        ]
      }
    },
    {
      "type": "Feature",
      "properties": {
        "DataHora": "2020/05/22 17:00:00",
        "Satelite": "AQUA_M-T",
        "Pais": "Brasil",
        "Estado": "TOCANTINS",
        "Municipio": "CASEARA",
        "Bioma": "Cerrado",
        "DiaSemChuva": 3,
        "Precipitacao": 0.0,
        "RiscoFogo": 0.4,
        "FRP": 24.4,
        "Latitude": -9.388,
        "Longitude": -49.907
      },
      "geometry": {
        "type": "Point",
        "coordinates": [
          -49.907,
          -9.388
        ]
      }
    },
    {
      "type": "Feature",
      "properties": {
        "DataHora": "2020/05/22 17:00:00",
        "Satelite": "AQUA_M-T",
        "Pais": "Brasil",
        "Estado": "TOCANTINS",
        "Municipio": "CASEARA",
        "Bioma": "Cerrado",
        "DiaSemChuva": 3,
        "Precipitacao": 0.0,
        "RiscoFogo": 0.6,
        "FRP": 16.0,
        "Latitude": -9.389,
        "Longitude": -49.916
      },
      "geometry": {
        "type": "Point",
        "coordinates": [
          -49.916,
          -9.389
        ]
      }
    },
    {
      "type": "Feature",
      "properties": {
        "DataHora": "2020/05/22 17:00:00",
        "Satelite": "AQUA_M-T",
        "Pais": "Brasil",
        "Estado": "TOCANTINS",
        "Municipio": "CASEARA",
        "Bioma": "Cerrado",
        "DiaSemChuva": 3,
        "Precipitacao": 0.0,
        "RiscoFogo": 0.8,
        "FRP": 7.0,
        "Latitude": -9.397,
        "Longitude": -49.906
      },
      "geometry": {
        "type": "Point",
        "coordinates": [
          -49.906,
          -9.397
        ]
      }
    },
    {
      "type": "Feature",
      "properties": {
        "DataHora": "2020/05/22 17:00:00",
        "Satelite": "AQUA_M-T",
        "Pais": "Brasil",
        "Estado": "TOCANTINS",
        "Municipio": "CASEARA",
        "Bioma": "Cerrado",
        "DiaSemChuva": 3,
        "Precipitacao": 0.0,
        "RiscoFogo": 0.7,
        "FRP": 7.8,
        "Latitude": -9.437,
        "Longitude": -49.798
      },
      "geometry": {
        "type": "Point",
        "coordinates": [
          -49.798,
          -9.437
        ]
      }
    },
    {
      "type": "Feature",
      "properties": {
        "DataHora": "2020/05/22 17:00:00",
        "Satelite": "AQUA_M-T",
        "Pais": "Brasil",
        "Estado": "TOCANTINS",
        "Municipio": "CASEARA",
        "Bioma": "Cerrado",
        "DiaSemChuva": 2,
        "Precipitacao": 0.0,
        "RiscoFogo": 0.3,
        "FRP": 17.9,
        "Latitude": -9.265,
        "Longitude": -49.817
      },
      "geometry": {
        "type": "Point",
        "coordinates": [
          -49.817,
          -9.265
        ]
      }
    },
    {
      "type": "Feature",
      "properties": {
        "DataHora": "2020/05/26 16:40:00",
        "Satelite": "AQUA_M-T",
        "Pais": "Brasil",
        "Estado": "TOCANTINS",
        "Municipio": "CASEARA",
        "Bioma": "Cerrado",
        "DiaSemChuva": 6,
        "Precipitacao": 0.1,
        "RiscoFogo": 0.97,
        "FRP": 12.7,
        "Latitude": -9.486,
        "Longitude": -49.791
      },
      "geometry": {
        "type": "Point",
        "coordinates": [
          -49.791,
          -9.486
        ]
      }
    },
    {
      "type": "Feature",
      "properties": {
        "DataHora": "2020/05/27 17:20:00",
        "Satelite": "AQUA_M-T",
        "Pais": "Brasil",
        "Estado": "TOCANTINS",
        "Municipio": "CASEARA",
        "Bioma": "Cerrado",
        "DiaSemChuva": 3,
        "Precipitacao": 0.1,
        "RiscoFogo": 0.63,
        "FRP": 18.8,
        "Latitude": -9.633,
        "Longitude": -49.819
      },
      "geometry": {
        "type": "Point",
        "coordinates": [
          -49.819,
          -9.633
        ]
      }
    },
    {
      "type": "Feature",
      "properties": {
        "DataHora": "2020/05/28 16:25:00",
        "Satelite": "AQUA_M-T",
        "Pais": "Brasil",
        "Estado": "TOCANTINS",
        "Municipio": "CASEARA",
        "Bioma": "Cerrado",
        "DiaSemChuva": 4,
        "Precipitacao": 0.0,
        "RiscoFogo": 0.5,
        "FRP": 64.3,
        "Latitude": -9.612,
        "Longitude": -49.983
      },
      "geometry": {
        "type": "Point",
        "coordinates": [
          -49.983,
          -9.612
        ]
      }
    },
    {
      "type": "Feature",
      "properties": {
        "DataHora": "2020/05/28 16:25:00",
        "Satelite": "AQUA_M-T",
        "Pais": "Brasil",
        "Estado": "TOCANTINS",
        "Municipio": "CASEARA",
        "Bioma": "Cerrado",
        "DiaSemChuva": 4,
        "Precipitacao": 0.0,
        "RiscoFogo": 0.7,
        "FRP": 55.4,
        "Latitude": -9.611,
        "Longitude": -49.977
      },
      "geometry": {
        "type": "Point",
        "coordinates": [
          -49.977,
          -9.611
        ]
      }
    },
    {
      "type": "Feature",
      "properties": {
        "DataHora": "2020/06/01 17:40:00",
        "Satelite": "AQUA_M-T",
        "Pais": "Brasil",
        "Estado": "TOCANTINS",
        "Municipio": "CASEARA",
        "Bioma": "Cerrado",
        "DiaSemChuva": 8,
        "Precipitacao": 0.0,
        "RiscoFogo": 0.9,
        "FRP": 22.9,
        "Latitude": -9.618,
        "Longitude": -49.978
      },
      "geometry": {
        "type": "Point",
        "coordinates": [
          -49.978,
          -9.618
        ]
      }
    },
    {
      "type": "Feature",
      "properties": {
        "DataHora": "2020/06/02 16:45:00",
        "Satelite": "AQUA_M-T",
        "Pais": "Brasil",
        "Estado": "TOCANTINS",
        "Municipio": "CASEARA",
        "Bioma": "Cerrado",
        "DiaSemChuva": 5,
        "Precipitacao": 0.3,
        "RiscoFogo": 0.6,
        "FRP": 16.0,
        "Latitude": -9.222,
        "Longitude": -49.898
      },
      "geometry": {
        "type": "Point",
        "coordinates": [
          -49.898,
          -9.222
        ]
      }
    },
    {
      "type": "Feature",
      "properties": {
        "DataHora": "2020/06/02 16:45:00",
        "Satelite": "AQUA_M-T",
        "Pais": "Brasil",
        "Estado": "TOCANTINS",
        "Municipio": "CASEARA",
        "Bioma": "Cerrado",
        "DiaSemChuva": 4,
        "Precipitacao": 0.3,
        "RiscoFogo": 0.8,
        "FRP": 86.7,
        "Latitude": -9.303,
        "Longitude": -49.906
      },
      "geometry": {
        "type": "Point",
        "coordinates": [
          -49.906,
          -9.303
        ]
      }
    },
    {
      "type": "Feature",
      "properties": {
        "DataHora": "2020/06/05 17:15:00",
        "Satelite": "AQUA_M-T",
        "Pais": "Brasil",
        "Estado": "TOCANTINS",
        "Municipio": "CASEARA",
        "Bioma": "Cerrado",
        "DiaSemChuva": 8,
        "Precipitacao": 0.0,
        "RiscoFogo": 0.7,
        "FRP": 17.4,
        "Latitude": -9.211,
        "Longitude": -49.891
      },
      "geometry": {
        "type": "Point",
        "coordinates": [
          -49.891,
          -9.211
        ]
      }
    },
    {
      "type": "Feature",
      "properties": {
        "DataHora": "2020/06/12 17:20:00",
        "Satelite": "AQUA_M-T",
        "Pais": "Brasil",
        "Estado": "TOCANTINS",
        "Municipio": "CASEARA",
        "Bioma": "Cerrado",
        "DiaSemChuva": 17,
        "Precipitacao": 0.0,
        "RiscoFogo": 0.9,
        "FRP": 16.8,
        "Latitude": -9.384,
        "Longitude": -49.957
      },
      "geometry": {
        "type": "Point",
        "coordinates": [
          -49.957,
          -9.384
        ]
      }
    },
    {
      "type": "Feature",
      "properties": {
        "DataHora": "2020/06/17 17:40:00",
        "Satelite": "AQUA_M-T",
        "Pais": "Brasil",
        "Estado": "TOCANTINS",
        "Municipio": "CASEARA",
        "Bioma": "Cerrado",
        "DiaSemChuva": 26,
        "Precipitacao": 0.0,
        "RiscoFogo": 0.6,
        "FRP": 78.1,
        "Latitude": -9.422,
        "Longitude": -49.868
      },
      "geometry": {
        "type": "Point",
        "coordinates": [
          -49.868,
          -9.422
        ]
      }
    },
    {
      "type": "Feature",
      "properties": {
        "DataHora": "2020/06/17 17:40:00",
        "Satelite": "AQUA_M-T",
        "Pais": "Brasil",
        "Estado": "TOCANTINS",
        "Municipio": "CASEARA",
        "Bioma": "Cerrado",
        "DiaSemChuva": 26,
        "Precipitacao": 0.0,
        "RiscoFogo": 0.5,
        "FRP": 81.6,
        "Latitude": -9.422,
        "Longitude": -49.873
      },
      "geometry": {
        "type": "Point",
        "coordinates": [
          -49.873,
          -9.422
        ]
      }
    },
    {
      "type": "Feature",
      "properties": {
        "DataHora": "2020/06/21 17:15:00",
        "Satelite": "AQUA_M-T",
        "Pais": "Brasil",
        "Estado": "TOCANTINS",
        "Municipio": "CASEARA",
        "Bioma": "Cerrado",
        "DiaSemChuva": 24,
        "Precipitacao": 0.0,
        "RiscoFogo": 1.0,
        "FRP": 11.3,
        "Latitude": -9.101,
        "Longitude": -49.841
      },
      "geometry": {
        "type": "Point",
        "coordinates": [
          -49.841,
          -9.101
        ]
      }
    },
    {
      "type": "Feature",
      "properties": {
        "DataHora": "2020/07/02 16:55:00",
        "Satelite": "AQUA_M-T",
        "Pais": "Brasil",
        "Estado": "TOCANTINS",
        "Municipio": "CASEARA",
        "Bioma": "Cerrado",
        "DiaSemChuva": 44,
        "Precipitacao": 0.0,
        "RiscoFogo": 1.0,
        "FRP": 18.7,
        "Latitude": -9.444,
        "Longitude": -49.822
      },
      "geometry": {
        "type": "Point",
        "coordinates": [
          -49.822,
          -9.444
        ]
      }
    },
    {
      "type": "Feature",
      "properties": {
        "DataHora": "2020/07/02 16:55:00",
        "Satelite": "AQUA_M-T",
        "Pais": "Brasil",
        "Estado": "TOCANTINS",
        "Municipio": "CASEARA",
        "Bioma": "Cerrado",
        "DiaSemChuva": 44,
        "Precipitacao": 0.0,
        "RiscoFogo": 0.8,
        "FRP": 31.5,
        "Latitude": -9.445,
        "Longitude": -49.831
      },
      "geometry": {
        "type": "Point",
        "coordinates": [
          -49.831,
          -9.445
        ]
      }
    },
    {
      "type": "Feature",
      "properties": {
        "DataHora": "2020/08/08 17:15:00",
        "Satelite": "AQUA_M-T",
        "Pais": "Brasil",
        "Estado": "TOCANTINS",
        "Municipio": "CASEARA",
        "Bioma": "Cerrado",
        "DiaSemChuva": 70,
        "Precipitacao": 0.0,
        "RiscoFogo": 1.0,
        "FRP": 12.7,
        "Latitude": -9.53,
        "Longitude": -49.966
      },
      "geometry": {
        "type": "Point",
        "coordinates": [
          -49.966,
          -9.53
        ]
      }
    },
    {
      "type": "Feature",
      "properties": {
        "DataHora": "2020/08/14 16:40:00",
        "Satelite": "AQUA_M-T",
        "Pais": "Brasil",
        "Estado": "TOCANTINS",
        "Municipio": "CASEARA",
        "Bioma": "Cerrado",
        "DiaSemChuva": 71,
        "Precipitacao": 0.0,
        "RiscoFogo": 1.0,
        "FRP": 164.6,
        "Latitude": -9.56,
        "Longitude": -49.91
      },
      "geometry": {
        "type": "Point",
        "coordinates": [
          -49.91,
          -9.56
        ]
      }
    },
    {
      "type": "Feature",
      "properties": {
        "DataHora": "2020/08/14 16:40:00",
        "Satelite": "AQUA_M-T",
        "Pais": "Brasil",
        "Estado": "TOCANTINS",
        "Municipio": "CASEARA",
        "Bioma": "Cerrado",
        "DiaSemChuva": 71,
        "Precipitacao": 0.0,
        "RiscoFogo": 1.0,
        "FRP": 26.2,
        "Latitude": -9.548,
        "Longitude": -49.912
      },
      "geometry": {
        "type": "Point",
        "coordinates": [
          -49.912,
          -9.548
        ]
      }
    },
    {
      "type": "Feature",
      "properties": {
        "DataHora": "2020/08/14 16:40:00",
        "Satelite": "AQUA_M-T",
        "Pais": "Brasil",
        "Estado": "TOCANTINS",
        "Municipio": "CASEARA",
        "Bioma": "Cerrado",
        "DiaSemChuva": 71,
        "Precipitacao": 0.0,
        "RiscoFogo": 1.0,
        "FRP": 70.3,
        "Latitude": -9.55,
        "Longitude": -49.902
      },
      "geometry": {
        "type": "Point",
        "coordinates": [
          -49.902,
          -9.55
        ]
      }
    },
    {
      "type": "Feature",
      "properties": {
        "DataHora": "2020/08/14 16:40:00",
        "Satelite": "AQUA_M-T",
        "Pais": "Brasil",
        "Estado": "TOCANTINS",
        "Municipio": "CASEARA",
        "Bioma": "Cerrado",
        "DiaSemChuva": 71,
        "Precipitacao": 0.0,
        "RiscoFogo": 1.0,
        "FRP": 143.6,
        "Latitude": -9.552,
        "Longitude": -49.918
      },
      "geometry": {
        "type": "Point",
        "coordinates": [
          -49.918,
          -9.552
        ]
      }
    },
    {
      "type": "Feature",
      "properties": {
        "DataHora": "2020/08/19 16:49:56",
        "Satelite": "AQUA_M-T",
        "Pais": "Brasil",
        "Estado": "TOCANTINS",
        "Municipio": "CASEARA",
        "Bioma": "Cerrado",
        "DiaSemChuva": 82,
        "Precipitacao": 0.0,
        "RiscoFogo": 1.0,
        "FRP": 37.4,
        "Latitude": -9.594,
        "Longitude": -49.965
      },
      "geometry": {
        "type": "Point",
        "coordinates": [
          -49.965,
          -9.594
        ]
      }
    },
    {
      "type": "Feature",
      "properties": {
        "DataHora": "2020/08/19 16:49:56",
        "Satelite": "AQUA_M-T",
        "Pais": "Brasil",
        "Estado": "TOCANTINS",
        "Municipio": "CASEARA",
        "Bioma": "Cerrado",
        "DiaSemChuva": 83,
        "Precipitacao": 0.0,
        "RiscoFogo": 1.0,
        "FRP": 73.6,
        "Latitude": -9.595,
        "Longitude": -49.974
      },
      "geometry": {
        "type": "Point",
        "coordinates": [
          -49.974,
          -9.595
        ]
      }
    },
    {
      "type": "Feature",
      "properties": {
        "DataHora": "2020/08/22 17:20:47",
        "Satelite": "AQUA_M-T",
        "Pais": "Brasil",
        "Estado": "TOCANTINS",
        "Municipio": "CASEARA",
        "Bioma": "Cerrado",
        "DiaSemChuva": 55,
        "Precipitacao": 0.0,
        "RiscoFogo": 1.0,
        "FRP": 130.2,
        "Latitude": -9.113,
        "Longitude": -49.864
      },
      "geometry": {
        "type": "Point",
        "coordinates": [
          -49.864,
          -9.113
        ]
      }
    },
    {
      "type": "Feature",
      "properties": {
        "DataHora": "2020/08/22 17:20:47",
        "Satelite": "AQUA_M-T",
        "Pais": "Brasil",
        "Estado": "TOCANTINS",
        "Municipio": "CASEARA",
        "Bioma": "Cerrado",
        "DiaSemChuva": 84,
        "Precipitacao": 0.0,
        "RiscoFogo": 1.0,
        "FRP": 36.7,
        "Latitude": -9.575,
        "Longitude": -49.964
      },
      "geometry": {
        "type": "Point",
        "coordinates": [
          -49.964,
          -9.575
        ]
      }
    },
    {
      "type": "Feature",
      "properties": {
        "DataHora": "2020/08/22 17:20:47",
        "Satelite": "AQUA_M-T",
        "Pais": "Brasil",
        "Estado": "TOCANTINS",
        "Municipio": "CASEARA",
        "Bioma": "Cerrado",
        "DiaSemChuva": 60,
        "Precipitacao": 0.0,
        "RiscoFogo": 1.0,
        "FRP": 167.6,
        "Latitude": -9.109,
        "Longitude": -49.841
      },
      "geometry": {
        "type": "Point",
        "coordinates": [
          -49.841,
          -9.109
        ]
      }
    },
    {
      "type": "Feature",
      "properties": {
        "DataHora": "2020/08/22 17:20:47",
        "Satelite": "AQUA_M-T",
        "Pais": "Brasil",
        "Estado": "TOCANTINS",
        "Municipio": "CASEARA",
        "Bioma": "Cerrado",
        "DiaSemChuva": 62,
        "Precipitacao": 0.0,
        "RiscoFogo": 1.0,
        "FRP": 60.4,
        "Latitude": -9.119,
        "Longitude": -49.856
      },
      "geometry": {
        "type": "Point",
        "coordinates": [
          -49.856,
          -9.119
        ]
      }
    },
    {
      "type": "Feature",
      "properties": {
        "DataHora": "2020/08/23 16:25:38",
        "Satelite": "AQUA_M-T",
        "Pais": "Brasil",
        "Estado": "TOCANTINS",
        "Municipio": "CASEARA",
        "Bioma": "Cerrado",
        "DiaSemChuva": 53,
        "Precipitacao": 0.0,
        "RiscoFogo": 1.0,
        "FRP": 62.1,
        "Latitude": -9.096,
        "Longitude": -49.842
      },
      "geometry": {
        "type": "Point",
        "coordinates": [
          -49.842,
          -9.096
        ]
      }
    },
    {
      "type": "Feature",
      "properties": {
        "DataHora": "2020/08/26 16:56:04",
        "Satelite": "AQUA_M-T",
        "Pais": "Brasil",
        "Estado": "TOCANTINS",
        "Municipio": "CASEARA",
        "Bioma": "Cerrado",
        "DiaSemChuva": 89,
        "Precipitacao": 0.0,
        "RiscoFogo": 1.0,
        "FRP": 14.7,
        "Latitude": -9.305,
        "Longitude": -49.902
      },
      "geometry": {
        "type": "Point",
        "coordinates": [
          -49.902,
          -9.305
        ]
      }
    },
    {
      "type": "Feature",
      "properties": {
        "DataHora": "2020/08/26 16:56:04",
        "Satelite": "AQUA_M-T",
        "Pais": "Brasil",
        "Estado": "TOCANTINS",
        "Municipio": "CASEARA",
        "Bioma": "Cerrado",
        "DiaSemChuva": 89,
        "Precipitacao": 0.0,
        "RiscoFogo": 1.0,
        "FRP": 33.5,
        "Latitude": -9.306,
        "Longitude": -49.911
      },
      "geometry": {
        "type": "Point",
        "coordinates": [
          -49.911,
          -9.306
        ]
      }
    },
    {
      "type": "Feature",
      "properties": {
        "DataHora": "2020/09/04 16:55:00",
        "Satelite": "AQUA_M-T",
        "Pais": "Brasil",
        "Estado": "TOCANTINS",
        "Municipio": "CASEARA",
        "Bioma": "Cerrado",
        "DiaSemChuva": 98,
        "Precipitacao": 0.0,
        "RiscoFogo": -999.0,
        "FRP": 16.1,
        "Latitude": -9.268,
        "Longitude": -49.963
      },
      "geometry": {
        "type": "Point",
        "coordinates": [
          -49.963,
          -9.268
        ]
      }
    },
    {
      "type": "Feature",
      "properties": {
        "DataHora": "2020/09/07 17:25:00",
        "Satelite": "AQUA_M-T",
        "Pais": "Brasil",
        "Estado": "TOCANTINS",
        "Municipio": "CASEARA",
        "Bioma": "Cerrado",
        "DiaSemChuva": 103,
        "Precipitacao": 0.0,
        "RiscoFogo": 1.0,
        "FRP": 187.5,
        "Latitude": -9.496,
        "Longitude": -49.804
      },
      "geometry": {
        "type": "Point",
        "coordinates": [
          -49.804,
          -9.496
        ]
      }
    },
    {
      "type": "Feature",
      "properties": {
        "DataHora": "2020/09/11 17:00:00",
        "Satelite": "AQUA_M-T",
        "Pais": "Brasil",
        "Estado": "TOCANTINS",
        "Municipio": "CASEARA",
        "Bioma": "Cerrado",
        "DiaSemChuva": 108,
        "Precipitacao": 0.0,
        "RiscoFogo": 1.0,
        "FRP": 15.3,
        "Latitude": -9.493,
        "Longitude": -49.787
      },
      "geometry": {
        "type": "Point",
        "coordinates": [
          -49.787,
          -9.493
        ]
      }
    },
    {
      "type": "Feature",
      "properties": {
        "DataHora": "2020/09/11 17:05:00",
        "Satelite": "AQUA_M-T",
        "Pais": "Brasil",
        "Estado": "TOCANTINS",
        "Municipio": "CASEARA",
        "Bioma": "Cerrado",
        "DiaSemChuva": 66,
        "Precipitacao": 0.0,
        "RiscoFogo": 1.0,
        "FRP": 76.4,
        "Latitude": -9.086,
        "Longitude": -49.841
      },
      "geometry": {
        "type": "Point",
        "coordinates": [
          -49.841,
          -9.086
        ]
      }
    },
    {
      "type": "Feature",
      "properties": {
        "DataHora": "2020/09/11 17:05:00",
        "Satelite": "AQUA_M-T",
        "Pais": "Brasil",
        "Estado": "TOCANTINS",
        "Municipio": "CASEARA",
        "Bioma": "Cerrado",
        "DiaSemChuva": 60,
        "Precipitacao": 0.0,
        "RiscoFogo": 1.0,
        "FRP": 10.8,
        "Latitude": -9.077,
        "Longitude": -49.842
      },
      "geometry": {
        "type": "Point",
        "coordinates": [
          -49.842,
          -9.077
        ]
      }
    },
    {
      "type": "Feature",
      "properties": {
        "DataHora": "2020/09/11 17:05:00",
        "Satelite": "AQUA_M-T",
        "Pais": "Brasil",
        "Estado": "TOCANTINS",
        "Municipio": "CASEARA",
        "Bioma": "Cerrado",
        "DiaSemChuva": 64,
        "Precipitacao": 0.0,
        "RiscoFogo": 1.0,
        "FRP": 20.0,
        "Latitude": -9.076,
        "Longitude": -49.833
      },
      "geometry": {
        "type": "Point",
        "coordinates": [
          -49.833,
          -9.076
        ]
      }
    },
    {
      "type": "Feature",
      "properties": {
        "DataHora": "2020/09/13 16:50:00",
        "Satelite": "AQUA_M-T",
        "Pais": "Brasil",
        "Estado": "TOCANTINS",
        "Municipio": "CASEARA",
        "Bioma": "Cerrado",
        "DiaSemChuva": 107,
        "Precipitacao": 0.0,
        "RiscoFogo": 1.0,
        "FRP": 295.3,
        "Latitude": -9.344,
        "Longitude": -49.93
      },
      "geometry": {
        "type": "Point",
        "coordinates": [
          -49.93,
          -9.344
        ]
      }
    },
    {
      "type": "Feature",
      "properties": {
        "DataHora": "2020/09/13 16:50:00",
        "Satelite": "AQUA_M-T",
        "Pais": "Brasil",
        "Estado": "TOCANTINS",
        "Municipio": "CASEARA",
        "Bioma": "Cerrado",
        "DiaSemChuva": 107,
        "Precipitacao": 0.0,
        "RiscoFogo": 1.0,
        "FRP": 204.9,
        "Latitude": -9.349,
        "Longitude": -49.933
      },
      "geometry": {
        "type": "Point",
        "coordinates": [
          -49.933,
          -9.349
        ]
      }
    },
    {
      "type": "Feature",
      "properties": {
        "DataHora": "2020/09/13 16:50:00",
        "Satelite": "AQUA_M-T",
        "Pais": "Brasil",
        "Estado": "TOCANTINS",
        "Municipio": "CASEARA",
        "Bioma": "Cerrado",
        "DiaSemChuva": 107,
        "Precipitacao": 0.0,
        "RiscoFogo": 1.0,
        "FRP": 1005.1,
        "Latitude": -9.346,
        "Longitude": -49.94
      },
      "geometry": {
        "type": "Point",
        "coordinates": [
          -49.94,
          -9.346
        ]
      }
    },
    {
      "type": "Feature",
      "properties": {
        "DataHora": "2020/09/13 16:50:00",
        "Satelite": "AQUA_M-T",
        "Pais": "Brasil",
        "Estado": "TOCANTINS",
        "Municipio": "CASEARA",
        "Bioma": "Cerrado",
        "DiaSemChuva": 107,
        "Precipitacao": 0.0,
        "RiscoFogo": 1.0,
        "FRP": 30.1,
        "Latitude": -9.348,
        "Longitude": -49.923
      },
      "geometry": {
        "type": "Point",
        "coordinates": [
          -49.923,
          -9.348
        ]
      }
    },
    {
      "type": "Feature",
      "properties": {
        "DataHora": "2020/09/13 16:50:00",
        "Satelite": "AQUA_M-T",
        "Pais": "Brasil",
        "Estado": "TOCANTINS",
        "Municipio": "CASEARA",
        "Bioma": "Cerrado",
        "DiaSemChuva": 107,
        "Precipitacao": 0.0,
        "RiscoFogo": 1.0,
        "FRP": 37.8,
        "Latitude": -9.347,
        "Longitude": -49.95
      },
      "geometry": {
        "type": "Point",
        "coordinates": [
          -49.95,
          -9.347
        ]
      }
    },
    {
      "type": "Feature",
      "properties": {
        "DataHora": "2020/09/13 16:50:00",
        "Satelite": "AQUA_M-T",
        "Pais": "Brasil",
        "Estado": "TOCANTINS",
        "Municipio": "CASEARA",
        "Bioma": "Cerrado",
        "DiaSemChuva": 100,
        "Precipitacao": 0.0,
        "RiscoFogo": 1.0,
        "FRP": 71.8,
        "Latitude": -9.567,
        "Longitude": -49.829
      },
      "geometry": {
        "type": "Point",
        "coordinates": [
          -49.829,
          -9.567
        ]
      }
    },
    {
      "type": "Feature",
      "properties": {
        "DataHora": "2020/09/13 16:50:00",
        "Satelite": "AQUA_M-T",
        "Pais": "Brasil",
        "Estado": "TOCANTINS",
        "Municipio": "CASEARA",
        "Bioma": "Cerrado",
        "DiaSemChuva": 110,
        "Precipitacao": 0.0,
        "RiscoFogo": 1.0,
        "FRP": 168.5,
        "Latitude": -9.516,
        "Longitude": -49.986
      },
      "geometry": {
        "type": "Point",
        "coordinates": [
          -49.986,
          -9.516
        ]
      }
    },
    {
      "type": "Feature",
      "properties": {
        "DataHora": "2020/09/13 16:50:00",
        "Satelite": "AQUA_M-T",
        "Pais": "Brasil",
        "Estado": "TOCANTINS",
        "Municipio": "CASEARA",
        "Bioma": "Cerrado",
        "DiaSemChuva": 107,
        "Precipitacao": 0.0,
        "RiscoFogo": 1.0,
        "FRP": 21.3,
        "Latitude": -9.335,
        "Longitude": -49.931
      },
      "geometry": {
        "type": "Point",
        "coordinates": [
          -49.931,
          -9.335
        ]
      }
    },
    {
      "type": "Feature",
      "properties": {
        "DataHora": "2020/09/13 16:50:00",
        "Satelite": "AQUA_M-T",
        "Pais": "Brasil",
        "Estado": "TOCANTINS",
        "Municipio": "CASEARA",
        "Bioma": "Cerrado",
        "DiaSemChuva": 107,
        "Precipitacao": 0.0,
        "RiscoFogo": 1.0,
        "FRP": 92.2,
        "Latitude": -9.336,
        "Longitude": -49.941
      },
      "geometry": {
        "type": "Point",
        "coordinates": [
          -49.941,
          -9.336
        ]
      }
    },
    {
      "type": "Feature",
      "properties": {
        "DataHora": "2020/09/16 17:20:00",
        "Satelite": "AQUA_M-T",
        "Pais": "Brasil",
        "Estado": "TOCANTINS",
        "Municipio": "CASEARA",
        "Bioma": "Cerrado",
        "DiaSemChuva": 89,
        "Precipitacao": 0.0,
        "RiscoFogo": 1.0,
        "FRP": 1060.8,
        "Latitude": -9.099,
        "Longitude": -49.81
      },
      "geometry": {
        "type": "Point",
        "coordinates": [
          -49.81,
          -9.099
        ]
      }
    },
    {
      "type": "Feature",
      "properties": {
        "DataHora": "2020/09/16 17:20:00",
        "Satelite": "AQUA_M-T",
        "Pais": "Brasil",
        "Estado": "TOCANTINS",
        "Municipio": "CASEARA",
        "Bioma": "Cerrado",
        "DiaSemChuva": 85,
        "Precipitacao": 0.0,
        "RiscoFogo": 1.0,
        "FRP": 451.3,
        "Latitude": -9.102,
        "Longitude": -49.828
      },
      "geometry": {
        "type": "Point",
        "coordinates": [
          -49.828,
          -9.102
        ]
      }
    },
    {
      "type": "Feature",
      "properties": {
        "DataHora": "2020/09/24 16:30:00",
        "Satelite": "AQUA_M-T",
        "Pais": "Brasil",
        "Estado": "TOCANTINS",
        "Municipio": "CASEARA",
        "Bioma": "Cerrado",
        "DiaSemChuva": 2,
        "Precipitacao": 0.0,
        "RiscoFogo": 0.4,
        "FRP": 67.7,
        "Latitude": -9.283,
        "Longitude": -49.957
      },
      "geometry": {
        "type": "Point",
        "coordinates": [
          -49.957,
          -9.283
        ]
      }
    },
    {
      "type": "Feature",
      "properties": {
        "DataHora": "2020/09/29 16:50:00",
        "Satelite": "AQUA_M-T",
        "Pais": "Brasil",
        "Estado": "TOCANTINS",
        "Municipio": "CASEARA",
        "Bioma": "Cerrado",
        "DiaSemChuva": 3,
        "Precipitacao": 0.1,
        "RiscoFogo": 1.0,
        "FRP": 37.9,
        "Latitude": -9.32,
        "Longitude": -49.93
      },
      "geometry": {
        "type": "Point",
        "coordinates": [
          -49.93,
          -9.32
        ]
      }
    },
    {
      "type": "Feature",
      "properties": {
        "DataHora": "2020/09/29 16:50:00",
        "Satelite": "AQUA_M-T",
        "Pais": "Brasil",
        "Estado": "TOCANTINS",
        "Municipio": "CASEARA",
        "Bioma": "Cerrado",
        "DiaSemChuva": 2,
        "Precipitacao": 0.1,
        "RiscoFogo": 1.0,
        "FRP": 49.5,
        "Latitude": -9.309,
        "Longitude": -49.921
      },
      "geometry": {
        "type": "Point",
        "coordinates": [
          -49.921,
          -9.309
        ]
      }
    },
    {
      "type": "Feature",
      "properties": {
        "DataHora": "2020/09/29 16:50:00",
        "Satelite": "AQUA_M-T",
        "Pais": "Brasil",
        "Estado": "TOCANTINS",
        "Municipio": "CASEARA",
        "Bioma": "Cerrado",
        "DiaSemChuva": 3,
        "Precipitacao": 0.1,
        "RiscoFogo": 1.0,
        "FRP": 126.6,
        "Latitude": -9.318,
        "Longitude": -49.92
      },
      "geometry": {
        "type": "Point",
        "coordinates": [
          -49.92,
          -9.318
        ]
      }
    },
    {
      "type": "Feature",
      "properties": {
        "DataHora": "2020/10/22 16:55:00",
        "Satelite": "AQUA_M-T",
        "Pais": "Brasil",
        "Estado": "TOCANTINS",
        "Municipio": "CASEARA",
        "Bioma": "Cerrado",
        "DiaSemChuva": 3,
        "Precipitacao": 0.0,
        "RiscoFogo": 0.6,
        "FRP": 11.5,
        "Latitude": -9.548,
        "Longitude": -49.951
      },
      "geometry": {
        "type": "Point",
        "coordinates": [
          -49.951,
          -9.548
        ]
      }
    },
    {
      "type": "Feature",
      "properties": {
        "DataHora": "2020/11/27 16:30:00",
        "Satelite": "AQUA_M-T",
        "Pais": "Brasil",
        "Estado": "TOCANTINS",
        "Municipio": "CASEARA",
        "Bioma": "Cerrado",
        "DiaSemChuva": 3,
        "Precipitacao": 4.5,
        "RiscoFogo": 0.1,
        "FRP": 35.7,
        "Latitude": -9.468,
        "Longitude": -49.875
      },
      "geometry": {
        "type": "Point",
        "coordinates": [
          -49.875,
          -9.468
        ]
      }
    },
    {
      "type": "Feature",
      "properties": {
        "DataHora": "2020/12/02 16:50:00",
        "Satelite": "AQUA_M-T",
        "Pais": "Brasil",
        "Estado": "TOCANTINS",
        "Municipio": "CASEARA",
        "Bioma": "Cerrado",
        "DiaSemChuva": 5,
        "Precipitacao": 0.1,
        "RiscoFogo": 0.9,
        "FRP": 14.7,
        "Latitude": -9.262,
        "Longitude": -49.841
      },
      "geometry": {
        "type": "Point",
        "coordinates": [
          -49.841,
          -9.262
        ]
      }
    },
    {
      "type": "Feature",
      "properties": {
        "DataHora": "2020/12/02 16:50:00",
        "Satelite": "AQUA_M-T",
        "Pais": "Brasil",
        "Estado": "TOCANTINS",
        "Municipio": "CASEARA",
        "Bioma": "Cerrado",
        "DiaSemChuva": 4,
        "Precipitacao": 0.0,
        "RiscoFogo": 0.7,
        "FRP": 15.5,
        "Latitude": -9.656,
        "Longitude": -49.966
      },
      "geometry": {
        "type": "Point",
        "coordinates": [
          -49.966,
          -9.656
        ]
      }
    },
    {
      "type": "Feature",
      "properties": {
        "DataHora": "2020/12/16 17:00:00",
        "Satelite": "AQUA_M-T",
        "Pais": "Brasil",
        "Estado": "TOCANTINS",
        "Municipio": "CASEARA",
        "Bioma": "Cerrado",
        "DiaSemChuva": 4,
        "Precipitacao": 0.0,
        "RiscoFogo": 0.6,
        "FRP": 25.6,
        "Latitude": -9.253,
        "Longitude": -49.839
      },
      "geometry": {
        "type": "Point",
        "coordinates": [
          -49.839,
          -9.253
        ]
      }
    },
    {
      "type": "Feature",
      "properties": {
        "DataHora": "2020/12/22 16:25:00",
        "Satelite": "AQUA_M-T",
        "Pais": "Brasil",
        "Estado": "TOCANTINS",
        "Municipio": "CASEARA",
        "Bioma": "Cerrado",
        "DiaSemChuva": 4,
        "Precipitacao": 13.8,
        "RiscoFogo": 0.0,
        "FRP": 23.1,
        "Latitude": -9.497,
        "Longitude": -49.732
      },
      "geometry": {
        "type": "Point",
        "coordinates": [
          -49.732,
          -9.497
        ]
      }
    },
    {
      "type": "Feature",
      "properties": {
        "DataHora": "2021/02/11 16:55:00",
        "Satelite": "AQUA_M-T",
        "Pais": "Brasil",
        "Estado": "TOCANTINS",
        "Municipio": "CASEARA",
        "Bioma": "Cerrado",
        "DiaSemChuva": 0,
        "Precipitacao": 6.2,
        "RiscoFogo": 0.0,
        "FRP": 7.2,
        "Latitude": -9.5,
        "Longitude": -49.882
      },
      "geometry": {
        "type": "Point",
        "coordinates": [
          -49.882,
          -9.5
        ]
      }
    },
    {
      "type": "Feature",
      "properties": {
        "DataHora": "2021/02/22 16:40:00",
        "Satelite": "AQUA_M-T",
        "Pais": "Brasil",
        "Estado": "TOCANTINS",
        "Municipio": "CASEARA",
        "Bioma": "Cerrado",
        "DiaSemChuva": 0,
        "Precipitacao": 0.5,
        "RiscoFogo": 0.0,
        "FRP": 17.6,
        "Latitude": -9.568,
        "Longitude": -49.745
      },
      "geometry": {
        "type": "Point",
        "coordinates": [
          -49.745,
          -9.568
        ]
      }
    },
    {
      "type": "Feature",
      "properties": {
        "DataHora": "2021/05/04 16:45:00",
        "Satelite": "AQUA_M-T",
        "Pais": "Brasil",
        "Estado": "TOCANTINS",
        "Municipio": "CASEARA",
        "Bioma": "Cerrado",
        "DiaSemChuva": 3,
        "Precipitacao": 0.0,
        "RiscoFogo": 0.1,
        "FRP": 13.6,
        "Latitude": -9.148,
        "Longitude": -49.8
      },
      "geometry": {
        "type": "Point",
        "coordinates": [
          -49.8,
          -9.148
        ]
      }
    },
    {
      "type": "Feature",
      "properties": {
        "DataHora": "2021/05/07 17:15:00",
        "Satelite": "AQUA_M-T",
        "Pais": "Brasil",
        "Estado": "TOCANTINS",
        "Municipio": "CASEARA",
        "Bioma": "Cerrado",
        "DiaSemChuva": 5,
        "Precipitacao": 0.8,
        "RiscoFogo": 0.4,
        "FRP": 14.2,
        "Latitude": -9.265,
        "Longitude": -49.827
      },
      "geometry": {
        "type": "Point",
        "coordinates": [
          -49.827,
          -9.265
        ]
      }
    },
    {
      "type": "Feature",
      "properties": {
        "DataHora": "2021/05/13 16:40:00",
        "Satelite": "AQUA_M-T",
        "Pais": "Brasil",
        "Estado": "TOCANTINS",
        "Municipio": "CASEARA",
        "Bioma": "Cerrado",
        "DiaSemChuva": 4,
        "Precipitacao": 0.1,
        "RiscoFogo": 1.0,
        "FRP": 20.4,
        "Latitude": -9.505,
        "Longitude": -49.739
      },
      "geometry": {
        "type": "Point",
        "coordinates": [
          -49.739,
          -9.505
        ]
      }
    },
    {
      "type": "Feature",
      "properties": {
        "DataHora": "2021/05/20 16:45:00",
        "Satelite": "AQUA_M-T",
        "Pais": "Brasil",
        "Estado": "TOCANTINS",
        "Municipio": "CASEARA",
        "Bioma": "Cerrado",
        "DiaSemChuva": 3,
        "Precipitacao": 0.0,
        "RiscoFogo": 1.0,
        "FRP": 12.0,
        "Latitude": -9.31,
        "Longitude": -49.781
      },
      "geometry": {
        "type": "Point",
        "coordinates": [
          -49.781,
          -9.31
        ]
      }
    },
    {
      "type": "Feature",
      "properties": {
        "DataHora": "2021/05/25 17:00:00",
        "Satelite": "AQUA_M-T",
        "Pais": "Brasil",
        "Estado": "TOCANTINS",
        "Municipio": "CASEARA",
        "Bioma": "Cerrado",
        "DiaSemChuva": 5,
        "Precipitacao": 0.0,
        "RiscoFogo": 0.8,
        "FRP": 8.0,
        "Latitude": -9.405,
        "Longitude": -49.929
      },
      "geometry": {
        "type": "Point",
        "coordinates": [
          -49.929,
          -9.405
        ]
      }
    },
    {
      "type": "Feature",
      "properties": {
        "DataHora": "2021/05/25 17:00:00",
        "Satelite": "AQUA_M-T",
        "Pais": "Brasil",
        "Estado": "TOCANTINS",
        "Municipio": "CASEARA",
        "Bioma": "Cerrado",
        "DiaSemChuva": 7,
        "Precipitacao": 0.0,
        "RiscoFogo": 0.6,
        "FRP": 9.9,
        "Latitude": -9.156,
        "Longitude": -49.798
      },
      "geometry": {
        "type": "Point",
        "coordinates": [
          -49.798,
          -9.156
        ]
      }
    },
    {
      "type": "Feature",
      "properties": {
        "DataHora": "2021/08/06 16:58:00",
        "Satelite": "AQUA_M-T",
        "Pais": "Brasil",
        "Estado": "TOCANTINS",
        "Municipio": "CASEARA",
        "Bioma": "Cerrado",
        "DiaSemChuva": 42,
        "Precipitacao": 0.0,
        "RiscoFogo": 1.0,
        "FRP": 67.8,
        "Latitude": -9.4485,
        "Longitude": -49.7239
      },
      "geometry": {
        "type": "Point",
        "coordinates": [
          -49.7239,
          -9.4485
        ]
      }
    },
    {
      "type": "Feature",
      "properties": {
        "DataHora": "2021/08/06 16:58:00",
        "Satelite": "AQUA_M-T",
        "Pais": "Brasil",
        "Estado": "TOCANTINS",
        "Municipio": "CASEARA",
        "Bioma": "Cerrado",
        "DiaSemChuva": 36,
        "Precipitacao": 0.0,
        "RiscoFogo": 1.0,
        "FRP": 10.5,
        "Latitude": -9.45878,
        "Longitude": -49.73165
      },
      "geometry": {
        "type": "Point",
        "coordinates": [
          -49.73165,
          -9.45878
        ]
      }
    },
    {
      "type": "Feature",
      "properties": {
        "DataHora": "2021/08/06 16:58:00",
        "Satelite": "AQUA_M-T",
        "Pais": "Brasil",
        "Estado": "TOCANTINS",
        "Municipio": "CASEARA",
        "Bioma": "Cerrado",
        "DiaSemChuva": 41,
        "Precipitacao": 0.0,
        "RiscoFogo": 1.0,
        "FRP": 22.6,
        "Latitude": -9.45749,
        "Longitude": -49.72258
      },
      "geometry": {
        "type": "Point",
        "coordinates": [
          -49.72258,
          -9.45749
        ]
      }
    },
    {
      "type": "Feature",
      "properties": {
        "DataHora": "2021/08/06 16:58:00",
        "Satelite": "AQUA_M-T",
        "Pais": "Brasil",
        "Estado": "TOCANTINS",
        "Municipio": "CASEARA",
        "Bioma": "Cerrado",
        "DiaSemChuva": 36,
        "Precipitacao": 0.0,
        "RiscoFogo": 1.0,
        "FRP": 101.9,
        "Latitude": -9.4498,
        "Longitude": -49.73298
      },
      "geometry": {
        "type": "Point",
        "coordinates": [
          -49.73298,
          -9.4498
        ]
      }
    },
    {
      "type": "Feature",
      "properties": {
        "DataHora": "2021/08/16 17:34:00",
        "Satelite": "AQUA_M-T",
        "Pais": "Brasil",
        "Estado": "TOCANTINS",
        "Municipio": "CASEARA",
        "Bioma": "Cerrado",
        "DiaSemChuva": 90,
        "Precipitacao": 0.0,
        "RiscoFogo": 1.0,
        "FRP": 334.9,
        "Latitude": -9.59912,
        "Longitude": -49.97503
      },
      "geometry": {
        "type": "Point",
        "coordinates": [
          -49.97503,
          -9.59912
        ]
      }
    },
    {
      "type": "Feature",
      "properties": {
        "DataHora": "2021/08/16 17:34:00",
        "Satelite": "AQUA_M-T",
        "Pais": "Brasil",
        "Estado": "TOCANTINS",
        "Municipio": "CASEARA",
        "Bioma": "Cerrado",
        "DiaSemChuva": 88,
        "Precipitacao": 0.0,
        "RiscoFogo": 1.0,
        "FRP": 43.7,
        "Latitude": -9.58388,
        "Longitude": -49.97782
      },
      "geometry": {
        "type": "Point",
        "coordinates": [
          -49.97782,
          -9.58388
        ]
      }
    },
    {
      "type": "Feature",
      "properties": {
        "DataHora": "2021/08/16 17:34:00",
        "Satelite": "AQUA_M-T",
        "Pais": "Brasil",
        "Estado": "TOCANTINS",
        "Municipio": "CASEARA",
        "Bioma": "Cerrado",
        "DiaSemChuva": 90,
        "Precipitacao": 0.0,
        "RiscoFogo": 1.0,
        "FRP": 476.7,
        "Latitude": -9.60386,
        "Longitude": -49.97895
      },
      "geometry": {
        "type": "Point",
        "coordinates": [
          -49.97895,
          -9.60386
        ]
      }
    },
    {
      "type": "Feature",
      "properties": {
        "DataHora": "2021/08/17 16:39:00",
        "Satelite": "AQUA_M-T",
        "Pais": "Brasil",
        "Estado": "TOCANTINS",
        "Municipio": "CASEARA",
        "Bioma": "Cerrado",
        "DiaSemChuva": 91,
        "Precipitacao": 0.0,
        "RiscoFogo": 1.0,
        "FRP": 40.1,
        "Latitude": -9.60741,
        "Longitude": -49.98009
      },
      "geometry": {
        "type": "Point",
        "coordinates": [
          -49.98009,
          -9.60741
        ]
      }
    },
    {
      "type": "Feature",
      "properties": {
        "DataHora": "2021/08/17 16:39:00",
        "Satelite": "AQUA_M-T",
        "Pais": "Brasil",
        "Estado": "TOCANTINS",
        "Municipio": "CASEARA",
        "Bioma": "Cerrado",
        "DiaSemChuva": 90,
        "Precipitacao": 0.0,
        "RiscoFogo": 1.0,
        "FRP": 115.8,
        "Latitude": -9.60951,
        "Longitude": -49.99621
      },
      "geometry": {
        "type": "Point",
        "coordinates": [
          -49.99621,
          -9.60951
        ]
      }
    },
    {
      "type": "Feature",
      "properties": {
        "DataHora": "2021/08/17 16:39:00",
        "Satelite": "AQUA_M-T",
        "Pais": "Brasil",
        "Estado": "TOCANTINS",
        "Municipio": "CASEARA",
        "Bioma": "Cerrado",
        "DiaSemChuva": 34,
        "Precipitacao": 0.0,
        "RiscoFogo": 1.0,
        "FRP": 80.2,
        "Latitude": -9.43788,
        "Longitude": -49.9009
      },
      "geometry": {
        "type": "Point",
        "coordinates": [
          -49.9009,
          -9.43788
        ]
      }
    },
    {
      "type": "Feature",
      "properties": {
        "DataHora": "2021/08/19 16:26:00",
        "Satelite": "AQUA_M-T",
        "Pais": "Brasil",
        "Estado": "TOCANTINS",
        "Municipio": "CASEARA",
        "Bioma": "Cerrado",
        "DiaSemChuva": 50,
        "Precipitacao": 0.0,
        "RiscoFogo": 1.0,
        "FRP": 72.3,
        "Latitude": -9.38158,
        "Longitude": -49.79075
      },
      "geometry": {
        "type": "Point",
        "coordinates": [
          -49.79075,
          -9.38158
        ]
      }
    },
    {
      "type": "Feature",
      "properties": {
        "DataHora": "2021/08/19 16:26:00",
        "Satelite": "AQUA_M-T",
        "Pais": "Brasil",
        "Estado": "TOCANTINS",
        "Municipio": "CASEARA",
        "Bioma": "Cerrado",
        "DiaSemChuva": 34,
        "Precipitacao": 0.0,
        "RiscoFogo": 1.0,
        "FRP": 83.9,
        "Latitude": -9.3849,
        "Longitude": -49.81781
      },
      "geometry": {
        "type": "Point",
        "coordinates": [
          -49.81781,
          -9.3849
        ]
      }
    },
    {
      "type": "Feature",
      "properties": {
        "DataHora": "2021/08/20 17:09:00",
        "Satelite": "AQUA_M-T",
        "Pais": "Brasil",
        "Estado": "TOCANTINS",
        "Municipio": "CASEARA",
        "Bioma": "Cerrado",
        "DiaSemChuva": 90,
        "Precipitacao": 0.0,
        "RiscoFogo": 1.0,
        "FRP": 30.7,
        "Latitude": -9.57247,
        "Longitude": -49.9901
      },
      "geometry": {
        "type": "Point",
        "coordinates": [
          -49.9901,
          -9.57247
        ]
      }
    },
    {
      "type": "Feature",
      "properties": {
        "DataHora": "2021/08/22 16:58:00",
        "Satelite": "AQUA_M-T",
        "Pais": "Brasil",
        "Estado": "TOCANTINS",
        "Municipio": "CASEARA",
        "Bioma": "Cerrado",
        "DiaSemChuva": 84,
        "Precipitacao": 0.0,
        "RiscoFogo": 1.0,
        "FRP": 53.7,
        "Latitude": -9.52775,
        "Longitude": -49.90864
      },
      "geometry": {
        "type": "Point",
        "coordinates": [
          -49.90864,
          -9.52775
        ]
      }
    },
    {
      "type": "Feature",
      "properties": {
        "DataHora": "2021/08/22 16:58:00",
        "Satelite": "AQUA_M-T",
        "Pais": "Brasil",
        "Estado": "TOCANTINS",
        "Municipio": "CASEARA",
        "Bioma": "Cerrado",
        "DiaSemChuva": 85,
        "Precipitacao": 0.0,
        "RiscoFogo": 1.0,
        "FRP": 78.8,
        "Latitude": -9.52904,
        "Longitude": -49.91775
      },
      "geometry": {
        "type": "Point",
        "coordinates": [
          -49.91775,
          -9.52904
        ]
      }
    },
    {
      "type": "Feature",
      "properties": {
        "DataHora": "2021/09/21 17:09:00",
        "Satelite": "AQUA_M-T",
        "Pais": "Brasil",
        "Estado": "TOCANTINS",
        "Municipio": "CASEARA",
        "Bioma": "Cerrado",
        "DiaSemChuva": 10,
        "Precipitacao": 0.0,
        "RiscoFogo": 0.9,
        "FRP": 17.7,
        "Latitude": -9.21294,
        "Longitude": -49.70752
      },
      "geometry": {
        "type": "Point",
        "coordinates": [
          -49.70752,
          -9.21294
        ]
      }
    },
    {
      "type": "Feature",
      "properties": {
        "DataHora": "2021/10/02 16:52:00",
        "Satelite": "AQUA_M-T",
        "Pais": "Brasil",
        "Estado": "TOCANTINS",
        "Municipio": "CASEARA",
        "Bioma": "Cerrado",
        "DiaSemChuva": 0,
        "Precipitacao": 7.1,
        "RiscoFogo": 0.0,
        "FRP": 7.5,
        "Latitude": -9.12577,
        "Longitude": -49.80968
      },
      "geometry": {
        "type": "Point",
        "coordinates": [
          -49.80968,
          -9.12577
        ]
      }
    },
    {
      "type": "Feature",
      "properties": {
        "DataHora": "2021/10/02 16:52:00",
        "Satelite": "AQUA_M-T",
        "Pais": "Brasil",
        "Estado": "TOCANTINS",
        "Municipio": "CASEARA",
        "Bioma": "Cerrado",
        "DiaSemChuva": 3,
        "Precipitacao": 0.0,
        "RiscoFogo": 0.7,
        "FRP": 13.4,
        "Latitude": -9.47913,
        "Longitude": -49.82276
      },
      "geometry": {
        "type": "Point",
        "coordinates": [
          -49.82276,
          -9.47913
        ]
      }
    },
    {
      "type": "Feature",
      "properties": {
        "DataHora": "2021/10/02 16:52:00",
        "Satelite": "AQUA_M-T",
        "Pais": "Brasil",
        "Estado": "TOCANTINS",
        "Municipio": "CASEARA",
        "Bioma": "Cerrado",
        "DiaSemChuva": 0,
        "Precipitacao": 7.8,
        "RiscoFogo": 0.0,
        "FRP": 34.0,
        "Latitude": -9.12712,
        "Longitude": -49.81958
      },
      "geometry": {
        "type": "Point",
        "coordinates": [
          -49.81958,
          -9.12712
        ]
      }
    },
    {
      "type": "Feature",
      "properties": {
        "DataHora": "2021/10/07 17:09:00",
        "Satelite": "AQUA_M-T",
        "Pais": "Brasil",
        "Estado": "TOCANTINS",
        "Municipio": "CASEARA",
        "Bioma": "Cerrado",
        "DiaSemChuva": 4,
        "Precipitacao": 0.0,
        "RiscoFogo": 0.4,
        "FRP": 12.6,
        "Latitude": -9.228,
        "Longitude": -49.72139
      },
      "geometry": {
        "type": "Point",
        "coordinates": [
          -49.72139,
          -9.228
        ]
      }
    },
    {
      "type": "Feature",
      "properties": {
        "DataHora": "2021/10/07 17:09:00",
        "Satelite": "AQUA_M-T",
        "Pais": "Brasil",
        "Estado": "TOCANTINS",
        "Municipio": "CASEARA",
        "Bioma": "Cerrado",
        "DiaSemChuva": 4,
        "Precipitacao": 0.0,
        "RiscoFogo": 0.4,
        "FRP": 14.3,
        "Latitude": -9.22646,
        "Longitude": -49.71598
      },
      "geometry": {
        "type": "Point",
        "coordinates": [
          -49.71598,
          -9.22646
        ]
      }
    },
    {
      "type": "Feature",
      "properties": {
        "DataHora": "2021/11/19 16:52:00",
        "Satelite": "AQUA_M-T",
        "Pais": "Brasil",
        "Estado": "TOCANTINS",
        "Municipio": "CASEARA",
        "Bioma": "Cerrado",
        "DiaSemChuva": 0,
        "Precipitacao": 6.5,
        "RiscoFogo": 0.0,
        "FRP": 11.4,
        "Latitude": -9.64633,
        "Longitude": -49.83512
      },
      "geometry": {
        "type": "Point",
        "coordinates": [
          -49.83512,
          -9.64633
        ]
      }
    },
    {
      "type": "Feature",
      "properties": {
        "DataHora": "2021/12/03 17:04:00",
        "Satelite": "AQUA_M-T",
        "Pais": "Brasil",
        "Estado": "TOCANTINS",
        "Municipio": "CASEARA",
        "Bioma": "Cerrado",
        "DiaSemChuva": 0,
        "Precipitacao": 1.1,
        "RiscoFogo": 0.0,
        "FRP": 11.0,
        "Latitude": -9.48585,
        "Longitude": -49.72841
      },
      "geometry": {
        "type": "Point",
        "coordinates": [
          -49.72841,
          -9.48585
        ]
      }
    },
    {
      "type": "Feature",
      "properties": {
        "DataHora": "2021/12/19 17:04:00",
        "Satelite": "AQUA_M-T",
        "Pais": "Brasil",
        "Estado": "TOCANTINS",
        "Municipio": "CASEARA",
        "Bioma": "Cerrado",
        "DiaSemChuva": 0,
        "Precipitacao": 12.6,
        "RiscoFogo": 0.0,
        "FRP": 6.4,
        "Latitude": -9.56302,
        "Longitude": -49.81963
      },
      "geometry": {
        "type": "Point",
        "coordinates": [
          -49.81963,
          -9.56302
        ]
      }
    },
    {
      "type": "Feature",
      "properties": {
        "DataHora": "2022/01/22 16:54:00",
        "Satelite": "AQUA_M-T",
        "Pais": "Brasil",
        "Estado": "TOCANTINS",
        "Municipio": "CASEARA",
        "Bioma": "Cerrado",
        "DiaSemChuva": 2,
        "Precipitacao": 0.7,
        "RiscoFogo": 0.0,
        "FRP": 12.2,
        "Latitude": -9.43531,
        "Longitude": -49.76087
      },
      "geometry": {
        "type": "Point",
        "coordinates": [
          -49.76087,
          -9.43531
        ]
      }
    },
    {
      "type": "Feature",
      "properties": {
        "DataHora": "2022/01/22 16:54:00",
        "Satelite": "AQUA_M-T",
        "Pais": "Brasil",
        "Estado": "TOCANTINS",
        "Municipio": "CASEARA",
        "Bioma": "Cerrado",
        "DiaSemChuva": 1,
        "Precipitacao": 1.2,
        "RiscoFogo": 0.0,
        "FRP": 33.1,
        "Latitude": -9.42502,
        "Longitude": -49.89514
      },
      "geometry": {
        "type": "Point",
        "coordinates": [
          -49.89514,
          -9.42502
        ]
      }
    },
    {
      "type": "Feature",
      "properties": {
        "DataHora": "2022/01/22 16:54:00",
        "Satelite": "AQUA_M-T",
        "Pais": "Brasil",
        "Estado": "TOCANTINS",
        "Municipio": "CASEARA",
        "Bioma": "Cerrado",
        "DiaSemChuva": 1,
        "Precipitacao": 1.1,
        "RiscoFogo": 0.0,
        "FRP": 62.0,
        "Latitude": -9.42364,
        "Longitude": -49.88506
      },
      "geometry": {
        "type": "Point",
        "coordinates": [
          -49.88506,
          -9.42364
        ]
      }
    },
    {
      "type": "Feature",
      "properties": {
        "DataHora": "2022/02/11 16:28:00",
        "Satelite": "AQUA_M-T",
        "Pais": "Brasil",
        "Estado": "TOCANTINS",
        "Municipio": "CASEARA",
        "Bioma": "Cerrado",
        "DiaSemChuva": 0,
        "Precipitacao": 2.8,
        "RiscoFogo": 0.0,
        "FRP": 29.6,
        "Latitude": -9.52179,
        "Longitude": -49.72667
      },
      "geometry": {
        "type": "Point",
        "coordinates": [
          -49.72667,
          -9.52179
        ]
      }
    },
    {
      "type": "Feature",
      "properties": {
        "DataHora": "2022/02/14 16:58:00",
        "Satelite": "AQUA_M-T",
        "Pais": "Brasil",
        "Estado": "TOCANTINS",
        "Municipio": "CASEARA",
        "Bioma": "Cerrado",
        "DiaSemChuva": 0,
        "Precipitacao": 12.6,
        "RiscoFogo": 0.0,
        "FRP": 4.6,
        "Latitude": -9.42423,
        "Longitude": -49.7608
      },
      "geometry": {
        "type": "Point",
        "coordinates": [
          -49.7608,
          -9.42423
        ]
      }
    },
    {
      "type": "Feature",
      "properties": {
        "DataHora": "2022/02/17 17:28:00",
        "Satelite": "AQUA_M-T",
        "Pais": "Brasil",
        "Estado": "TOCANTINS",
        "Municipio": "CASEARA",
        "Bioma": "Cerrado",
        "DiaSemChuva": 0,
        "Precipitacao": 0.2,
        "RiscoFogo": 0.0,
        "FRP": 34.7,
        "Latitude": -9.52274,
        "Longitude": -49.73584
      },
      "geometry": {
        "type": "Point",
        "coordinates": [
          -49.73584,
          -9.52274
        ]
      }
    },
    {
      "type": "Feature",
      "properties": {
        "DataHora": "2022/03/06 16:34:00",
        "Satelite": "AQUA_M-T",
        "Pais": "Brasil",
        "Estado": "TOCANTINS",
        "Municipio": "CASEARA",
        "Bioma": "Cerrado",
        "DiaSemChuva": 0,
        "Precipitacao": 0.3,
        "RiscoFogo": 0.0,
        "FRP": 28.5,
        "Latitude": -9.29071,
        "Longitude": -49.85978
      },
      "geometry": {
        "type": "Point",
        "coordinates": [
          -49.85978,
          -9.29071
        ]
      }
    },
    {
      "type": "Feature",
      "properties": {
        "DataHora": "2022/03/27 16:50:00",
        "Satelite": "AQUA_M-T",
        "Pais": "Brasil",
        "Estado": "TOCANTINS",
        "Municipio": "CASEARA",
        "Bioma": "Cerrado",
        "DiaSemChuva": 1,
        "Precipitacao": 5.7,
        "RiscoFogo": 0.0,
        "FRP": 5.1,
        "Latitude": -9.31837,
        "Longitude": -49.84535
      },
      "geometry": {
        "type": "Point",
        "coordinates": [
          -49.84535,
          -9.31837
        ]
      }
    },
    {
      "type": "Feature",
      "properties": {
        "DataHora": "2022/05/03 17:05:00",
        "Satelite": "AQUA_M-T",
        "Pais": "Brasil",
        "Estado": "TOCANTINS",
        "Municipio": "CASEARA",
        "Bioma": "Cerrado",
        "DiaSemChuva": 11,
        "Precipitacao": 0.0,
        "RiscoFogo": 0.7,
        "FRP": 33.8,
        "Latitude": -9.17444,
        "Longitude": -49.81105
      },
      "geometry": {
        "type": "Point",
        "coordinates": [
          -49.81105,
          -9.17444
        ]
      }
    },
    {
      "type": "Feature",
      "properties": {
        "DataHora": "2022/05/03 17:05:00",
        "Satelite": "AQUA_M-T",
        "Pais": "Brasil",
        "Estado": "TOCANTINS",
        "Municipio": "CASEARA",
        "Bioma": "Cerrado",
        "DiaSemChuva": 11,
        "Precipitacao": 0.0,
        "RiscoFogo": 0.7,
        "FRP": 11.8,
        "Latitude": -9.16674,
        "Longitude": -49.82161
      },
      "geometry": {
        "type": "Point",
        "coordinates": [
          -49.82161,
          -9.16674
        ]
      }
    },
    {
      "type": "Feature",
      "properties": {
        "DataHora": "2022/05/03 17:05:00",
        "Satelite": "AQUA_M-T",
        "Pais": "Brasil",
        "Estado": "TOCANTINS",
        "Municipio": "CASEARA",
        "Bioma": "Cerrado",
        "DiaSemChuva": 4,
        "Precipitacao": 0.0,
        "RiscoFogo": 0.1,
        "FRP": 27.8,
        "Latitude": -9.42444,
        "Longitude": -49.88304
      },
      "geometry": {
        "type": "Point",
        "coordinates": [
          -49.88304,
          -9.42444
        ]
      }
    },
    {
      "type": "Feature",
      "properties": {
        "DataHora": "2022/05/03 17:05:00",
        "Satelite": "AQUA_M-T",
        "Pais": "Brasil",
        "Estado": "TOCANTINS",
        "Municipio": "CASEARA",
        "Bioma": "Cerrado",
        "DiaSemChuva": 5,
        "Precipitacao": 0.0,
        "RiscoFogo": 0.4,
        "FRP": 27.9,
        "Latitude": -9.41542,
        "Longitude": -49.8844
      },
      "geometry": {
        "type": "Point",
        "coordinates": [
          -49.8844,
          -9.41542
        ]
      }
    },
    {
      "type": "Feature",
      "properties": {
        "DataHora": "2022/05/03 17:05:00",
        "Satelite": "AQUA_M-T",
        "Pais": "Brasil",
        "Estado": "TOCANTINS",
        "Municipio": "CASEARA",
        "Bioma": "Cerrado",
        "DiaSemChuva": 11,
        "Precipitacao": 0.0,
        "RiscoFogo": 0.7,
        "FRP": 48.5,
        "Latitude": -9.17578,
        "Longitude": -49.82025
      },
      "geometry": {
        "type": "Point",
        "coordinates": [
          -49.82025,
          -9.17578
        ]
      }
    },
    {
      "type": "Feature",
      "properties": {
        "DataHora": "2022/05/03 17:05:00",
        "Satelite": "AQUA_M-T",
        "Pais": "Brasil",
        "Estado": "TOCANTINS",
        "Municipio": "CASEARA",
        "Bioma": "Cerrado",
        "DiaSemChuva": 11,
        "Precipitacao": 0.0,
        "RiscoFogo": 0.7,
        "FRP": 9.4,
        "Latitude": -9.1654,
        "Longitude": -49.81241
      },
      "geometry": {
        "type": "Point",
        "coordinates": [
          -49.81241,
          -9.1654
        ]
      }
    },
    {
      "type": "Feature",
      "properties": {
        "DataHora": "2022/05/19 17:05:00",
        "Satelite": "AQUA_M-T",
        "Pais": "Brasil",
        "Estado": "TOCANTINS",
        "Municipio": "CASEARA",
        "Bioma": "Cerrado",
        "DiaSemChuva": 3,
        "Precipitacao": 0.0,
        "RiscoFogo": 1.0,
        "FRP": 10.2,
        "Latitude": -9.25314,
        "Longitude": -49.92906
      },
      "geometry": {
        "type": "Point",
        "coordinates": [
          -49.92906,
          -9.25314
        ]
      }
    },
    {
      "type": "Feature",
      "properties": {
        "DataHora": "2022/05/21 16:50:00",
        "Satelite": "AQUA_M-T",
        "Pais": "Brasil",
        "Estado": "TOCANTINS",
        "Municipio": "CASEARA",
        "Bioma": "Cerrado",
        "DiaSemChuva": 6,
        "Precipitacao": 0.0,
        "RiscoFogo": 1.0,
        "FRP": 12.7,
        "Latitude": -9.25985,
        "Longitude": -49.83992
      },
      "geometry": {
        "type": "Point",
        "coordinates": [
          -49.83992,
          -9.25985
        ]
      }
    },
    {
      "type": "Feature",
      "properties": {
        "DataHora": "2022/05/23 16:39:00",
        "Satelite": "AQUA_M-T",
        "Pais": "Brasil",
        "Estado": "TOCANTINS",
        "Municipio": "CASEARA",
        "Bioma": "Cerrado",
        "DiaSemChuva": 12,
        "Precipitacao": 0.0,
        "RiscoFogo": 1.0,
        "FRP": 70.7,
        "Latitude": -9.5788,
        "Longitude": -49.76838
      },
      "geometry": {
        "type": "Point",
        "coordinates": [
          -49.76838,
          -9.5788
        ]
      }
    },
    {
      "type": "Feature",
      "properties": {
        "DataHora": "2022/05/28 16:54:00",
        "Satelite": "AQUA_M-T",
        "Pais": "Brasil",
        "Estado": "TOCANTINS",
        "Municipio": "CASEARA",
        "Bioma": "Cerrado",
        "DiaSemChuva": 13,
        "Precipitacao": 0.0,
        "RiscoFogo": 1.0,
        "FRP": 13.1,
        "Latitude": -9.44534,
        "Longitude": -49.88092
      },
      "geometry": {
        "type": "Point",
        "coordinates": [
          -49.88092,
          -9.44534
        ]
      }
    },
    {
      "type": "Feature",
      "properties": {
        "DataHora": "2022/06/02 17:13:00",
        "Satelite": "AQUA_M-T",
        "Pais": "Brasil",
        "Estado": "TOCANTINS",
        "Municipio": "CASEARA",
        "Bioma": "Cerrado",
        "DiaSemChuva": 18,
        "Precipitacao": 0.0,
        "RiscoFogo": 1.0,
        "FRP": 17.7,
        "Latitude": -9.44836,
        "Longitude": -49.87831
      },
      "geometry": {
        "type": "Point",
        "coordinates": [
          -49.87831,
          -9.44836
        ]
      }
    },
    {
      "type": "Feature",
      "properties": {
        "DataHora": "2022/06/16 17:22:00",
        "Satelite": "AQUA_M-T",
        "Pais": "Brasil",
        "Estado": "TOCANTINS",
        "Municipio": "CASEARA",
        "Bioma": "Cerrado",
        "DiaSemChuva": 32,
        "Precipitacao": 0.0,
        "RiscoFogo": 1.0,
        "FRP": 29.1,
        "Latitude": -9.43494,
        "Longitude": -49.88794
      },
      "geometry": {
        "type": "Point",
        "coordinates": [
          -49.88794,
          -9.43494
        ]
      }
    },
    {
      "type": "Feature",
      "properties": {
        "DataHora": "2022/07/02 17:20:00",
        "Satelite": "AQUA_M-T",
        "Pais": "Brasil",
        "Estado": "TOCANTINS",
        "Municipio": "CASEARA",
        "Bioma": "Cerrado",
        "DiaSemChuva": 48,
        "Precipitacao": 0.0,
        "RiscoFogo": 1.0,
        "FRP": 28.4,
        "Latitude": -9.35349,
        "Longitude": -49.87813
      },
      "geometry": {
        "type": "Point",
        "coordinates": [
          -49.87813,
          -9.35349
        ]
      }
    },
    {
      "type": "Feature",
      "properties": {
        "DataHora": "2022/07/02 17:20:00",
        "Satelite": "AQUA_M-T",
        "Pais": "Brasil",
        "Estado": "TOCANTINS",
        "Municipio": "CASEARA",
        "Bioma": "Cerrado",
        "DiaSemChuva": 48,
        "Precipitacao": 0.0,
        "RiscoFogo": 1.0,
        "FRP": 34.4,
        "Latitude": -9.35553,
        "Longitude": -49.89133
      },
      "geometry": {
        "type": "Point",
        "coordinates": [
          -49.89133,
          -9.35553
        ]
      }
    },
    {
      "type": "Feature",
      "properties": {
        "DataHora": "2022/07/18 17:17:00",
        "Satelite": "AQUA_M-T",
        "Pais": "Brasil",
        "Estado": "TOCANTINS",
        "Municipio": "CASEARA",
        "Bioma": "Cerrado",
        "DiaSemChuva": 58,
        "Precipitacao": 0.0,
        "RiscoFogo": 1.0,
        "FRP": 8.3,
        "Latitude": -9.60587,
        "Longitude": -49.8954
      },
      "geometry": {
        "type": "Point",
        "coordinates": [
          -49.8954,
          -9.60587
        ]
      }
    },
    {
      "type": "Feature",
      "properties": {
        "DataHora": "2022/07/18 17:17:00",
        "Satelite": "AQUA_M-T",
        "Pais": "Brasil",
        "Estado": "TOCANTINS",
        "Municipio": "CASEARA",
        "Bioma": "Cerrado",
        "DiaSemChuva": 54,
        "Precipitacao": 0.0,
        "RiscoFogo": 1.0,
        "FRP": 25.9,
        "Latitude": -9.62373,
        "Longitude": -49.87413
      },
      "geometry": {
        "type": "Point",
        "coordinates": [
          -49.87413,
          -9.62373
        ]
      }
    },
    {
      "type": "Feature",
      "properties": {
        "DataHora": "2022/07/18 17:17:00",
        "Satelite": "AQUA_M-T",
        "Pais": "Brasil",
        "Estado": "TOCANTINS",
        "Municipio": "CASEARA",
        "Bioma": "Cerrado",
        "DiaSemChuva": 55,
        "Precipitacao": 0.0,
        "RiscoFogo": 1.0,
        "FRP": 42.0,
        "Latitude": -9.6255,
        "Longitude": -49.88554
      },
      "geometry": {
        "type": "Point",
        "coordinates": [
          -49.88554,
          -9.6255
        ]
      }
    },
    {
      "type": "Feature",
      "properties": {
        "DataHora": "2022/07/20 17:05:00",
        "Satelite": "AQUA_M-T",
        "Pais": "Brasil",
        "Estado": "TOCANTINS",
        "Municipio": "CASEARA",
        "Bioma": "Cerrado",
        "DiaSemChuva": 65,
        "Precipitacao": 0.0,
        "RiscoFogo": 1.0,
        "FRP": 19.1,
        "Latitude": -9.29897,
        "Longitude": -49.93212
      },
      "geometry": {
        "type": "Point",
        "coordinates": [
          -49.93212,
          -9.29897
        ]
      }
    },
    {
      "type": "Feature",
      "properties": {
        "DataHora": "2022/07/20 17:05:00",
        "Satelite": "AQUA_M-T",
        "Pais": "Brasil",
        "Estado": "TOCANTINS",
        "Municipio": "CASEARA",
        "Bioma": "Cerrado",
        "DiaSemChuva": 65,
        "Precipitacao": 0.0,
        "RiscoFogo": 1.0,
        "FRP": 226.7,
        "Latitude": -9.30027,
        "Longitude": -49.94115
      },
      "geometry": {
        "type": "Point",
        "coordinates": [
          -49.94115,
          -9.30027
        ]
      }
    },
    {
      "type": "Feature",
      "properties": {
        "DataHora": "2022/07/20 17:05:00",
        "Satelite": "AQUA_M-T",
        "Pais": "Brasil",
        "Estado": "TOCANTINS",
        "Municipio": "CASEARA",
        "Bioma": "Cerrado",
        "DiaSemChuva": 65,
        "Precipitacao": 0.0,
        "RiscoFogo": 1.0,
        "FRP": 94.5,
        "Latitude": -9.30156,
        "Longitude": -49.95018
      },
      "geometry": {
        "type": "Point",
        "coordinates": [
          -49.95018,
          -9.30156
        ]
      }
    },
    {
      "type": "Feature",
      "properties": {
        "DataHora": "2022/08/07 16:48:00",
        "Satelite": "AQUA_M-T",
        "Pais": "Brasil",
        "Estado": "TOCANTINS",
        "Municipio": "CASEARA",
        "Bioma": "Cerrado",
        "DiaSemChuva": 14,
        "Precipitacao": 0.0,
        "RiscoFogo": 1.0,
        "FRP": 22.0,
        "Latitude": -9.6702,
        "Longitude": -49.94246
      },
      "geometry": {
        "type": "Point",
        "coordinates": [
          -49.94246,
          -9.6702
        ]
      }
    },
    {
      "type": "Feature",
      "properties": {
        "DataHora": "2022/08/17 17:22:00",
        "Satelite": "AQUA_M-T",
        "Pais": "Brasil",
        "Estado": "TOCANTINS",
        "Municipio": "CASEARA",
        "Bioma": "Cerrado",
        "DiaSemChuva": 24,
        "Precipitacao": 0.0,
        "RiscoFogo": 1.0,
        "FRP": 26.0,
        "Latitude": -9.31839,
        "Longitude": -49.91807
      },
      "geometry": {
        "type": "Point",
        "coordinates": [
          -49.91807,
          -9.31839
        ]
      }
    },
    {
      "type": "Feature",
      "properties": {
        "DataHora": "2022/08/17 17:22:00",
        "Satelite": "AQUA_M-T",
        "Pais": "Brasil",
        "Estado": "TOCANTINS",
        "Municipio": "CASEARA",
        "Bioma": "Cerrado",
        "DiaSemChuva": 23,
        "Precipitacao": 0.0,
        "RiscoFogo": 1.0,
        "FRP": 35.0,
        "Latitude": -9.32052,
        "Longitude": -49.93178
      },
      "geometry": {
        "type": "Point",
        "coordinates": [
          -49.93178,
          -9.32052
        ]
      }
    },
    {
      "type": "Feature",
      "properties": {
        "DataHora": "2022/08/28 17:00:00",
        "Satelite": "AQUA_M-T",
        "Pais": "Brasil",
        "Estado": "TOCANTINS",
        "Municipio": "CASEARA",
        "Bioma": "Cerrado",
        "DiaSemChuva": -999,
        "Precipitacao": 0.0,
        "RiscoFogo": 1.0,
        "FRP": 17.1,
        "Latitude": -9.67811,
        "Longitude": -49.86021
      },
      "geometry": {
        "type": "Point",
        "coordinates": [
          -49.86021,
          -9.67811
        ]
      }
    },
    {
      "type": "Feature",
      "properties": {
        "DataHora": "2022/08/28 17:02:00",
        "Satelite": "AQUA_M-T",
        "Pais": "Brasil",
        "Estado": "TOCANTINS",
        "Municipio": "CASEARA",
        "Bioma": "Cerrado",
        "DiaSemChuva": -999,
        "Precipitacao": 0.0,
        "RiscoFogo": 1.0,
        "FRP": 32.5,
        "Latitude": -9.6315,
        "Longitude": -49.99086
      },
      "geometry": {
        "type": "Point",
        "coordinates": [
          -49.99086,
          -9.6315
        ]
      }
    },
    {
      "type": "Feature",
      "properties": {
        "DataHora": "2022/08/29 17:43:00",
        "Satelite": "AQUA_M-T",
        "Pais": "Brasil",
        "Estado": "TOCANTINS",
        "Municipio": "CASEARA",
        "Bioma": "Cerrado",
        "DiaSemChuva": 37,
        "Precipitacao": 0.0,
        "RiscoFogo": 1.0,
        "FRP": 144.4,
        "Latitude": -9.34142,
        "Longitude": -49.95239
      },
      "geometry": {
        "type": "Point",
        "coordinates": [
          -49.95239,
          -9.34142
        ]
      }
    },
    {
      "type": "Feature",
      "properties": {
        "DataHora": "2022/08/29 17:43:00",
        "Satelite": "AQUA_M-T",
        "Pais": "Brasil",
        "Estado": "TOCANTINS",
        "Municipio": "CASEARA",
        "Bioma": "Cerrado",
        "DiaSemChuva": 43,
        "Precipitacao": 0.0,
        "RiscoFogo": 1.0,
        "FRP": 73.7,
        "Latitude": -9.32059,
        "Longitude": -49.96067
      },
      "geometry": {
        "type": "Point",
        "coordinates": [
          -49.96067,
          -9.32059
        ]
      }
    },
    {
      "type": "Feature",
      "properties": {
        "DataHora": "2022/08/30 16:50:00",
        "Satelite": "AQUA_M-T",
        "Pais": "Brasil",
        "Estado": "TOCANTINS",
        "Municipio": "CASEARA",
        "Bioma": "Cerrado",
        "DiaSemChuva": 37,
        "Precipitacao": 0.0,
        "RiscoFogo": 1.0,
        "FRP": 166.6,
        "Latitude": -9.3702,
        "Longitude": -49.90306
      },
      "geometry": {
        "type": "Point",
        "coordinates": [
          -49.90306,
          -9.3702
        ]
      }
    },
    {
      "type": "Feature",
      "properties": {
        "DataHora": "2022/08/30 16:50:00",
        "Satelite": "AQUA_M-T",
        "Pais": "Brasil",
        "Estado": "TOCANTINS",
        "Municipio": "CASEARA",
        "Bioma": "Cerrado",
        "DiaSemChuva": 37,
        "Precipitacao": 0.0,
        "RiscoFogo": 1.0,
        "FRP": 371.7,
        "Latitude": -9.35933,
        "Longitude": -49.90446
      },
      "geometry": {
        "type": "Point",
        "coordinates": [
          -49.90446,
          -9.35933
        ]
      }
    },
    {
      "type": "Feature",
      "properties": {
        "DataHora": "2022/08/30 16:50:00",
        "Satelite": "AQUA_M-T",
        "Pais": "Brasil",
        "Estado": "TOCANTINS",
        "Municipio": "CASEARA",
        "Bioma": "Cerrado",
        "DiaSemChuva": 37,
        "Precipitacao": 0.0,
        "RiscoFogo": 1.0,
        "FRP": 44.8,
        "Latitude": -9.36118,
        "Longitude": -49.91809
      },
      "geometry": {
        "type": "Point",
        "coordinates": [
          -49.91809,
          -9.36118
        ]
      }
    },
    {
      "type": "Feature",
      "properties": {
        "DataHora": "2022/08/30 16:50:00",
        "Satelite": "AQUA_M-T",
        "Pais": "Brasil",
        "Estado": "TOCANTINS",
        "Municipio": "CASEARA",
        "Bioma": "Cerrado",
        "DiaSemChuva": 37,
        "Precipitacao": 0.0,
        "RiscoFogo": 1.0,
        "FRP": 41.2,
        "Latitude": -9.36649,
        "Longitude": -49.87592
      },
      "geometry": {
        "type": "Point",
        "coordinates": [
          -49.87592,
          -9.36649
        ]
      }
    },
    {
      "type": "Feature",
      "properties": {
        "DataHora": "2022/08/30 16:50:00",
        "Satelite": "AQUA_M-T",
        "Pais": "Brasil",
        "Estado": "TOCANTINS",
        "Municipio": "CASEARA",
        "Bioma": "Cerrado",
        "DiaSemChuva": 37,
        "Precipitacao": 0.0,
        "RiscoFogo": 1.0,
        "FRP": 22.5,
        "Latitude": -9.36833,
        "Longitude": -49.88941
      },
      "geometry": {
        "type": "Point",
        "coordinates": [
          -49.88941,
          -9.36833
        ]
      }
    },
    {
      "type": "Feature",
      "properties": {
        "DataHora": "2022/08/30 16:50:00",
        "Satelite": "AQUA_M-T",
        "Pais": "Brasil",
        "Estado": "TOCANTINS",
        "Municipio": "CASEARA",
        "Bioma": "Cerrado",
        "DiaSemChuva": 37,
        "Precipitacao": 0.0,
        "RiscoFogo": 1.0,
        "FRP": 33.7,
        "Latitude": -9.36861,
        "Longitude": -49.87032
      },
      "geometry": {
        "type": "Point",
        "coordinates": [
          -49.87032,
          -9.36861
        ]
      }
    },
    {
      "type": "Feature",
      "properties": {
        "DataHora": "2022/08/30 16:50:00",
        "Satelite": "AQUA_M-T",
        "Pais": "Brasil",
        "Estado": "TOCANTINS",
        "Municipio": "CASEARA",
        "Bioma": "Cerrado",
        "DiaSemChuva": 37,
        "Precipitacao": 0.0,
        "RiscoFogo": 1.0,
        "FRP": 25.2,
        "Latitude": -9.37035,
        "Longitude": -49.88378
      },
      "geometry": {
        "type": "Point",
        "coordinates": [
          -49.88378,
          -9.37035
        ]
      }
    },
    {
      "type": "Feature",
      "properties": {
        "DataHora": "2022/08/30 16:50:00",
        "Satelite": "AQUA_M-T",
        "Pais": "Brasil",
        "Estado": "TOCANTINS",
        "Municipio": "CASEARA",
        "Bioma": "Cerrado",
        "DiaSemChuva": 37,
        "Precipitacao": 0.0,
        "RiscoFogo": 1.0,
        "FRP": 53.2,
        "Latitude": -9.37733,
        "Longitude": -49.8745
      },
      "geometry": {
        "type": "Point",
        "coordinates": [
          -49.8745,
          -9.37733
        ]
      }
    },
    {
      "type": "Feature",
      "properties": {
        "DataHora": "2022/08/30 16:50:00",
        "Satelite": "AQUA_M-T",
        "Pais": "Brasil",
        "Estado": "TOCANTINS",
        "Municipio": "CASEARA",
        "Bioma": "Cerrado",
        "DiaSemChuva": 36,
        "Precipitacao": 0.0,
        "RiscoFogo": 1.0,
        "FRP": 50.8,
        "Latitude": -9.37944,
        "Longitude": -49.86888
      },
      "geometry": {
        "type": "Point",
        "coordinates": [
          -49.86888,
          -9.37944
        ]
      }
    },
    {
      "type": "Feature",
      "properties": {
        "DataHora": "2022/08/30 16:50:00",
        "Satelite": "AQUA_M-T",
        "Pais": "Brasil",
        "Estado": "TOCANTINS",
        "Municipio": "CASEARA",
        "Bioma": "Cerrado",
        "DiaSemChuva": 37,
        "Precipitacao": 0.0,
        "RiscoFogo": 1.0,
        "FRP": 25.6,
        "Latitude": -9.3812,
        "Longitude": -49.88233
      },
      "geometry": {
        "type": "Point",
        "coordinates": [
          -49.88233,
          -9.3812
        ]
      }
    },
    {
      "type": "Feature",
      "properties": {
        "DataHora": "2022/08/30 16:50:00",
        "Satelite": "AQUA_M-T",
        "Pais": "Brasil",
        "Estado": "TOCANTINS",
        "Municipio": "CASEARA",
        "Bioma": "Cerrado",
        "DiaSemChuva": 46,
        "Precipitacao": 0.0,
        "RiscoFogo": 1.0,
        "FRP": 32.6,
        "Latitude": -9.48375,
        "Longitude": -49.71183
      },
      "geometry": {
        "type": "Point",
        "coordinates": [
          -49.71183,
          -9.48375
        ]
      }
    },
    {
      "type": "Feature",
      "properties": {
        "DataHora": "2022/08/31 17:30:00",
        "Satelite": "AQUA_M-T",
        "Pais": "Brasil",
        "Estado": "TOCANTINS",
        "Municipio": "CASEARA",
        "Bioma": "Cerrado",
        "DiaSemChuva": 42,
        "Precipitacao": 0.0,
        "RiscoFogo": 1.0,
        "FRP": 84.3,
        "Latitude": -9.34087,
        "Longitude": -49.95634
      },
      "geometry": {
        "type": "Point",
        "coordinates": [
          -49.95634,
          -9.34087
        ]
      }
    },
    {
      "type": "Feature",
      "properties": {
        "DataHora": "2022/09/01 16:35:00",
        "Satelite": "AQUA_M-T",
        "Pais": "Brasil",
        "Estado": "TOCANTINS",
        "Municipio": "CASEARA",
        "Bioma": "Cerrado",
        "DiaSemChuva": 39,
        "Precipitacao": 0.0,
        "RiscoFogo": 1.0,
        "FRP": 157.5,
        "Latitude": -9.35523,
        "Longitude": -49.89349
      },
      "geometry": {
        "type": "Point",
        "coordinates": [
          -49.89349,
          -9.35523
        ]
      }
    },
    {
      "type": "Feature",
      "properties": {
        "DataHora": "2022/09/01 16:35:00",
        "Satelite": "AQUA_M-T",
        "Pais": "Brasil",
        "Estado": "TOCANTINS",
        "Municipio": "CASEARA",
        "Bioma": "Cerrado",
        "DiaSemChuva": 38,
        "Precipitacao": 0.0,
        "RiscoFogo": 1.0,
        "FRP": 172.1,
        "Latitude": -9.35222,
        "Longitude": -49.86966
      },
      "geometry": {
        "type": "Point",
        "coordinates": [
          -49.86966,
          -9.35222
        ]
      }
    },
    {
      "type": "Feature",
      "properties": {
        "DataHora": "2022/09/01 16:35:00",
        "Satelite": "AQUA_M-T",
        "Pais": "Brasil",
        "Estado": "TOCANTINS",
        "Municipio": "CASEARA",
        "Bioma": "Cerrado",
        "DiaSemChuva": 38,
        "Precipitacao": 0.0,
        "RiscoFogo": 1.0,
        "FRP": 61.6,
        "Latitude": -9.3302,
        "Longitude": -49.92132
      },
      "geometry": {
        "type": "Point",
        "coordinates": [
          -49.92132,
          -9.3302
        ]
      }
    },
    {
      "type": "Feature",
      "properties": {
        "DataHora": "2022/09/01 16:35:00",
        "Satelite": "AQUA_M-T",
        "Pais": "Brasil",
        "Estado": "TOCANTINS",
        "Municipio": "CASEARA",
        "Bioma": "Cerrado",
        "DiaSemChuva": 38,
        "Precipitacao": 0.0,
        "RiscoFogo": 1.0,
        "FRP": 59.3,
        "Latitude": -9.32611,
        "Longitude": -49.92691
      },
      "geometry": {
        "type": "Point",
        "coordinates": [
          -49.92691,
          -9.32611
        ]
      }
    },
    {
      "type": "Feature",
      "properties": {
        "DataHora": "2022/09/01 16:35:00",
        "Satelite": "AQUA_M-T",
        "Pais": "Brasil",
        "Estado": "TOCANTINS",
        "Municipio": "CASEARA",
        "Bioma": "Cerrado",
        "DiaSemChuva": 38,
        "Precipitacao": 0.0,
        "RiscoFogo": 1.0,
        "FRP": 28.1,
        "Latitude": -9.31615,
        "Longitude": -49.92305
      },
      "geometry": {
        "type": "Point",
        "coordinates": [
          -49.92305,
          -9.31615
        ]
      }
    },
    {
      "type": "Feature",
      "properties": {
        "DataHora": "2022/09/01 16:35:00",
        "Satelite": "AQUA_M-T",
        "Pais": "Brasil",
        "Estado": "TOCANTINS",
        "Municipio": "CASEARA",
        "Bioma": "Cerrado",
        "DiaSemChuva": 39,
        "Precipitacao": 0.0,
        "RiscoFogo": 1.0,
        "FRP": 50.6,
        "Latitude": -9.37443,
        "Longitude": -49.88431
      },
      "geometry": {
        "type": "Point",
        "coordinates": [
          -49.88431,
          -9.37443
        ]
      }
    },
    {
      "type": "Feature",
      "properties": {
        "DataHora": "2022/09/01 16:35:00",
        "Satelite": "AQUA_M-T",
        "Pais": "Brasil",
        "Estado": "TOCANTINS",
        "Municipio": "CASEARA",
        "Bioma": "Cerrado",
        "DiaSemChuva": 39,
        "Precipitacao": 0.0,
        "RiscoFogo": 1.0,
        "FRP": 71.9,
        "Latitude": -9.36925,
        "Longitude": -49.89175
      },
      "geometry": {
        "type": "Point",
        "coordinates": [
          -49.89175,
          -9.36925
        ]
      }
    },
    {
      "type": "Feature",
      "properties": {
        "DataHora": "2022/09/01 16:35:00",
        "Satelite": "AQUA_M-T",
        "Pais": "Brasil",
        "Estado": "TOCANTINS",
        "Municipio": "CASEARA",
        "Bioma": "Cerrado",
        "DiaSemChuva": 39,
        "Precipitacao": 0.0,
        "RiscoFogo": 1.0,
        "FRP": 102.3,
        "Latitude": -9.36621,
        "Longitude": -49.86794
      },
      "geometry": {
        "type": "Point",
        "coordinates": [
          -49.86794,
          -9.36621
        ]
      }
    },
    {
      "type": "Feature",
      "properties": {
        "DataHora": "2022/09/03 16:22:00",
        "Satelite": "AQUA_M-T",
        "Pais": "Brasil",
        "Estado": "TOCANTINS",
        "Municipio": "CASEARA",
        "Bioma": "Cerrado",
        "DiaSemChuva": 41,
        "Precipitacao": 0.0,
        "RiscoFogo": 1.0,
        "FRP": 151.3,
        "Latitude": -9.34225,
        "Longitude": -49.94449
      },
      "geometry": {
        "type": "Point",
        "coordinates": [
          -49.94449,
          -9.34225
        ]
      }
    },
    {
      "type": "Feature",
      "properties": {
        "DataHora": "2022/09/03 16:22:00",
        "Satelite": "AQUA_M-T",
        "Pais": "Brasil",
        "Estado": "TOCANTINS",
        "Municipio": "CASEARA",
        "Bioma": "Cerrado",
        "DiaSemChuva": 40,
        "Precipitacao": 0.0,
        "RiscoFogo": 1.0,
        "FRP": 177.8,
        "Latitude": -9.34411,
        "Longitude": -49.94781
      },
      "geometry": {
        "type": "Point",
        "coordinates": [
          -49.94781,
          -9.34411
        ]
      }
    },
    {
      "type": "Feature",
      "properties": {
        "DataHora": "2022/10/02 17:22:00",
        "Satelite": "AQUA_M-T",
        "Pais": "Brasil",
        "Estado": "TOCANTINS",
        "Municipio": "CASEARA",
        "Bioma": "Cerrado",
        "DiaSemChuva": 6,
        "Precipitacao": 0.0,
        "RiscoFogo": 1.0,
        "FRP": 37.3,
        "Latitude": -9.23271,
        "Longitude": -49.84027
      },
      "geometry": {
        "type": "Point",
        "coordinates": [
          -49.84027,
          -9.23271
        ]
      }
    },
    {
      "type": "Feature",
      "properties": {
        "DataHora": "2022/10/16 17:30:00",
        "Satelite": "AQUA_M-T",
        "Pais": "Brasil",
        "Estado": "TOCANTINS",
        "Municipio": "CASEARA",
        "Bioma": "Cerrado",
        "DiaSemChuva": 0,
        "Precipitacao": 0.0,
        "RiscoFogo": 0.56,
        "FRP": 26.7,
        "Latitude": -9.12262,
        "Longitude": -49.79155
      },
      "geometry": {
        "type": "Point",
        "coordinates": [
          -49.79155,
          -9.12262
        ]
      }
    },
    {
      "type": "Feature",
      "properties": {
        "DataHora": "2022/10/20 17:05:00",
        "Satelite": "AQUA_M-T",
        "Pais": "Brasil",
        "Estado": "TOCANTINS",
        "Municipio": "CASEARA",
        "Bioma": "Cerrado",
        "DiaSemChuva": 1,
        "Precipitacao": 0.66,
        "RiscoFogo": 0.85,
        "FRP": 18.6,
        "Latitude": -9.12879,
        "Longitude": -49.8384
      },
      "geometry": {
        "type": "Point",
        "coordinates": [
          -49.8384,
          -9.12879
        ]
      }
    },
    {
      "type": "Feature",
      "properties": {
        "DataHora": "2022/10/27 17:09:00",
        "Satelite": "AQUA_M-T",
        "Pais": "Brasil",
        "Estado": "TOCANTINS",
        "Municipio": "CASEARA",
        "Bioma": "Cerrado",
        "DiaSemChuva": 0,
        "Precipitacao": 3.45,
        "RiscoFogo": 0.01,
        "FRP": 17.2,
        "Latitude": -9.12345,
        "Longitude": -49.83827
      },
      "geometry": {
        "type": "Point",
        "coordinates": [
          -49.83827,
          -9.12345
        ]
      }
    },
    {
      "type": "Feature",
      "properties": {
        "DataHora": "2022/11/08 17:28:00",
        "Satelite": "AQUA_M-T",
        "Pais": "Brasil",
        "Estado": "TOCANTINS",
        "Municipio": "CASEARA",
        "Bioma": "Cerrado",
        "DiaSemChuva": 1,
        "Precipitacao": 18.18,
        "RiscoFogo": 0.0,
        "FRP": 55.8,
        "Latitude": -9.54737,
        "Longitude": -49.95729
      },
      "geometry": {
        "type": "Point",
        "coordinates": [
          -49.95729,
          -9.54737
        ]
      }
    },
    {
      "type": "Feature",
      "properties": {
        "DataHora": "2022/11/08 17:28:00",
        "Satelite": "AQUA_M-T",
        "Pais": "Brasil",
        "Estado": "TOCANTINS",
        "Municipio": "CASEARA",
        "Bioma": "Cerrado",
        "DiaSemChuva": 1,
        "Precipitacao": 18.76,
        "RiscoFogo": 0.0,
        "FRP": 95.9,
        "Latitude": -9.55429,
        "Longitude": -49.94898
      },
      "geometry": {
        "type": "Point",
        "coordinates": [
          -49.94898,
          -9.55429
        ]
      }
    },
    {
      "type": "Feature",
      "properties": {
        "DataHora": "2022/11/10 17:15:00",
        "Satelite": "AQUA_M-T",
        "Pais": "Brasil",
        "Estado": "TOCANTINS",
        "Municipio": "CASEARA",
        "Bioma": "Cerrado",
        "DiaSemChuva": 2,
        "Precipitacao": 0.3,
        "RiscoFogo": 0.19,
        "FRP": 10.6,
        "Latitude": -9.52667,
        "Longitude": -49.96034
      },
      "geometry": {
        "type": "Point",
        "coordinates": [
          -49.96034,
          -9.52667
        ]
      }
    },
    {
      "type": "Feature",
      "properties": {
        "DataHora": "2022/11/10 17:15:00",
        "Satelite": "AQUA_M-T",
        "Pais": "Brasil",
        "Estado": "TOCANTINS",
        "Municipio": "CASEARA",
        "Bioma": "Cerrado",
        "DiaSemChuva": 1,
        "Precipitacao": 1.65,
        "RiscoFogo": 0.37,
        "FRP": 27.0,
        "Latitude": -9.29877,
        "Longitude": -49.86256
      },
      "geometry": {
        "type": "Point",
        "coordinates": [
          -49.86256,
          -9.29877
        ]
      }
    },
    {
      "type": "Feature",
      "properties": {
        "DataHora": "2022/11/16 16:37:00",
        "Satelite": "AQUA_M-T",
        "Pais": "Brasil",
        "Estado": "TOCANTINS",
        "Municipio": "CASEARA",
        "Bioma": "Cerrado",
        "DiaSemChuva": 0,
        "Precipitacao": 17.25,
        "RiscoFogo": 0.0,
        "FRP": 27.7,
        "Latitude": -9.45028,
        "Longitude": -49.79952
      },
      "geometry": {
        "type": "Point",
        "coordinates": [
          -49.79952,
          -9.45028
        ]
      }
    },
    {
      "type": "Feature",
      "properties": {
        "DataHora": "2023/01/20 16:52:00",
        "Satelite": "AQUA_M-T",
        "Pais": "Brasil",
        "Estado": "TOCANTINS",
        "Municipio": "CASEARA",
        "Bioma": "Cerrado",
        "DiaSemChuva": 0,
        "Precipitacao": 0.99,
        "RiscoFogo": 0.0,
        "FRP": 13.4,
        "Latitude": -9.56406,
        "Longitude": -49.71081
      },
      "geometry": {
        "type": "Point",
        "coordinates": [
          -49.71081,
          -9.56406
        ]
      }
    },
    {
      "type": "Feature",
      "properties": {
        "DataHora": "2023/02/10 17:00:00",
        "Satelite": "AQUA_M-T",
        "Pais": "Brasil",
        "Estado": "TOCANTINS",
        "Municipio": "CASEARA",
        "Bioma": "Cerrado",
        "DiaSemChuva": 0,
        "Precipitacao": 3.8,
        "RiscoFogo": 0.0,
        "FRP": 13.7,
        "Latitude": -9.22862,
        "Longitude": -49.83328
      },
      "geometry": {
        "type": "Point",
        "coordinates": [
          -49.83328,
          -9.22862
        ]
      }
    },
    {
      "type": "Feature",
      "properties": {
        "DataHora": "2023/02/26 16:52:00",
        "Satelite": "AQUA_M-T",
        "Pais": "Brasil",
        "Estado": "TOCANTINS",
        "Municipio": "CASEARA",
        "Bioma": "Cerrado",
        "DiaSemChuva": 1,
        "Precipitacao": 25.74,
        "RiscoFogo": 0.0,
        "FRP": 17.6,
        "Latitude": -9.50879,
        "Longitude": -49.74046
      },
      "geometry": {
        "type": "Point",
        "coordinates": [
          -49.74046,
          -9.50879
        ]
      }
    },
    {
      "type": "Feature",
      "properties": {
        "DataHora": "2023/03/05 16:52:00",
        "Satelite": "AQUA_M-T",
        "Pais": "Brasil",
        "Estado": "TOCANTINS",
        "Municipio": "CASEARA",
        "Bioma": "Cerrado",
        "DiaSemChuva": 0,
        "Precipitacao": 7.47,
        "RiscoFogo": 0.0,
        "FRP": 16.2,
        "Latitude": -9.43264,
        "Longitude": -49.76323
      },
      "geometry": {
        "type": "Point",
        "coordinates": [
          -49.76323,
          -9.43264
        ]
      }
    },
    {
      "type": "Feature",
      "properties": {
        "DataHora": "2023/03/05 16:52:00",
        "Satelite": "AQUA_M-T",
        "Pais": "Brasil",
        "Estado": "TOCANTINS",
        "Municipio": "CASEARA",
        "Bioma": "Cerrado",
        "DiaSemChuva": 0,
        "Precipitacao": 9.87,
        "RiscoFogo": 0.0,
        "FRP": 17.6,
        "Latitude": -9.32204,
        "Longitude": -49.86794
      },
      "geometry": {
        "type": "Point",
        "coordinates": [
          -49.86794,
          -9.32204
        ]
      }
    },
    {
      "type": "Feature",
      "properties": {
        "DataHora": "2023/03/05 16:52:00",
        "Satelite": "AQUA_M-T",
        "Pais": "Brasil",
        "Estado": "TOCANTINS",
        "Municipio": "CASEARA",
        "Bioma": "Cerrado",
        "DiaSemChuva": 0,
        "Precipitacao": 8.7,
        "RiscoFogo": 0.0,
        "FRP": 16.5,
        "Latitude": -9.46903,
        "Longitude": -49.78617
      },
      "geometry": {
        "type": "Point",
        "coordinates": [
          -49.78617,
          -9.46903
        ]
      }
    },
    {
      "type": "Feature",
      "properties": {
        "DataHora": "2023/03/05 16:52:00",
        "Satelite": "AQUA_M-T",
        "Pais": "Brasil",
        "Estado": "TOCANTINS",
        "Municipio": "CASEARA",
        "Bioma": "Cerrado",
        "DiaSemChuva": 0,
        "Precipitacao": 9.42,
        "RiscoFogo": 0.0,
        "FRP": 19.2,
        "Latitude": -9.4709,
        "Longitude": -49.79996
      },
      "geometry": {
        "type": "Point",
        "coordinates": [
          -49.79996,
          -9.4709
        ]
      }
    },
    {
      "type": "Feature",
      "properties": {
        "DataHora": "2023/03/05 16:52:00",
        "Satelite": "AQUA_M-T",
        "Pais": "Brasil",
        "Estado": "TOCANTINS",
        "Municipio": "CASEARA",
        "Bioma": "Cerrado",
        "DiaSemChuva": 0,
        "Precipitacao": 14.84,
        "RiscoFogo": 0.0,
        "FRP": 20.6,
        "Latitude": -9.52408,
        "Longitude": -49.8424
      },
      "geometry": {
        "type": "Point",
        "coordinates": [
          -49.8424,
          -9.52408
        ]
      }
    },
    {
      "type": "Feature",
      "properties": {
        "DataHora": "2023/04/28 17:11:00",
        "Satelite": "AQUA_M-T",
        "Pais": "Brasil",
        "Estado": "TOCANTINS",
        "Municipio": "CASEARA",
        "Bioma": "Cerrado",
        "DiaSemChuva": 5,
        "Precipitacao": 0.1,
        "RiscoFogo": 0.01,
        "FRP": 6.3,
        "Latitude": -9.40111,
        "Longitude": -49.79701
      },
      "geometry": {
        "type": "Point",
        "coordinates": [
          -49.79701,
          -9.40111
        ]
      }
    },
    {
      "type": "Feature",
      "properties": {
        "DataHora": "2023/04/28 17:11:00",
        "Satelite": "AQUA_M-T",
        "Pais": "Brasil",
        "Estado": "TOCANTINS",
        "Municipio": "CASEARA",
        "Bioma": "Cerrado",
        "DiaSemChuva": 4,
        "Precipitacao": 0.78,
        "RiscoFogo": 0.0,
        "FRP": 5.4,
        "Latitude": -9.40278,
        "Longitude": -49.9346
      },
      "geometry": {
        "type": "Point",
        "coordinates": [
          -49.9346,
          -9.40278
        ]
      }
    },
    {
      "type": "Feature",
      "properties": {
        "DataHora": "2023/05/29 17:39:00",
        "Satelite": "AQUA_M-T",
        "Pais": "Brasil",
        "Estado": "TOCANTINS",
        "Municipio": "CASEARA",
        "Bioma": "Cerrado",
        "DiaSemChuva": 12,
        "Precipitacao": 0.0,
        "RiscoFogo": 0.4,
        "FRP": 31.5,
        "Latitude": -9.26985,
        "Longitude": -49.93257
      },
      "geometry": {
        "type": "Point",
        "coordinates": [
          -49.93257,
          -9.26985
        ]
      }
    },
    {
      "type": "Feature",
      "properties": {
        "DataHora": "2023/05/31 17:24:00",
        "Satelite": "AQUA_M-T",
        "Pais": "Brasil",
        "Estado": "TOCANTINS",
        "Municipio": "CASEARA",
        "Bioma": "Cerrado",
        "DiaSemChuva": 0,
        "Precipitacao": 0.4,
        "RiscoFogo": 0.09,
        "FRP": 23.9,
        "Latitude": -9.4146,
        "Longitude": -49.9352
      },
      "geometry": {
        "type": "Point",
        "coordinates": [
          -49.9352,
          -9.4146
        ]
      }
    },
    {
      "type": "Feature",
      "properties": {
        "DataHora": "2023/06/14 17:24:00",
        "Satelite": "AQUA_M-T",
        "Pais": "Brasil",
        "Estado": "TOCANTINS",
        "Municipio": "CASEARA",
        "Bioma": "Cerrado",
        "DiaSemChuva": 15,
        "Precipitacao": 0.1,
        "RiscoFogo": 0.39,
        "FRP": 12.3,
        "Latitude": -9.11904,
        "Longitude": -49.84736
      },
      "geometry": {
        "type": "Point",
        "coordinates": [
          -49.84736,
          -9.11904
        ]
      }
    },
    {
      "type": "Feature",
      "properties": {
        "DataHora": "2023/06/14 17:24:00",
        "Satelite": "AQUA_M-T",
        "Pais": "Brasil",
        "Estado": "TOCANTINS",
        "Municipio": "CASEARA",
        "Bioma": "Cerrado",
        "DiaSemChuva": 14,
        "Precipitacao": 0.1,
        "RiscoFogo": 0.39,
        "FRP": 19.6,
        "Latitude": -9.11737,
        "Longitude": -49.83659
      },
      "geometry": {
        "type": "Point",
        "coordinates": [
          -49.83659,
          -9.11737
        ]
      }
    },
    {
      "type": "Feature",
      "properties": {
        "DataHora": "2023/07/26 17:20:00",
        "Satelite": "AQUA_M-T",
        "Pais": "Brasil",
        "Estado": "TOCANTINS",
        "Municipio": "CASEARA",
        "Bioma": "Cerrado",
        "DiaSemChuva": 52,
        "Precipitacao": 0.0,
        "RiscoFogo": 0.98,
        "FRP": 10.2,
        "Latitude": -9.33252,
        "Longitude": -49.82954
      },
      "geometry": {
        "type": "Point",
        "coordinates": [
          -49.82954,
          -9.33252
        ]
      }
    },
    {
      "type": "Feature",
      "properties": {
        "DataHora": "2023/09/14 17:49:00",
        "Satelite": "AQUA_M-T",
        "Pais": "Brasil",
        "Estado": "TOCANTINS",
        "Municipio": "CASEARA",
        "Bioma": "Cerrado",
        "DiaSemChuva": 9,
        "Precipitacao": 0.0,
        "RiscoFogo": 1.0,
        "FRP": 61.2,
        "Latitude": -9.29163,
        "Longitude": -49.94392
      },
      "geometry": {
        "type": "Point",
        "coordinates": [
          -49.94392,
          -9.29163
        ]
      }
    },
    {
      "type": "Feature",
      "properties": {
        "DataHora": "2023/11/13 16:54:00",
        "Satelite": "AQUA_M-T",
        "Pais": "Brasil",
        "Estado": "TOCANTINS",
        "Municipio": "CASEARA",
        "Bioma": "Cerrado",
        "DiaSemChuva": 2,
        "Precipitacao": 0.0,
        "RiscoFogo": 0.27,
        "FRP": 22.0,
        "Latitude": -9.18477,
        "Longitude": -49.82666
      },
      "geometry": {
        "type": "Point",
        "coordinates": [
          -49.82666,
          -9.18477
        ]
      }
    },
    {
      "type": "Feature",
      "properties": {
        "DataHora": "2023/12/10 17:34:00",
        "Satelite": "AQUA_M-T",
        "Pais": "Brasil",
        "Estado": "TOCANTINS",
        "Municipio": "CASEARA",
        "Bioma": "Cerrado",
        "DiaSemChuva": 0,
        "Precipitacao": 45.26,
        "RiscoFogo": 0.0,
        "FRP": 13.6,
        "Latitude": -9.4897,
        "Longitude": -49.7251
      },
      "geometry": {
        "type": "Point",
        "coordinates": [
          -49.7251,
          -9.4897
        ]
      }
    },
    {
      "type": "Feature",
      "properties": {
        "DataHora": "2023/12/17 17:32:00",
        "Satelite": "AQUA_M-T",
        "Pais": "Brasil",
        "Estado": "TOCANTINS",
        "Municipio": "CASEARA",
        "Bioma": "Cerrado",
        "DiaSemChuva": 2,
        "Precipitacao": 0.2,
        "RiscoFogo": 0.03,
        "FRP": 7.7,
        "Latitude": -9.46555,
        "Longitude": -49.85216
      },
      "geometry": {
        "type": "Point",
        "coordinates": [
          -49.85216,
          -9.46555
        ]
      }
    },
    {
      "type": "Feature",
      "properties": {
        "DataHora": "2023/12/17 17:32:00",
        "Satelite": "AQUA_M-T",
        "Pais": "Brasil",
        "Estado": "TOCANTINS",
        "Municipio": "CASEARA",
        "Bioma": "Cerrado",
        "DiaSemChuva": 2,
        "Precipitacao": 1.88,
        "RiscoFogo": 0.02,
        "FRP": 8.9,
        "Latitude": -9.34031,
        "Longitude": -49.86355
      },
      "geometry": {
        "type": "Point",
        "coordinates": [
          -49.86355,
          -9.34031
        ]
      }
    },
    {
      "type": "Feature",
      "properties": {
        "DataHora": "2023/12/21 17:00:00",
        "Satelite": "AQUA_M-T",
        "Pais": "Brasil",
        "Estado": "TOCANTINS",
        "Municipio": "CASEARA",
        "Bioma": "Cerrado",
        "DiaSemChuva": 0,
        "Precipitacao": 0.1,
        "RiscoFogo": 0.0,
        "FRP": 11.1,
        "Latitude": -9.47046,
        "Longitude": -49.85282
      },
      "geometry": {
        "type": "Point",
        "coordinates": [
          -49.85282,
          -9.47046
        ]
      }
    },
    {
      "type": "Feature",
      "properties": {
        "DataHora": "2023/12/21 17:00:00",
        "Satelite": "AQUA_M-T",
        "Pais": "Brasil",
        "Estado": "TOCANTINS",
        "Municipio": "CASEARA",
        "Bioma": "Cerrado",
        "DiaSemChuva": 0,
        "Precipitacao": 0.1,
        "RiscoFogo": 0.01,
        "FRP": 13.5,
        "Latitude": -9.47468,
        "Longitude": -49.84534
      },
      "geometry": {
        "type": "Point",
        "coordinates": [
          -49.84534,
          -9.47468
        ]
      }
    },
    {
      "type": "Feature",
      "properties": {
        "DataHora": "2023/12/21 17:00:00",
        "Satelite": "AQUA_M-T",
        "Pais": "Brasil",
        "Estado": "TOCANTINS",
        "Municipio": "CASEARA",
        "Bioma": "Cerrado",
        "DiaSemChuva": 0,
        "Precipitacao": 0.1,
        "RiscoFogo": 0.0,
        "FRP": 11.0,
        "Latitude": -9.46812,
        "Longitude": -49.8353
      },
      "geometry": {
        "type": "Point",
        "coordinates": [
          -49.8353,
          -9.46812
        ]
      }
    },
    {
      "type": "Feature",
      "properties": {
        "DataHora": "2024/01/07 17:17:00",
        "Satelite": "AQUA_M-T",
        "Pais": "Brasil",
        "Estado": "TOCANTINS",
        "Municipio": "CASEARA",
        "Bioma": "Cerrado",
        "DiaSemChuva": 0,
        "Precipitacao": 1.41,
        "RiscoFogo": 0.0,
        "FRP": 7.8,
        "Latitude": -9.46399,
        "Longitude": -49.84027
      },
      "geometry": {
        "type": "Point",
        "coordinates": [
          -49.84027,
          -9.46399
        ]
      }
    },
    {
      "type": "Feature",
      "properties": {
        "DataHora": "2024/01/21 17:06:00",
        "Satelite": "AQUA_M-T",
        "Pais": "Brasil",
        "Estado": "TOCANTINS",
        "Municipio": "CASEARA",
        "Bioma": "Cerrado",
        "DiaSemChuva": 2,
        "Precipitacao": 0.13,
        "RiscoFogo": 0.0,
        "FRP": 8.8,
        "Latitude": -9.30234,
        "Longitude": -49.93963
      },
      "geometry": {
        "type": "Point",
        "coordinates": [
          -49.93963,
          -9.30234
        ]
      }
    },
    {
      "type": "Feature",
      "properties": {
        "DataHora": "2024/02/07 17:21:00",
        "Satelite": "AQUA_M-T",
        "Pais": "Brasil",
        "Estado": "TOCANTINS",
        "Municipio": "CASEARA",
        "Bioma": "Cerrado",
        "DiaSemChuva": 1,
        "Precipitacao": 1.95,
        "RiscoFogo": 0.0,
        "FRP": 7.7,
        "Latitude": -9.48411,
        "Longitude": -49.8469
      },
      "geometry": {
        "type": "Point",
        "coordinates": [
          -49.8469,
          -9.48411
        ]
      }
    },
    {
      "type": "Feature",
      "properties": {
        "DataHora": "2024/03/01 16:47:00",
        "Satelite": "AQUA_M-T",
        "Pais": "Brasil",
        "Estado": "TOCANTINS",
        "Municipio": "CASEARA",
        "Bioma": "Cerrado",
        "DiaSemChuva": 0,
        "Precipitacao": 4.95,
        "RiscoFogo": 0.0,
        "FRP": 48.0,
        "Latitude": -9.43909,
        "Longitude": -49.84846
      },
      "geometry": {
        "type": "Point",
        "coordinates": [
          -49.84846,
          -9.43909
        ]
      }
    },
    {
      "type": "Feature",
      "properties": {
        "DataHora": "2024/03/02 17:28:00",
        "Satelite": "AQUA_M-T",
        "Pais": "Brasil",
        "Estado": "TOCANTINS",
        "Municipio": "CASEARA",
        "Bioma": "Cerrado",
        "DiaSemChuva": 0,
        "Precipitacao": 3.26,
        "RiscoFogo": 0.0,
        "FRP": 10.2,
        "Latitude": -9.4848,
        "Longitude": -49.74445
      },
      "geometry": {
        "type": "Point",
        "coordinates": [
          -49.74445,
          -9.4848
        ]
      }
    },
    {
      "type": "Feature",
      "properties": {
        "DataHora": "2024/03/04 17:11:00",
        "Satelite": "AQUA_M-T",
        "Pais": "Brasil",
        "Estado": "TOCANTINS",
        "Municipio": "CASEARA",
        "Bioma": "Cerrado",
        "DiaSemChuva": 0,
        "Precipitacao": 20.27,
        "RiscoFogo": 0.0,
        "FRP": 11.0,
        "Latitude": -9.62305,
        "Longitude": -49.80836
      },
      "geometry": {
        "type": "Point",
        "coordinates": [
          -49.80836,
          -9.62305
        ]
      }
    },
    {
      "type": "Feature",
      "properties": {
        "DataHora": "2024/03/04 17:11:00",
        "Satelite": "AQUA_M-T",
        "Pais": "Brasil",
        "Estado": "TOCANTINS",
        "Municipio": "CASEARA",
        "Bioma": "Cerrado",
        "DiaSemChuva": 0,
        "Precipitacao": 15.2,
        "RiscoFogo": 0.0,
        "FRP": 11.2,
        "Latitude": -9.54731,
        "Longitude": -49.85149
      },
      "geometry": {
        "type": "Point",
        "coordinates": [
          -49.85149,
          -9.54731
        ]
      }
    },
    {
      "type": "Feature",
      "properties": {
        "DataHora": "2024/03/06 16:56:00",
        "Satelite": "AQUA_M-T",
        "Pais": "Brasil",
        "Estado": "TOCANTINS",
        "Municipio": "CASEARA",
        "Bioma": "Cerrado",
        "DiaSemChuva": 0,
        "Precipitacao": 9.28,
        "RiscoFogo": 0.0,
        "FRP": 34.8,
        "Latitude": -9.64454,
        "Longitude": -49.94053
      },
      "geometry": {
        "type": "Point",
        "coordinates": [
          -49.94053,
          -9.64454
        ]
      }
    },
    {
      "type": "Feature",
      "properties": {
        "DataHora": "2024/03/06 16:56:00",
        "Satelite": "AQUA_M-T",
        "Pais": "Brasil",
        "Estado": "TOCANTINS",
        "Municipio": "CASEARA",
        "Bioma": "Cerrado",
        "DiaSemChuva": 0,
        "Precipitacao": 9.21,
        "RiscoFogo": 0.0,
        "FRP": 40.7,
        "Latitude": -9.64281,
        "Longitude": -49.94772
      },
      "geometry": {
        "type": "Point",
        "coordinates": [
          -49.94772,
          -9.64281
        ]
      }
    },
    {
      "type": "Feature",
      "properties": {
        "DataHora": "2024/03/17 17:56:00",
        "Satelite": "AQUA_M-T",
        "Pais": "Brasil",
        "Estado": "TOCANTINS",
        "Municipio": "CASEARA",
        "Bioma": "Cerrado",
        "DiaSemChuva": 0,
        "Precipitacao": 0.0,
        "RiscoFogo": 0.0,
        "FRP": 28.4,
        "Latitude": -9.52778,
        "Longitude": -49.73052
      },
      "geometry": {
        "type": "Point",
        "coordinates": [
          -49.73052,
          -9.52778
        ]
      }
    },
    {
      "type": "Feature",
      "properties": {
        "DataHora": "2024/04/02 17:26:00",
        "Satelite": "AQUA_M-T",
        "Pais": "Brasil",
        "Estado": "TOCANTINS",
        "Municipio": "CASEARA",
        "Bioma": "Cerrado",
        "DiaSemChuva": 0,
        "Precipitacao": 0.9,
        "RiscoFogo": 0.0,
        "FRP": 10.6,
        "Latitude": -9.39362,
        "Longitude": -49.80313
      },
      "geometry": {
        "type": "Point",
        "coordinates": [
          -49.80313,
          -9.39362
        ]
      }
    },
    {
      "type": "Feature",
      "properties": {
        "DataHora": "2024/05/03 17:22:00",
        "Satelite": "AQUA_M-T",
        "Pais": "Brasil",
        "Estado": "TOCANTINS",
        "Municipio": "CASEARA",
        "Bioma": "Cerrado",
        "DiaSemChuva": 5,
        "Precipitacao": 0.0,
        "RiscoFogo": 0.1,
        "FRP": 13.0,
        "Latitude": -9.37119,
        "Longitude": -49.91982
      },
      "geometry": {
        "type": "Point",
        "coordinates": [
          -49.91982,
          -9.37119
        ]
      }
    },
    {
      "type": "Feature",
      "properties": {
        "DataHora": "2024/05/13 17:37:00",
        "Satelite": "AQUA_M-T",
        "Pais": "Brasil",
        "Estado": "TOCANTINS",
        "Municipio": "CASEARA",
        "Bioma": "Cerrado",
        "DiaSemChuva": 15,
        "Precipitacao": 0.0,
        "RiscoFogo": 0.19,
        "FRP": 12.4,
        "Latitude": -9.39137,
        "Longitude": -49.93635
      },
      "geometry": {
        "type": "Point",
        "coordinates": [
          -49.93635,
          -9.39137
        ]
      }
    },
    {
      "type": "Feature",
      "properties": {
        "DataHora": "2024/05/23 17:52:00",
        "Satelite": "AQUA_M-T",
        "Pais": "Brasil",
        "Estado": "TOCANTINS",
        "Municipio": "CASEARA",
        "Bioma": "Cerrado",
        "DiaSemChuva": 12,
        "Precipitacao": 0.0,
        "RiscoFogo": 0.87,
        "FRP": 18.8,
        "Latitude": -9.37407,
        "Longitude": -49.91204
      },
      "geometry": {
        "type": "Point",
        "coordinates": [
          -49.91204,
          -9.37407
        ]
      }
    },
    {
      "type": "Feature",
      "properties": {
        "DataHora": "2024/06/05 16:54:00",
        "Satelite": "AQUA_M-T",
        "Pais": "Brasil",
        "Estado": "TOCANTINS",
        "Municipio": "CASEARA",
        "Bioma": "Cerrado",
        "DiaSemChuva": 20,
        "Precipitacao": 0.0,
        "RiscoFogo": 0.58,
        "FRP": 92.7,
        "Latitude": -9.5925,
        "Longitude": -49.98989
      },
      "geometry": {
        "type": "Point",
        "coordinates": [
          -49.98989,
          -9.5925
        ]
      }
    },
    {
      "type": "Feature",
      "properties": {
        "DataHora": "2024/06/08 17:20:00",
        "Satelite": "AQUA_M-T",
        "Pais": "Brasil",
        "Estado": "TOCANTINS",
        "Municipio": "CASEARA",
        "Bioma": "Cerrado",
        "DiaSemChuva": 23,
        "Precipitacao": 0.0,
        "RiscoFogo": 1.0,
        "FRP": 22.8,
        "Latitude": -9.64811,
        "Longitude": -49.89757
      },
      "geometry": {
        "type": "Point",
        "coordinates": [
          -49.89757,
          -9.64811
        ]
      }
    },
    {
      "type": "Feature",
      "properties": {
        "DataHora": "2024/06/08 17:20:00",
        "Satelite": "AQUA_M-T",
        "Pais": "Brasil",
        "Estado": "TOCANTINS",
        "Municipio": "CASEARA",
        "Bioma": "Cerrado",
        "DiaSemChuva": 23,
        "Precipitacao": 0.0,
        "RiscoFogo": 0.97,
        "FRP": 19.1,
        "Latitude": -9.41749,
        "Longitude": -49.95511
      },
      "geometry": {
        "type": "Point",
        "coordinates": [
          -49.95511,
          -9.41749
        ]
      }
    },
    {
      "type": "Feature",
      "properties": {
        "DataHora": "2024/06/08 17:20:00",
        "Satelite": "AQUA_M-T",
        "Pais": "Brasil",
        "Estado": "TOCANTINS",
        "Municipio": "CASEARA",
        "Bioma": "Cerrado",
        "DiaSemChuva": 23,
        "Precipitacao": 0.0,
        "RiscoFogo": 0.77,
        "FRP": 29.5,
        "Latitude": -9.4157,
        "Longitude": -49.94163
      },
      "geometry": {
        "type": "Point",
        "coordinates": [
          -49.94163,
          -9.4157
        ]
      }
    },
    {
      "type": "Feature",
      "properties": {
        "DataHora": "2024/06/18 17:32:00",
        "Satelite": "AQUA_M-T",
        "Pais": "Brasil",
        "Estado": "TOCANTINS",
        "Municipio": "CASEARA",
        "Bioma": "Cerrado",
        "DiaSemChuva": 34,
        "Precipitacao": 0.0,
        "RiscoFogo": 0.98,
        "FRP": 14.9,
        "Latitude": -9.39807,
        "Longitude": -49.93223
      },
      "geometry": {
        "type": "Point",
        "coordinates": [
          -49.93223,
          -9.39807
        ]
      }
    },
    {
      "type": "Feature",
      "properties": {
        "DataHora": "2024/06/30 17:30:00",
        "Satelite": "AQUA_M-T",
        "Pais": "Brasil",
        "Estado": "TOCANTINS",
        "Municipio": "CASEARA",
        "Bioma": "Cerrado",
        "DiaSemChuva": 45,
        "Precipitacao": 0.0,
        "RiscoFogo": 1.0,
        "FRP": 20.5,
        "Latitude": -9.53631,
        "Longitude": -49.97482
      },
      "geometry": {
        "type": "Point",
        "coordinates": [
          -49.97482,
          -9.53631
        ]
      }
    },
    {
      "type": "Feature",
      "properties": {
        "DataHora": "2024/06/30 17:30:00",
        "Satelite": "AQUA_M-T",
        "Pais": "Brasil",
        "Estado": "TOCANTINS",
        "Municipio": "CASEARA",
        "Bioma": "Cerrado",
        "DiaSemChuva": 45,
        "Precipitacao": 0.0,
        "RiscoFogo": 1.0,
        "FRP": 37.5,
        "Latitude": -9.52713,
        "Longitude": -49.97615
      },
      "geometry": {
        "type": "Point",
        "coordinates": [
          -49.97615,
          -9.52713
        ]
      }
    },
    {
      "type": "Feature",
      "properties": {
        "DataHora": "2024/06/30 17:30:00",
        "Satelite": "AQUA_M-T",
        "Pais": "Brasil",
        "Estado": "TOCANTINS",
        "Municipio": "CASEARA",
        "Bioma": "Cerrado",
        "DiaSemChuva": 45,
        "Precipitacao": 0.0,
        "RiscoFogo": 1.0,
        "FRP": 42.2,
        "Latitude": -9.52577,
        "Longitude": -49.96653
      },
      "geometry": {
        "type": "Point",
        "coordinates": [
          -49.96653,
          -9.52577
        ]
      }
    },
    {
      "type": "Feature",
      "properties": {
        "DataHora": "2024/06/30 17:30:00",
        "Satelite": "AQUA_M-T",
        "Pais": "Brasil",
        "Estado": "TOCANTINS",
        "Municipio": "CASEARA",
        "Bioma": "Cerrado",
        "DiaSemChuva": 45,
        "Precipitacao": 0.0,
        "RiscoFogo": 1.0,
        "FRP": 14.3,
        "Latitude": -9.5455,
        "Longitude": -49.97351
      },
      "geometry": {
        "type": "Point",
        "coordinates": [
          -49.97351,
          -9.5455
        ]
      }
    },
    {
      "type": "Feature",
      "properties": {
        "DataHora": "2024/07/05 17:37:00",
        "Satelite": "AQUA_M-T",
        "Pais": "Brasil",
        "Estado": "TOCANTINS",
        "Municipio": "CASEARA",
        "Bioma": "Cerrado",
        "DiaSemChuva": 50,
        "Precipitacao": 0.0,
        "RiscoFogo": 1.0,
        "FRP": 8.2,
        "Latitude": -9.10075,
        "Longitude": -49.84433
      },
      "geometry": {
        "type": "Point",
        "coordinates": [
          -49.84433,
          -9.10075
        ]
      }
    },
    {
      "type": "Feature",
      "properties": {
        "DataHora": "2024/08/03 17:37:00",
        "Satelite": "AQUA_M-T",
        "Pais": "Brasil",
        "Estado": "TOCANTINS",
        "Municipio": "CASEARA",
        "Bioma": "Cerrado",
        "DiaSemChuva": 79,
        "Precipitacao": 0.0,
        "RiscoFogo": 1.0,
        "FRP": 21.8,
        "Latitude": -9.31761,
        "Longitude": -49.94369
      },
      "geometry": {
        "type": "Point",
        "coordinates": [
          -49.94369,
          -9.31761
        ]
      }
    },
    {
      "type": "Feature",
      "properties": {
        "DataHora": "2024/08/03 17:37:00",
        "Satelite": "AQUA_M-T",
        "Pais": "Brasil",
        "Estado": "TOCANTINS",
        "Municipio": "CASEARA",
        "Bioma": "Cerrado",
        "DiaSemChuva": 80,
        "Precipitacao": 0.0,
        "RiscoFogo": 1.0,
        "FRP": 44.1,
        "Latitude": -9.31632,
        "Longitude": -49.93468
      },
      "geometry": {
        "type": "Point",
        "coordinates": [
          -49.93468,
          -9.31632
        ]
      }
    },
    {
      "type": "Feature",
      "properties": {
        "DataHora": "2024/09/04 17:54:00",
        "Satelite": "AQUA_M-T",
        "Pais": "Brasil",
        "Estado": "TOCANTINS",
        "Municipio": "CASEARA",
        "Bioma": "Cerrado",
        "DiaSemChuva": 111,
        "Precipitacao": 0.0,
        "RiscoFogo": 1.0,
        "FRP": 103.6,
        "Latitude": -9.56407,
        "Longitude": -49.90131
      },
      "geometry": {
        "type": "Point",
        "coordinates": [
          -49.90131,
          -9.56407
        ]
      }
    },
    {
      "type": "Feature",
      "properties": {
        "DataHora": "2024/09/04 17:54:00",
        "Satelite": "AQUA_M-T",
        "Pais": "Brasil",
        "Estado": "TOCANTINS",
        "Municipio": "CASEARA",
        "Bioma": "Cerrado",
        "DiaSemChuva": 111,
        "Precipitacao": 0.0,
        "RiscoFogo": 1.0,
        "FRP": 33.0,
        "Latitude": -9.555,
        "Longitude": -49.96811
      },
      "geometry": {
        "type": "Point",
        "coordinates": [
          -49.96811,
          -9.555
        ]
      }
    },
    {
      "type": "Feature",
      "properties": {
        "DataHora": "2024/09/04 17:54:00",
        "Satelite": "AQUA_M-T",
        "Pais": "Brasil",
        "Estado": "TOCANTINS",
        "Municipio": "CASEARA",
        "Bioma": "Cerrado",
        "DiaSemChuva": 111,
        "Precipitacao": 0.0,
        "RiscoFogo": 1.0,
        "FRP": 53.6,
        "Latitude": -9.56592,
        "Longitude": -49.91297
      },
      "geometry": {
        "type": "Point",
        "coordinates": [
          -49.91297,
          -9.56592
        ]
      }
    },
    {
      "type": "Feature",
      "properties": {
        "DataHora": "2024/09/04 17:54:00",
        "Satelite": "AQUA_M-T",
        "Pais": "Brasil",
        "Estado": "TOCANTINS",
        "Municipio": "CASEARA",
        "Bioma": "Cerrado",
        "DiaSemChuva": 111,
        "Precipitacao": 0.0,
        "RiscoFogo": 1.0,
        "FRP": 9.3,
        "Latitude": -9.55322,
        "Longitude": -49.95647
      },
      "geometry": {
        "type": "Point",
        "coordinates": [
          -49.95647,
          -9.55322
        ]
      }
    },
    {
      "type": "Feature",
      "properties": {
        "DataHora": "2024/09/06 17:37:00",
        "Satelite": "AQUA_M-T",
        "Pais": "Brasil",
        "Estado": "TOCANTINS",
        "Municipio": "CASEARA",
        "Bioma": "Cerrado",
        "DiaSemChuva": 113,
        "Precipitacao": 0.0,
        "RiscoFogo": 1.0,
        "FRP": 14.2,
        "Latitude": -9.53718,
        "Longitude": -49.95061
      },
      "geometry": {
        "type": "Point",
        "coordinates": [
          -49.95061,
          -9.53718
        ]
      }
    },
    {
      "type": "Feature",
      "properties": {
        "DataHora": "2024/09/06 17:37:00",
        "Satelite": "AQUA_M-T",
        "Pais": "Brasil",
        "Estado": "TOCANTINS",
        "Municipio": "CASEARA",
        "Bioma": "Cerrado",
        "DiaSemChuva": 113,
        "Precipitacao": 0.0,
        "RiscoFogo": 1.0,
        "FRP": 42.2,
        "Latitude": -9.54246,
        "Longitude": -49.98772
      },
      "geometry": {
        "type": "Point",
        "coordinates": [
          -49.98772,
          -9.54246
        ]
      }
    },
    {
      "type": "Feature",
      "properties": {
        "DataHora": "2024/09/06 17:37:00",
        "Satelite": "AQUA_M-T",
        "Pais": "Brasil",
        "Estado": "TOCANTINS",
        "Municipio": "CASEARA",
        "Bioma": "Cerrado",
        "DiaSemChuva": 113,
        "Precipitacao": 0.0,
        "RiscoFogo": 1.0,
        "FRP": 54.0,
        "Latitude": -9.5462,
        "Longitude": -49.9493
      },
      "geometry": {
        "type": "Point",
        "coordinates": [
          -49.9493,
          -9.5462
        ]
      }
    },
    {
      "type": "Feature",
      "properties": {
        "DataHora": "2024/09/07 18:17:00",
        "Satelite": "AQUA_M-T",
        "Pais": "Brasil",
        "Estado": "TOCANTINS",
        "Municipio": "CASEARA",
        "Bioma": "Cerrado",
        "DiaSemChuva": 114,
        "Precipitacao": 0.0,
        "RiscoFogo": 1.0,
        "FRP": 50.3,
        "Latitude": -9.56804,
        "Longitude": -49.9834
      },
      "geometry": {
        "type": "Point",
        "coordinates": [
          -49.9834,
          -9.56804
        ]
      }
    },
    {
      "type": "Feature",
      "properties": {
        "DataHora": "2024/09/11 17:41:00",
        "Satelite": "AQUA_M-T",
        "Pais": "Brasil",
        "Estado": "TOCANTINS",
        "Municipio": "CASEARA",
        "Bioma": "Cerrado",
        "DiaSemChuva": 118,
        "Precipitacao": 0.0,
        "RiscoFogo": 1.0,
        "FRP": 20.4,
        "Latitude": -9.66583,
        "Longitude": -49.95405
      },
      "geometry": {
        "type": "Point",
        "coordinates": [
          -49.95405,
          -9.66583
        ]
      }
    },
    {
      "type": "Feature",
      "properties": {
        "DataHora": "2024/09/11 17:41:00",
        "Satelite": "AQUA_M-T",
        "Pais": "Brasil",
        "Estado": "TOCANTINS",
        "Municipio": "CASEARA",
        "Bioma": "Cerrado",
        "DiaSemChuva": 118,
        "Precipitacao": 0.0,
        "RiscoFogo": 1.0,
        "FRP": 44.5,
        "Latitude": -9.59757,
        "Longitude": -49.99818
      },
      "geometry": {
        "type": "Point",
        "coordinates": [
          -49.99818,
          -9.59757
        ]
      }
    },
    {
      "type": "Feature",
      "properties": {
        "DataHora": "2024/09/11 17:41:00",
        "Satelite": "AQUA_M-T",
        "Pais": "Brasil",
        "Estado": "TOCANTINS",
        "Municipio": "CASEARA",
        "Bioma": "Cerrado",
        "DiaSemChuva": 118,
        "Precipitacao": 0.0,
        "RiscoFogo": 1.0,
        "FRP": 68.5,
        "Latitude": -9.66843,
        "Longitude": -49.97192
      },
      "geometry": {
        "type": "Point",
        "coordinates": [
          -49.97192,
          -9.66843
        ]
      }
    },
    {
      "type": "Feature",
      "properties": {
        "DataHora": "2024/09/11 17:41:00",
        "Satelite": "AQUA_M-T",
        "Pais": "Brasil",
        "Estado": "TOCANTINS",
        "Municipio": "CASEARA",
        "Bioma": "Cerrado",
        "DiaSemChuva": 118,
        "Precipitacao": 0.0,
        "RiscoFogo": 1.0,
        "FRP": 41.9,
        "Latitude": -9.66713,
        "Longitude": -49.96299
      },
      "geometry": {
        "type": "Point",
        "coordinates": [
          -49.96299,
          -9.66713
        ]
      }
    },
    {
      "type": "Feature",
      "properties": {
        "DataHora": "2024/09/13 17:24:00",
        "Satelite": "AQUA_M-T",
        "Pais": "Brasil",
        "Estado": "TOCANTINS",
        "Municipio": "CASEARA",
        "Bioma": "Cerrado",
        "DiaSemChuva": 120,
        "Precipitacao": 0.0,
        "RiscoFogo": 1.0,
        "FRP": 14.0,
        "Latitude": -9.62438,
        "Longitude": -49.98774
      },
      "geometry": {
        "type": "Point",
        "coordinates": [
          -49.98774,
          -9.62438
        ]
      }
    },
    {
      "type": "Feature",
      "properties": {
        "DataHora": "2024/09/14 18:04:00",
        "Satelite": "AQUA_M-T",
        "Pais": "Brasil",
        "Estado": "TOCANTINS",
        "Municipio": "CASEARA",
        "Bioma": "Cerrado",
        "DiaSemChuva": 31,
        "Precipitacao": 0.0,
        "RiscoFogo": 1.0,
        "FRP": 19.1,
        "Latitude": -9.18083,
        "Longitude": -49.73895
      },
      "geometry": {
        "type": "Point",
        "coordinates": [
          -49.73895,
          -9.18083
        ]
      }
    },
    {
      "type": "Feature",
      "properties": {
        "DataHora": "2024/09/14 18:04:00",
        "Satelite": "AQUA_M-T",
        "Pais": "Brasil",
        "Estado": "TOCANTINS",
        "Municipio": "CASEARA",
        "Bioma": "Cerrado",
        "DiaSemChuva": 31,
        "Precipitacao": 0.0,
        "RiscoFogo": 1.0,
        "FRP": 40.9,
        "Latitude": -9.17353,
        "Longitude": -49.75344
      },
      "geometry": {
        "type": "Point",
        "coordinates": [
          -49.75344,
          -9.17353
        ]
      }
    },
    {
      "type": "Feature",
      "properties": {
        "DataHora": "2024/09/14 18:04:00",
        "Satelite": "AQUA_M-T",
        "Pais": "Brasil",
        "Estado": "TOCANTINS",
        "Municipio": "CASEARA",
        "Bioma": "Cerrado",
        "DiaSemChuva": 120,
        "Precipitacao": 0.0,
        "RiscoFogo": 1.0,
        "FRP": 37.5,
        "Latitude": -9.50519,
        "Longitude": -50.00189
      },
      "geometry": {
        "type": "Point",
        "coordinates": [
          -50.00189,
          -9.50519
        ]
      }
    },
    {
      "type": "Feature",
      "properties": {
        "DataHora": "2024/09/14 18:04:00",
        "Satelite": "AQUA_M-T",
        "Pais": "Brasil",
        "Estado": "TOCANTINS",
        "Municipio": "CASEARA",
        "Bioma": "Cerrado",
        "DiaSemChuva": 120,
        "Precipitacao": 0.0,
        "RiscoFogo": 1.0,
        "FRP": 41.6,
        "Latitude": -9.49655,
        "Longitude": -49.99293
      },
      "geometry": {
        "type": "Point",
        "coordinates": [
          -49.99293,
          -9.49655
        ]
      }
    },
    {
      "type": "Feature",
      "properties": {
        "DataHora": "2024/09/15 17:07:00",
        "Satelite": "AQUA_M-T",
        "Pais": "Brasil",
        "Estado": "TOCANTINS",
        "Municipio": "CASEARA",
        "Bioma": "Cerrado",
        "DiaSemChuva": 116,
        "Precipitacao": 0.0,
        "RiscoFogo": 1.0,
        "FRP": 51.9,
        "Latitude": -9.33959,
        "Longitude": -49.91288
      },
      "geometry": {
        "type": "Point",
        "coordinates": [
          -49.91288,
          -9.33959
        ]
      }
    },
    {
      "type": "Feature",
      "properties": {
        "DataHora": "2024/09/16 17:47:00",
        "Satelite": "AQUA_M-T",
        "Pais": "Brasil",
        "Estado": "TOCANTINS",
        "Municipio": "CASEARA",
        "Bioma": "Cerrado",
        "DiaSemChuva": 120,
        "Precipitacao": 0.0,
        "RiscoFogo": 1.0,
        "FRP": 39.7,
        "Latitude": -9.49601,
        "Longitude": -49.99065
      },
      "geometry": {
        "type": "Point",
        "coordinates": [
          -49.99065,
          -9.49601
        ]
      }
    },
    {
      "type": "Feature",
      "properties": {
        "DataHora": "2024/09/18 17:28:00",
        "Satelite": "AQUA_M-T",
        "Pais": "Brasil",
        "Estado": "TOCANTINS",
        "Municipio": "CASEARA",
        "Bioma": "Cerrado",
        "DiaSemChuva": 120,
        "Precipitacao": 0.0,
        "RiscoFogo": 1.0,
        "FRP": 19.7,
        "Latitude": -9.49472,
        "Longitude": -49.99697
      },
      "geometry": {
        "type": "Point",
        "coordinates": [
          -49.99697,
          -9.49472
        ]
      }
    },
    {
      "type": "Feature",
      "properties": {
        "DataHora": "2024/09/23 17:34:00",
        "Satelite": "AQUA_M-T",
        "Pais": "Brasil",
        "Estado": "TOCANTINS",
        "Municipio": "CASEARA",
        "Bioma": "Cerrado",
        "DiaSemChuva": 40,
        "Precipitacao": 0.0,
        "RiscoFogo": 1.0,
        "FRP": 25.9,
        "Latitude": -9.11907,
        "Longitude": -49.81411
      },
      "geometry": {
        "type": "Point",
        "coordinates": [
          -49.81411,
          -9.11907
        ]
      }
    },
    {
      "type": "Feature",
      "properties": {
        "DataHora": "2024/10/03 17:43:00",
        "Satelite": "AQUA_M-T",
        "Pais": "Brasil",
        "Estado": "TOCANTINS",
        "Municipio": "CASEARA",
        "Bioma": "Cerrado",
        "DiaSemChuva": 3,
        "Precipitacao": 0.0,
        "RiscoFogo": 1.0,
        "FRP": 27.7,
        "Latitude": -9.39982,
        "Longitude": -49.94275
      },
      "geometry": {
        "type": "Point",
        "coordinates": [
          -49.94275,
          -9.39982
        ]
      }
    },
    {
      "type": "Feature",
      "properties": {
        "DataHora": "2024/10/13 17:52:00",
        "Satelite": "AQUA_M-T",
        "Pais": "Brasil",
        "Estado": "TOCANTINS",
        "Municipio": "CASEARA",
        "Bioma": "Cerrado",
        "DiaSemChuva": 0,
        "Precipitacao": 0.74,
        "RiscoFogo": 0.32,
        "FRP": 10.7,
        "Latitude": -9.54215,
        "Longitude": -49.95231
      },
      "geometry": {
        "type": "Point",
        "coordinates": [
          -49.95231,
          -9.54215
        ]
      }
    },
    {
      "type": "Feature",
      "properties": {
        "DataHora": "2024/12/06 17:41:00",
        "Satelite": "AQUA_M-T",
        "Pais": "Brasil",
        "Estado": "TOCANTINS",
        "Municipio": "CASEARA",
        "Bioma": "Cerrado",
        "DiaSemChuva": 0,
        "Precipitacao": 0.0,
        "RiscoFogo": 0.1,
        "FRP": 9.3,
        "Latitude": -9.67527,
        "Longitude": -49.92622
      },
      "geometry": {
        "type": "Point",
        "coordinates": [
          -49.92622,
          -9.67527
        ]
      }
    }
  ]
}